Quellseite;Zielseite;Anchor-Text;Link-Typ;Position/Kontext;Themencluster;Bewertung;Optimierungsvorschlag;Lokale Ziel-URL;nofollow
https://powertech-performance.com/adblue-service;https://powertech-performance.com/;Powertech Performance Logo;Bestand: Seitenlink;Header;AdBlue / SCR / DPF;technisch lokal auflösbar;;https://powertech-performance.com/;nein
https://powertech-performance.com/adblue-service;https://powertech-performance.com/adblue-service#leistungen;Leistungen;Bestand: Sprunglink;Navigation;AdBlue / SCR / DPF;technisch lokal auflösbar;;https://powertech-performance.com/adblue-service;nein
https://powertech-performance.com/adblue-service;https://powertech-performance.com/adblue-service#ablauf;Ablauf;Bestand: Sprunglink;Navigation;AdBlue / SCR / DPF;technisch lokal auflösbar;;https://powertech-performance.com/adblue-service;nein
https://powertech-performance.com/adblue-service;https://powertech-performance.com/adblue-service#fahrzeuge;Fahrzeuge;Bestand: Sprunglink;Navigation;AdBlue / SCR / DPF;technisch lokal auflösbar;;https://powertech-performance.com/adblue-service;nein
https://powertech-performance.com/adblue-service;https://powertech-performance.com/adblue-service#faq;FAQ;Bestand: Sprunglink;Navigation;AdBlue / SCR / DPF;technisch lokal auflösbar;;https://powertech-performance.com/adblue-service;nein
https://powertech-performance.com/adblue-service;https://powertech-performance.com/adblue-service#adblue-formular;Fahrzeug prüfen lassen;Bestand: Sprunglink;Inhalt;AdBlue / SCR / DPF;technisch lokal auflösbar;;https://powertech-performance.com/adblue-service;nein
https://powertech-performance.com/adblue-service;https://powertech-performance.com/adblue-service#adblue-formular;Fehlerbild übermitteln;Bestand: Sprunglink;Inhalt;AdBlue / SCR / DPF;technisch lokal auflösbar;;https://powertech-performance.com/adblue-service;nein
https://powertech-performance.com/adblue-service;https://powertech-performance.com/adblue-service#adblue-formular;Pkw prüfen lassen;Bestand: Sprunglink;Inhalt;AdBlue / SCR / DPF;technisch lokal auflösbar;;https://powertech-performance.com/adblue-service;nein
https://powertech-performance.com/adblue-service;https://powertech-performance.com/adblue-service#adblue-formular;Transporter anfragen;Bestand: Sprunglink;Inhalt;AdBlue / SCR / DPF;technisch lokal auflösbar;;https://powertech-performance.com/adblue-service;nein
https://powertech-performance.com/adblue-service;https://powertech-performance.com/adblue-service#adblue-formular;Wohnmobil prüfen lassen;Bestand: Sprunglink;Inhalt;AdBlue / SCR / DPF;technisch lokal auflösbar;;https://powertech-performance.com/adblue-service;nein
https://powertech-performance.com/adblue-service;https://powertech-performance.com/adblue-service#adblue-formular;Fahrzeugdaten jetzt senden;Bestand: Sprunglink;Inhalt;AdBlue / SCR / DPF;technisch lokal auflösbar;;https://powertech-performance.com/adblue-service;nein
https://powertech-performance.com/adblue-service;https://powertech-performance.com/adblue-service#adblue-formular;Anfrage senden;Bestand: Sprunglink;Inhalt;AdBlue / SCR / DPF;technisch lokal auflösbar;;https://powertech-performance.com/adblue-service;nein
https://powertech-performance.com/adblue-service;https://powertech-performance.com/pages/impressum.html;Impressum;Bestand: Seitenlink;Navigation;AdBlue / SCR / DPF;technisch lokal auflösbar;;https://powertech-performance.com/pages/impressum.html;nein
https://powertech-performance.com/adblue-service;https://powertech-performance.com/pages/datenschutz.html;Datenschutzerklärung;Bestand: Seitenlink;Navigation;AdBlue / SCR / DPF;technisch lokal auflösbar;;https://powertech-performance.com/pages/datenschutz.html;nein
https://powertech-performance.com/adblue-service;https://powertech-performance.com/pages/kontakt.html;Kontakt;Bestand: Seitenlink;Navigation;AdBlue / SCR / DPF;technisch lokal auflösbar;;https://powertech-performance.com/pages/kontakt.html;nein
https://powertech-performance.com/adblue-service;https://powertech-performance.com/pages/cookie-einstellungen.html;Cookie-Einstellungen;Bestand: Seitenlink;Navigation;AdBlue / SCR / DPF;technisch lokal auflösbar;;https://powertech-performance.com/pages/cookie-einstellungen.html;nein
https://powertech-performance.com/adblue-service;https://powertech-performance.com/pages/impressum.html;Impressum;Bestand: Seitenlink;Inhalt;AdBlue / SCR / DPF;technisch lokal auflösbar;;https://powertech-performance.com/pages/impressum.html;nein
https://powertech-performance.com/ads;https://powertech-performance.com/;Powertech Performance Logo;Bestand: Seitenlink;Header;Autoaufbereitung;technisch lokal auflösbar;;https://powertech-performance.com/;nein
https://powertech-performance.com/ads;https://powertech-performance.com/ads#leistungen;Autoaufbereitung;Bestand: Sprunglink;Navigation;Autoaufbereitung;technisch lokal auflösbar;;https://powertech-performance.com/ads;nein
https://powertech-performance.com/ads;https://powertech-performance.com/ads#ueber-uns;Über uns;Bestand: Sprunglink;Navigation;Autoaufbereitung;technisch lokal auflösbar;;https://powertech-performance.com/ads;nein
https://powertech-performance.com/ads;https://powertech-performance.com/ads#faq;Häufige Fragen;Bestand: Sprunglink;Navigation;Autoaufbereitung;technisch lokal auflösbar;;https://powertech-performance.com/ads;nein
https://powertech-performance.com/ads;https://powertech-performance.com/blog/;Blog;Bestand: Seitenlink;Navigation;Autoaufbereitung;technisch lokal auflösbar;;https://powertech-performance.com/blog/;nein
https://powertech-performance.com/ads;https://powertech-performance.com/pages/kontakt.html;Kontakt;Bestand: Seitenlink;Navigation;Autoaufbereitung;technisch lokal auflösbar;;https://powertech-performance.com/pages/kontakt.html;nein
https://powertech-performance.com/ads;https://powertech-performance.com/ads#kontakt;👉 Jetzt Termin für Ihre Autoaufbereitung anfragen!;Bestand: Sprunglink;Inhalt;Autoaufbereitung;technisch lokal auflösbar;;https://powertech-performance.com/ads;nein
https://powertech-performance.com/ads;https://powertech-performance.com/ads#kontakt;👉 Sofort Angebot einholen;Bestand: Sprunglink;Inhalt;Autoaufbereitung;technisch lokal auflösbar;;https://powertech-performance.com/ads;nein
https://powertech-performance.com/ads;https://powertech-performance.com/pages/impressum.html;Impressum;Bestand: Seitenlink;Navigation;Autoaufbereitung;technisch lokal auflösbar;;https://powertech-performance.com/pages/impressum.html;nein
https://powertech-performance.com/ads;https://powertech-performance.com/pages/datenschutz.html;Datenschutzerklärung;Bestand: Seitenlink;Navigation;Autoaufbereitung;technisch lokal auflösbar;;https://powertech-performance.com/pages/datenschutz.html;nein
https://powertech-performance.com/ads;https://powertech-performance.com/pages/cookie-einstellungen.html;Cookie-Einstellungen;Bestand: Seitenlink;Navigation;Autoaufbereitung;technisch lokal auflösbar;;https://powertech-performance.com/pages/cookie-einstellungen.html;nein
https://powertech-performance.com/ads;https://powertech-performance.com/pages/seitenuebersicht.html;Seitenübersicht;Bestand: Seitenlink;Navigation;Autoaufbereitung;technisch lokal auflösbar;;https://powertech-performance.com/pages/seitenuebersicht.html;nein
https://powertech-performance.com/ads;https://powertech-performance.com/pages/impressum.html;Impressum;Bestand: Seitenlink;Inhalt;Autoaufbereitung;technisch lokal auflösbar;;https://powertech-performance.com/pages/impressum.html;nein
https://powertech-performance.com/anfrage-danke;https://powertech-performance.com/;Powertech Performance Logo;Bestand: Seitenlink;Header;Kontakt / Service / Recht;technisch lokal auflösbar;;https://powertech-performance.com/;nein
https://powertech-performance.com/anfrage-danke;https://powertech-performance.com/#leistungen;Autoaufbereitung;Bestand: Sprunglink;Navigation;Kontakt / Service / Recht;technisch lokal auflösbar;;https://powertech-performance.com/;nein
https://powertech-performance.com/anfrage-danke;https://powertech-performance.com/#ueber-uns;Über uns;Bestand: Sprunglink;Navigation;Kontakt / Service / Recht;Sprungziel fehlt;"Passende existierende Abschnitts-ID verwenden; keine Inhaltsbehauptung aus dem alten Anchor übernehmen";https://powertech-performance.com/;nein
https://powertech-performance.com/anfrage-danke;https://powertech-performance.com/blog/;Blog;Bestand: Seitenlink;Navigation;Kontakt / Service / Recht;technisch lokal auflösbar;;https://powertech-performance.com/blog/;nein
https://powertech-performance.com/anfrage-danke;https://powertech-performance.com/pages/kontakt.html;Kontakt;Bestand: Seitenlink;Navigation;Kontakt / Service / Recht;technisch lokal auflösbar;;https://powertech-performance.com/pages/kontakt.html;nein
https://powertech-performance.com/anfrage-danke;https://powertech-performance.com/;Zurück zur Startseite;Bestand: Seitenlink;Inhalt;Kontakt / Service / Recht;technisch lokal auflösbar;;https://powertech-performance.com/;nein
https://powertech-performance.com/anfrage-danke;https://powertech-performance.com/pages/kontakt.html;Zur Kontaktseite;Bestand: Seitenlink;Inhalt;Kontakt / Service / Recht;technisch lokal auflösbar;;https://powertech-performance.com/pages/kontakt.html;nein
https://powertech-performance.com/anfrage-danke;https://powertech-performance.com/pages/impressum.html;Impressum;Bestand: Seitenlink;Navigation;Kontakt / Service / Recht;technisch lokal auflösbar;;https://powertech-performance.com/pages/impressum.html;nein
https://powertech-performance.com/anfrage-danke;https://powertech-performance.com/pages/datenschutz.html;Datenschutzerklärung;Bestand: Seitenlink;Navigation;Kontakt / Service / Recht;technisch lokal auflösbar;;https://powertech-performance.com/pages/datenschutz.html;nein
https://powertech-performance.com/anfrage-danke;https://powertech-performance.com/pages/cookie-einstellungen.html;Cookie-Einstellungen;Bestand: Seitenlink;Navigation;Kontakt / Service / Recht;technisch lokal auflösbar;;https://powertech-performance.com/pages/cookie-einstellungen.html;nein
https://powertech-performance.com/anfrage-danke;https://powertech-performance.com/pages/seitenuebersicht.html;Seitenübersicht;Bestand: Seitenlink;Navigation;Kontakt / Service / Recht;technisch lokal auflösbar;;https://powertech-performance.com/pages/seitenuebersicht.html;nein
https://powertech-performance.com/anfrage-danke;https://powertech-performance.com/pages/impressum.html;Impressum;Bestand: Seitenlink;Inhalt;Kontakt / Service / Recht;technisch lokal auflösbar;;https://powertech-performance.com/pages/impressum.html;nein
https://powertech-performance.com/blog/1-step-2-step-oder-lackkorrektur-lackaufbereitung-im-vergleich/;https://powertech-performance.com/;Powertech Performance Logo;Bestand: Seitenlink;Header;Lackaufbereitung;technisch lokal auflösbar;;https://powertech-performance.com/;nein
https://powertech-performance.com/blog/1-step-2-step-oder-lackkorrektur-lackaufbereitung-im-vergleich/;https://powertech-performance.com/#leistungen;Autoaufbereitung;Bestand: Sprunglink;Navigation;Lackaufbereitung;technisch lokal auflösbar;;https://powertech-performance.com/;nein
https://powertech-performance.com/blog/1-step-2-step-oder-lackkorrektur-lackaufbereitung-im-vergleich/;https://powertech-performance.com/#ueber-uns;Über uns;Bestand: Sprunglink;Navigation;Lackaufbereitung;Sprungziel fehlt;"Passende existierende Abschnitts-ID verwenden; keine Inhaltsbehauptung aus dem alten Anchor übernehmen";https://powertech-performance.com/;nein
https://powertech-performance.com/blog/1-step-2-step-oder-lackkorrektur-lackaufbereitung-im-vergleich/;https://powertech-performance.com/blog/;Blog;Bestand: Seitenlink;Navigation;Lackaufbereitung;technisch lokal auflösbar;;https://powertech-performance.com/blog/;nein
https://powertech-performance.com/blog/1-step-2-step-oder-lackkorrektur-lackaufbereitung-im-vergleich/;https://powertech-performance.com/pages/kontakt.html;Kontakt;Bestand: Seitenlink;Navigation;Lackaufbereitung;technisch lokal auflösbar;;https://powertech-performance.com/pages/kontakt.html;nein
https://powertech-performance.com/blog/1-step-2-step-oder-lackkorrektur-lackaufbereitung-im-vergleich/;https://powertech-performance.com/pages/kontakt.html;Jetzt anfragen;Bestand: Seitenlink;Inhalt;Lackaufbereitung;Generischer Anchor;"Im redaktionellen Text Zielthema nennen; generische Formular-CTAs dürfen bleiben";https://powertech-performance.com/pages/kontakt.html;nein
https://powertech-performance.com/blog/1-step-2-step-oder-lackkorrektur-lackaufbereitung-im-vergleich/;https://powertech-performance.com/blog/;Blog;Bestand: Seitenlink;Breadcrumb;Lackaufbereitung;technisch lokal auflösbar;;https://powertech-performance.com/blog/;nein
https://powertech-performance.com/blog/1-step-2-step-oder-lackkorrektur-lackaufbereitung-im-vergleich/;https://powertech-performance.com/pages/kontakt.html;Jetzt unverbindlich anfragen;Bestand: Seitenlink;Inhalt;Lackaufbereitung;Generischer Anchor;"Im redaktionellen Text Zielthema nennen; generische Formular-CTAs dürfen bleiben";https://powertech-performance.com/pages/kontakt.html;nein
https://powertech-performance.com/blog/1-step-2-step-oder-lackkorrektur-lackaufbereitung-im-vergleich/;https://powertech-performance.com/#leistungen;Alle Leistungen ansehen;Bestand: Sprunglink;Sidebar;Lackaufbereitung;technisch lokal auflösbar;;https://powertech-performance.com/;nein
https://powertech-performance.com/blog/1-step-2-step-oder-lackkorrektur-lackaufbereitung-im-vergleich/;https://powertech-performance.com/pages/kontakt.html;Zur Kontaktseite;Bestand: Seitenlink;Sidebar;Lackaufbereitung;technisch lokal auflösbar;;https://powertech-performance.com/pages/kontakt.html;nein
https://powertech-performance.com/blog/1-step-2-step-oder-lackkorrektur-lackaufbereitung-im-vergleich/;https://powertech-performance.com/pages/impressum.html;Impressum;Bestand: Seitenlink;Navigation;Lackaufbereitung;technisch lokal auflösbar;;https://powertech-performance.com/pages/impressum.html;nein
https://powertech-performance.com/blog/1-step-2-step-oder-lackkorrektur-lackaufbereitung-im-vergleich/;https://powertech-performance.com/pages/datenschutz.html;Datenschutzerklärung;Bestand: Seitenlink;Navigation;Lackaufbereitung;technisch lokal auflösbar;;https://powertech-performance.com/pages/datenschutz.html;nein
https://powertech-performance.com/blog/1-step-2-step-oder-lackkorrektur-lackaufbereitung-im-vergleich/;https://powertech-performance.com/pages/cookie-einstellungen.html;Cookie-Einstellungen;Bestand: Seitenlink;Navigation;Lackaufbereitung;technisch lokal auflösbar;;https://powertech-performance.com/pages/cookie-einstellungen.html;nein
https://powertech-performance.com/blog/1-step-2-step-oder-lackkorrektur-lackaufbereitung-im-vergleich/;https://powertech-performance.com/pages/seitenuebersicht.html;Seitenübersicht;Bestand: Seitenlink;Navigation;Lackaufbereitung;technisch lokal auflösbar;;https://powertech-performance.com/pages/seitenuebersicht.html;nein
https://powertech-performance.com/blog/1-step-2-step-oder-lackkorrektur-lackaufbereitung-im-vergleich/;https://powertech-performance.com/pages/impressum.html;Impressum;Bestand: Seitenlink;Inhalt;Lackaufbereitung;technisch lokal auflösbar;;https://powertech-performance.com/pages/impressum.html;nein
https://powertech-performance.com/blog/1-step-politur-erklaert/;https://powertech-performance.com/;Powertech Performance Logo;Bestand: Seitenlink;Header;Lackaufbereitung;technisch lokal auflösbar;;https://powertech-performance.com/;nein
https://powertech-performance.com/blog/1-step-politur-erklaert/;https://powertech-performance.com/#leistungen;Autoaufbereitung;Bestand: Sprunglink;Navigation;Lackaufbereitung;technisch lokal auflösbar;;https://powertech-performance.com/;nein
https://powertech-performance.com/blog/1-step-politur-erklaert/;https://powertech-performance.com/#ueber-uns;Über uns;Bestand: Sprunglink;Navigation;Lackaufbereitung;Sprungziel fehlt;"Passende existierende Abschnitts-ID verwenden; keine Inhaltsbehauptung aus dem alten Anchor übernehmen";https://powertech-performance.com/;nein
https://powertech-performance.com/blog/1-step-politur-erklaert/;https://powertech-performance.com/blog/;Blog;Bestand: Seitenlink;Navigation;Lackaufbereitung;technisch lokal auflösbar;;https://powertech-performance.com/blog/;nein
https://powertech-performance.com/blog/1-step-politur-erklaert/;https://powertech-performance.com/pages/kontakt.html;Kontakt;Bestand: Seitenlink;Navigation;Lackaufbereitung;technisch lokal auflösbar;;https://powertech-performance.com/pages/kontakt.html;nein
https://powertech-performance.com/blog/1-step-politur-erklaert/;https://powertech-performance.com/pages/kontakt.html;Jetzt anfragen;Bestand: Seitenlink;Inhalt;Lackaufbereitung;Generischer Anchor;"Im redaktionellen Text Zielthema nennen; generische Formular-CTAs dürfen bleiben";https://powertech-performance.com/pages/kontakt.html;nein
https://powertech-performance.com/blog/1-step-politur-erklaert/;https://powertech-performance.com/blog/;Blog;Bestand: Seitenlink;Breadcrumb;Lackaufbereitung;technisch lokal auflösbar;;https://powertech-performance.com/blog/;nein
https://powertech-performance.com/blog/1-step-politur-erklaert/;https://powertech-performance.com/#leistungen;Alle Leistungen ansehen;Bestand: Sprunglink;Sidebar;Lackaufbereitung;technisch lokal auflösbar;;https://powertech-performance.com/;nein
https://powertech-performance.com/blog/1-step-politur-erklaert/;https://powertech-performance.com/pages/kontakt.html;Zur Kontaktseite;Bestand: Seitenlink;Sidebar;Lackaufbereitung;technisch lokal auflösbar;;https://powertech-performance.com/pages/kontakt.html;nein
https://powertech-performance.com/blog/1-step-politur-erklaert/;https://powertech-performance.com/pages/impressum.html;Impressum;Bestand: Seitenlink;Navigation;Lackaufbereitung;technisch lokal auflösbar;;https://powertech-performance.com/pages/impressum.html;nein
https://powertech-performance.com/blog/1-step-politur-erklaert/;https://powertech-performance.com/pages/datenschutz.html;Datenschutzerklärung;Bestand: Seitenlink;Navigation;Lackaufbereitung;technisch lokal auflösbar;;https://powertech-performance.com/pages/datenschutz.html;nein
https://powertech-performance.com/blog/1-step-politur-erklaert/;https://powertech-performance.com/pages/cookie-einstellungen.html;Cookie-Einstellungen;Bestand: Seitenlink;Navigation;Lackaufbereitung;technisch lokal auflösbar;;https://powertech-performance.com/pages/cookie-einstellungen.html;nein
https://powertech-performance.com/blog/1-step-politur-erklaert/;https://powertech-performance.com/pages/seitenuebersicht.html;Seitenübersicht;Bestand: Seitenlink;Navigation;Lackaufbereitung;technisch lokal auflösbar;;https://powertech-performance.com/pages/seitenuebersicht.html;nein
https://powertech-performance.com/blog/1-step-politur-erklaert/;https://powertech-performance.com/pages/impressum.html;Impressum;Bestand: Seitenlink;Inhalt;Lackaufbereitung;technisch lokal auflösbar;;https://powertech-performance.com/pages/impressum.html;nein
https://powertech-performance.com/blog/adblue-deaktivieren-vor-nachteile-wahrheit/;https://powertech-performance.com/;Powertech Performance Logo;Bestand: Seitenlink;Header;AdBlue / SCR / DPF;technisch lokal auflösbar;;https://powertech-performance.com/;nein
https://powertech-performance.com/blog/adblue-deaktivieren-vor-nachteile-wahrheit/;https://powertech-performance.com/#leistungen;Autoaufbereitung;Bestand: Sprunglink;Navigation;AdBlue / SCR / DPF;technisch lokal auflösbar;;https://powertech-performance.com/;nein
https://powertech-performance.com/blog/adblue-deaktivieren-vor-nachteile-wahrheit/;https://powertech-performance.com/#ueber-uns;Über uns;Bestand: Sprunglink;Navigation;AdBlue / SCR / DPF;Sprungziel fehlt;"Passende existierende Abschnitts-ID verwenden; keine Inhaltsbehauptung aus dem alten Anchor übernehmen";https://powertech-performance.com/;nein
https://powertech-performance.com/blog/adblue-deaktivieren-vor-nachteile-wahrheit/;https://powertech-performance.com/blog/;Blog;Bestand: Seitenlink;Navigation;AdBlue / SCR / DPF;technisch lokal auflösbar;;https://powertech-performance.com/blog/;nein
https://powertech-performance.com/blog/adblue-deaktivieren-vor-nachteile-wahrheit/;https://powertech-performance.com/pages/kontakt.html;Kontakt;Bestand: Seitenlink;Navigation;AdBlue / SCR / DPF;technisch lokal auflösbar;;https://powertech-performance.com/pages/kontakt.html;nein
https://powertech-performance.com/blog/adblue-deaktivieren-vor-nachteile-wahrheit/;https://powertech-performance.com/pages/kontakt.html;Jetzt anfragen;Bestand: Seitenlink;Inhalt;AdBlue / SCR / DPF;Generischer Anchor;"Im redaktionellen Text Zielthema nennen; generische Formular-CTAs dürfen bleiben";https://powertech-performance.com/pages/kontakt.html;nein
https://powertech-performance.com/blog/adblue-deaktivieren-vor-nachteile-wahrheit/;https://powertech-performance.com/blog/;Blog;Bestand: Seitenlink;Breadcrumb;AdBlue / SCR / DPF;technisch lokal auflösbar;;https://powertech-performance.com/blog/;nein
https://powertech-performance.com/blog/adblue-deaktivieren-vor-nachteile-wahrheit/;https://powertech-performance.com/pages/kontakt.html;AdBlue deaktivieren;Bestand: Seitenlink;Inhalt;AdBlue / SCR / DPF;technisch lokal auflösbar;;https://powertech-performance.com/pages/kontakt.html;nein
https://powertech-performance.com/blog/adblue-deaktivieren-vor-nachteile-wahrheit/;https://powertech-performance.com/pages/kontakt.html;professionelle AdBlue Deaktivierung;Bestand: Seitenlink;Inhalt;AdBlue / SCR / DPF;technisch lokal auflösbar;;https://powertech-performance.com/pages/kontakt.html;nein
https://powertech-performance.com/blog/adblue-deaktivieren-vor-nachteile-wahrheit/;https://powertech-performance.com/pages/kontakt.html;Hier klicken und Angebot anfordern!;Bestand: Seitenlink;Inhalt;AdBlue / SCR / DPF;technisch lokal auflösbar;;https://powertech-performance.com/pages/kontakt.html;nein
https://powertech-performance.com/blog/adblue-deaktivieren-vor-nachteile-wahrheit/;https://powertech-performance.com/pages/kontakt.html;Sprich jetzt mit unseren Experten!;Bestand: Seitenlink;Inhalt;AdBlue / SCR / DPF;technisch lokal auflösbar;;https://powertech-performance.com/pages/kontakt.html;nein
https://powertech-performance.com/blog/adblue-deaktivieren-vor-nachteile-wahrheit/;https://powertech-performance.com/pages/kontakt.html;>> JETZT TERMIN VEREINBAREN <<;Bestand: Seitenlink;Inhalt;AdBlue / SCR / DPF;technisch lokal auflösbar;;https://powertech-performance.com/pages/kontakt.html;nein
https://powertech-performance.com/blog/adblue-deaktivieren-vor-nachteile-wahrheit/;https://www.powertech-performance.com/;Frage hier für dein Modell an!;Bestand: Seitenlink;Inhalt;AdBlue / SCR / DPF;technisch lokal auflösbar;;https://powertech-performance.com/;nein
https://powertech-performance.com/blog/adblue-deaktivieren-vor-nachteile-wahrheit/;https://powertech-performance.com/pages/kontakt.html;HIER KLICKEN: AdBlue jetzt deaktivieren lassen!;Bestand: Seitenlink;Inhalt;AdBlue / SCR / DPF;technisch lokal auflösbar;;https://powertech-performance.com/pages/kontakt.html;nein
https://powertech-performance.com/blog/adblue-deaktivieren-vor-nachteile-wahrheit/;https://powertech-performance.com/pages/kontakt.html;www.powertech-performance.com;Bestand: Seitenlink;Inhalt;AdBlue / SCR / DPF;Generischer Anchor;"Im redaktionellen Text Zielthema nennen; generische Formular-CTAs dürfen bleiben";https://powertech-performance.com/pages/kontakt.html;nein
https://powertech-performance.com/blog/adblue-deaktivieren-vor-nachteile-wahrheit/;https://powertech-performance.com/#leistungen;Alle Leistungen ansehen;Bestand: Sprunglink;Sidebar;AdBlue / SCR / DPF;technisch lokal auflösbar;;https://powertech-performance.com/;nein
https://powertech-performance.com/blog/adblue-deaktivieren-vor-nachteile-wahrheit/;https://powertech-performance.com/pages/kontakt.html;Zur Kontaktseite;Bestand: Seitenlink;Sidebar;AdBlue / SCR / DPF;technisch lokal auflösbar;;https://powertech-performance.com/pages/kontakt.html;nein
https://powertech-performance.com/blog/adblue-deaktivieren-vor-nachteile-wahrheit/;https://powertech-performance.com/pages/impressum.html;Impressum;Bestand: Seitenlink;Navigation;AdBlue / SCR / DPF;technisch lokal auflösbar;;https://powertech-performance.com/pages/impressum.html;nein
https://powertech-performance.com/blog/adblue-deaktivieren-vor-nachteile-wahrheit/;https://powertech-performance.com/pages/datenschutz.html;Datenschutzerklärung;Bestand: Seitenlink;Navigation;AdBlue / SCR / DPF;technisch lokal auflösbar;;https://powertech-performance.com/pages/datenschutz.html;nein
https://powertech-performance.com/blog/adblue-deaktivieren-vor-nachteile-wahrheit/;https://powertech-performance.com/pages/cookie-einstellungen.html;Cookie-Einstellungen;Bestand: Seitenlink;Navigation;AdBlue / SCR / DPF;technisch lokal auflösbar;;https://powertech-performance.com/pages/cookie-einstellungen.html;nein
https://powertech-performance.com/blog/adblue-deaktivieren-vor-nachteile-wahrheit/;https://powertech-performance.com/pages/seitenuebersicht.html;Seitenübersicht;Bestand: Seitenlink;Navigation;AdBlue / SCR / DPF;technisch lokal auflösbar;;https://powertech-performance.com/pages/seitenuebersicht.html;nein
https://powertech-performance.com/blog/adblue-deaktivieren-vor-nachteile-wahrheit/;https://powertech-performance.com/pages/impressum.html;Impressum;Bestand: Seitenlink;Inhalt;AdBlue / SCR / DPF;technisch lokal auflösbar;;https://powertech-performance.com/pages/impressum.html;nein
https://powertech-performance.com/blog/adblue-deaktivierung/;https://powertech-performance.com/;Powertech Performance Logo;Bestand: Seitenlink;Header;AdBlue / SCR / DPF;technisch lokal auflösbar;;https://powertech-performance.com/;nein
https://powertech-performance.com/blog/adblue-deaktivierung/;https://powertech-performance.com/#leistungen;Autoaufbereitung;Bestand: Sprunglink;Navigation;AdBlue / SCR / DPF;technisch lokal auflösbar;;https://powertech-performance.com/;nein
https://powertech-performance.com/blog/adblue-deaktivierung/;https://powertech-performance.com/#ueber-uns;Über uns;Bestand: Sprunglink;Navigation;AdBlue / SCR / DPF;Sprungziel fehlt;"Passende existierende Abschnitts-ID verwenden; keine Inhaltsbehauptung aus dem alten Anchor übernehmen";https://powertech-performance.com/;nein
https://powertech-performance.com/blog/adblue-deaktivierung/;https://powertech-performance.com/blog/;Blog;Bestand: Seitenlink;Navigation;AdBlue / SCR / DPF;technisch lokal auflösbar;;https://powertech-performance.com/blog/;nein
https://powertech-performance.com/blog/adblue-deaktivierung/;https://powertech-performance.com/pages/kontakt.html;Kontakt;Bestand: Seitenlink;Navigation;AdBlue / SCR / DPF;technisch lokal auflösbar;;https://powertech-performance.com/pages/kontakt.html;nein
https://powertech-performance.com/blog/adblue-deaktivierung/;https://powertech-performance.com/pages/kontakt.html;Jetzt anfragen;Bestand: Seitenlink;Inhalt;AdBlue / SCR / DPF;Generischer Anchor;"Im redaktionellen Text Zielthema nennen; generische Formular-CTAs dürfen bleiben";https://powertech-performance.com/pages/kontakt.html;nein
https://powertech-performance.com/blog/adblue-deaktivierung/;https://powertech-performance.com/blog/;Blog;Bestand: Seitenlink;Breadcrumb;AdBlue / SCR / DPF;technisch lokal auflösbar;;https://powertech-performance.com/blog/;nein
https://powertech-performance.com/blog/adblue-deaktivierung/;https://powertech-performance.com/pages/kontakt.html;Eine AdBlue Deaktivierung;Bestand: Seitenlink;Inhalt;AdBlue / SCR / DPF;technisch lokal auflösbar;;https://powertech-performance.com/pages/kontakt.html;nein
https://powertech-performance.com/blog/adblue-deaktivierung/;https://powertech-performance.com/pages/kontakt.html;+49 173 7373574;Bestand: Seitenlink;Inhalt;AdBlue / SCR / DPF;technisch lokal auflösbar;;https://powertech-performance.com/pages/kontakt.html;nein
https://powertech-performance.com/blog/adblue-deaktivierung/;https://powertech-performance.com/pages/kontakt.html;www.powertech-performance.com;Bestand: Seitenlink;Inhalt;AdBlue / SCR / DPF;Generischer Anchor;"Im redaktionellen Text Zielthema nennen; generische Formular-CTAs dürfen bleiben";https://powertech-performance.com/pages/kontakt.html;nein
https://powertech-performance.com/blog/adblue-deaktivierung/;https://powertech-performance.com/#leistungen;Alle Leistungen ansehen;Bestand: Sprunglink;Sidebar;AdBlue / SCR / DPF;technisch lokal auflösbar;;https://powertech-performance.com/;nein
https://powertech-performance.com/blog/adblue-deaktivierung/;https://powertech-performance.com/pages/kontakt.html;Zur Kontaktseite;Bestand: Seitenlink;Sidebar;AdBlue / SCR / DPF;technisch lokal auflösbar;;https://powertech-performance.com/pages/kontakt.html;nein
https://powertech-performance.com/blog/adblue-deaktivierung/;https://powertech-performance.com/pages/impressum.html;Impressum;Bestand: Seitenlink;Navigation;AdBlue / SCR / DPF;technisch lokal auflösbar;;https://powertech-performance.com/pages/impressum.html;nein
https://powertech-performance.com/blog/adblue-deaktivierung/;https://powertech-performance.com/pages/datenschutz.html;Datenschutzerklärung;Bestand: Seitenlink;Navigation;AdBlue / SCR / DPF;technisch lokal auflösbar;;https://powertech-performance.com/pages/datenschutz.html;nein
https://powertech-performance.com/blog/adblue-deaktivierung/;https://powertech-performance.com/pages/cookie-einstellungen.html;Cookie-Einstellungen;Bestand: Seitenlink;Navigation;AdBlue / SCR / DPF;technisch lokal auflösbar;;https://powertech-performance.com/pages/cookie-einstellungen.html;nein
https://powertech-performance.com/blog/adblue-deaktivierung/;https://powertech-performance.com/pages/seitenuebersicht.html;Seitenübersicht;Bestand: Seitenlink;Navigation;AdBlue / SCR / DPF;technisch lokal auflösbar;;https://powertech-performance.com/pages/seitenuebersicht.html;nein
https://powertech-performance.com/blog/adblue-deaktivierung/;https://powertech-performance.com/pages/impressum.html;Impressum;Bestand: Seitenlink;Inhalt;AdBlue / SCR / DPF;technisch lokal auflösbar;;https://powertech-performance.com/pages/impressum.html;nein
https://powertech-performance.com/blog/audi-r8-aufbereitung-erfurt-keramikversiegelung/;https://powertech-performance.com/;Powertech Performance Logo;Bestand: Seitenlink;Header;Spezialfahrzeuge;technisch lokal auflösbar;;https://powertech-performance.com/;nein
https://powertech-performance.com/blog/audi-r8-aufbereitung-erfurt-keramikversiegelung/;https://powertech-performance.com/#leistungen;Autoaufbereitung;Bestand: Sprunglink;Navigation;Spezialfahrzeuge;technisch lokal auflösbar;;https://powertech-performance.com/;nein
https://powertech-performance.com/blog/audi-r8-aufbereitung-erfurt-keramikversiegelung/;https://powertech-performance.com/#ueber-uns;Über uns;Bestand: Sprunglink;Navigation;Spezialfahrzeuge;Sprungziel fehlt;"Passende existierende Abschnitts-ID verwenden; keine Inhaltsbehauptung aus dem alten Anchor übernehmen";https://powertech-performance.com/;nein
https://powertech-performance.com/blog/audi-r8-aufbereitung-erfurt-keramikversiegelung/;https://powertech-performance.com/blog/;Blog;Bestand: Seitenlink;Navigation;Spezialfahrzeuge;technisch lokal auflösbar;;https://powertech-performance.com/blog/;nein
https://powertech-performance.com/blog/audi-r8-aufbereitung-erfurt-keramikversiegelung/;https://powertech-performance.com/pages/kontakt.html;Kontakt;Bestand: Seitenlink;Navigation;Spezialfahrzeuge;technisch lokal auflösbar;;https://powertech-performance.com/pages/kontakt.html;nein
https://powertech-performance.com/blog/audi-r8-aufbereitung-erfurt-keramikversiegelung/;https://powertech-performance.com/pages/kontakt.html;Jetzt anfragen;Bestand: Seitenlink;Inhalt;Spezialfahrzeuge;Generischer Anchor;"Im redaktionellen Text Zielthema nennen; generische Formular-CTAs dürfen bleiben";https://powertech-performance.com/pages/kontakt.html;nein
https://powertech-performance.com/blog/audi-r8-aufbereitung-erfurt-keramikversiegelung/;https://powertech-performance.com/blog/;Blog;Bestand: Seitenlink;Breadcrumb;Spezialfahrzeuge;technisch lokal auflösbar;;https://powertech-performance.com/blog/;nein
https://powertech-performance.com/blog/audi-r8-aufbereitung-erfurt-keramikversiegelung/;https://powertech-performance.com/#leistungen;Alle Leistungen ansehen;Bestand: Sprunglink;Sidebar;Spezialfahrzeuge;technisch lokal auflösbar;;https://powertech-performance.com/;nein
https://powertech-performance.com/blog/audi-r8-aufbereitung-erfurt-keramikversiegelung/;https://powertech-performance.com/pages/kontakt.html;Zur Kontaktseite;Bestand: Seitenlink;Sidebar;Spezialfahrzeuge;technisch lokal auflösbar;;https://powertech-performance.com/pages/kontakt.html;nein
https://powertech-performance.com/blog/audi-r8-aufbereitung-erfurt-keramikversiegelung/;https://powertech-performance.com/pages/impressum.html;Impressum;Bestand: Seitenlink;Navigation;Spezialfahrzeuge;technisch lokal auflösbar;;https://powertech-performance.com/pages/impressum.html;nein
https://powertech-performance.com/blog/audi-r8-aufbereitung-erfurt-keramikversiegelung/;https://powertech-performance.com/pages/datenschutz.html;Datenschutzerklärung;Bestand: Seitenlink;Navigation;Spezialfahrzeuge;technisch lokal auflösbar;;https://powertech-performance.com/pages/datenschutz.html;nein
https://powertech-performance.com/blog/audi-r8-aufbereitung-erfurt-keramikversiegelung/;https://powertech-performance.com/pages/cookie-einstellungen.html;Cookie-Einstellungen;Bestand: Seitenlink;Navigation;Spezialfahrzeuge;technisch lokal auflösbar;;https://powertech-performance.com/pages/cookie-einstellungen.html;nein
https://powertech-performance.com/blog/audi-r8-aufbereitung-erfurt-keramikversiegelung/;https://powertech-performance.com/pages/seitenuebersicht.html;Seitenübersicht;Bestand: Seitenlink;Navigation;Spezialfahrzeuge;technisch lokal auflösbar;;https://powertech-performance.com/pages/seitenuebersicht.html;nein
https://powertech-performance.com/blog/audi-r8-aufbereitung-erfurt-keramikversiegelung/;https://powertech-performance.com/pages/impressum.html;Impressum;Bestand: Seitenlink;Inhalt;Spezialfahrzeuge;technisch lokal auflösbar;;https://powertech-performance.com/pages/impressum.html;nein
https://powertech-performance.com/blog/aufbereiter-vs-detailer-unterschied/;https://powertech-performance.com/;Powertech Performance Logo;Bestand: Seitenlink;Header;Autoaufbereitung;technisch lokal auflösbar;;https://powertech-performance.com/;nein
https://powertech-performance.com/blog/aufbereiter-vs-detailer-unterschied/;https://powertech-performance.com/#leistungen;Autoaufbereitung;Bestand: Sprunglink;Navigation;Autoaufbereitung;technisch lokal auflösbar;;https://powertech-performance.com/;nein
https://powertech-performance.com/blog/aufbereiter-vs-detailer-unterschied/;https://powertech-performance.com/#ueber-uns;Über uns;Bestand: Sprunglink;Navigation;Autoaufbereitung;Sprungziel fehlt;"Passende existierende Abschnitts-ID verwenden; keine Inhaltsbehauptung aus dem alten Anchor übernehmen";https://powertech-performance.com/;nein
https://powertech-performance.com/blog/aufbereiter-vs-detailer-unterschied/;https://powertech-performance.com/blog/;Blog;Bestand: Seitenlink;Navigation;Autoaufbereitung;technisch lokal auflösbar;;https://powertech-performance.com/blog/;nein
https://powertech-performance.com/blog/aufbereiter-vs-detailer-unterschied/;https://powertech-performance.com/pages/kontakt.html;Kontakt;Bestand: Seitenlink;Navigation;Autoaufbereitung;technisch lokal auflösbar;;https://powertech-performance.com/pages/kontakt.html;nein
https://powertech-performance.com/blog/aufbereiter-vs-detailer-unterschied/;https://powertech-performance.com/pages/kontakt.html;Jetzt anfragen;Bestand: Seitenlink;Inhalt;Autoaufbereitung;Generischer Anchor;"Im redaktionellen Text Zielthema nennen; generische Formular-CTAs dürfen bleiben";https://powertech-performance.com/pages/kontakt.html;nein
https://powertech-performance.com/blog/aufbereiter-vs-detailer-unterschied/;https://powertech-performance.com/blog/;Blog;Bestand: Seitenlink;Breadcrumb;Autoaufbereitung;technisch lokal auflösbar;;https://powertech-performance.com/blog/;nein
https://powertech-performance.com/blog/aufbereiter-vs-detailer-unterschied/;https://powertech-performance.com/pages/kontakt.html;Jetzt unverbindlich anfragen;Bestand: Seitenlink;Inhalt;Autoaufbereitung;Generischer Anchor;"Im redaktionellen Text Zielthema nennen; generische Formular-CTAs dürfen bleiben";https://powertech-performance.com/pages/kontakt.html;nein
https://powertech-performance.com/blog/aufbereiter-vs-detailer-unterschied/;https://powertech-performance.com/#leistungen;Alle Leistungen ansehen;Bestand: Sprunglink;Sidebar;Autoaufbereitung;technisch lokal auflösbar;;https://powertech-performance.com/;nein
https://powertech-performance.com/blog/aufbereiter-vs-detailer-unterschied/;https://powertech-performance.com/pages/kontakt.html;Zur Kontaktseite;Bestand: Seitenlink;Sidebar;Autoaufbereitung;technisch lokal auflösbar;;https://powertech-performance.com/pages/kontakt.html;nein
https://powertech-performance.com/blog/aufbereiter-vs-detailer-unterschied/;https://powertech-performance.com/pages/impressum.html;Impressum;Bestand: Seitenlink;Navigation;Autoaufbereitung;technisch lokal auflösbar;;https://powertech-performance.com/pages/impressum.html;nein
https://powertech-performance.com/blog/aufbereiter-vs-detailer-unterschied/;https://powertech-performance.com/pages/datenschutz.html;Datenschutzerklärung;Bestand: Seitenlink;Navigation;Autoaufbereitung;technisch lokal auflösbar;;https://powertech-performance.com/pages/datenschutz.html;nein
https://powertech-performance.com/blog/aufbereiter-vs-detailer-unterschied/;https://powertech-performance.com/pages/cookie-einstellungen.html;Cookie-Einstellungen;Bestand: Seitenlink;Navigation;Autoaufbereitung;technisch lokal auflösbar;;https://powertech-performance.com/pages/cookie-einstellungen.html;nein
https://powertech-performance.com/blog/aufbereiter-vs-detailer-unterschied/;https://powertech-performance.com/pages/seitenuebersicht.html;Seitenübersicht;Bestand: Seitenlink;Navigation;Autoaufbereitung;technisch lokal auflösbar;;https://powertech-performance.com/pages/seitenuebersicht.html;nein
https://powertech-performance.com/blog/aufbereiter-vs-detailer-unterschied/;https://powertech-performance.com/pages/impressum.html;Impressum;Bestand: Seitenlink;Inhalt;Autoaufbereitung;technisch lokal auflösbar;;https://powertech-performance.com/pages/impressum.html;nein
https://powertech-performance.com/blog/auto-selber-waschen-erfurt/;https://powertech-performance.com/;Powertech Performance Logo;Bestand: Seitenlink;Header;Autoaufbereitung;technisch lokal auflösbar;;https://powertech-performance.com/;nein
https://powertech-performance.com/blog/auto-selber-waschen-erfurt/;https://powertech-performance.com/#leistungen;Autoaufbereitung;Bestand: Sprunglink;Navigation;Autoaufbereitung;technisch lokal auflösbar;;https://powertech-performance.com/;nein
https://powertech-performance.com/blog/auto-selber-waschen-erfurt/;https://powertech-performance.com/#ueber-uns;Über uns;Bestand: Sprunglink;Navigation;Autoaufbereitung;Sprungziel fehlt;"Passende existierende Abschnitts-ID verwenden; keine Inhaltsbehauptung aus dem alten Anchor übernehmen";https://powertech-performance.com/;nein
https://powertech-performance.com/blog/auto-selber-waschen-erfurt/;https://powertech-performance.com/blog/;Blog;Bestand: Seitenlink;Navigation;Autoaufbereitung;technisch lokal auflösbar;;https://powertech-performance.com/blog/;nein
https://powertech-performance.com/blog/auto-selber-waschen-erfurt/;https://powertech-performance.com/pages/kontakt.html;Kontakt;Bestand: Seitenlink;Navigation;Autoaufbereitung;technisch lokal auflösbar;;https://powertech-performance.com/pages/kontakt.html;nein
https://powertech-performance.com/blog/auto-selber-waschen-erfurt/;https://powertech-performance.com/pages/kontakt.html;Jetzt anfragen;Bestand: Seitenlink;Inhalt;Autoaufbereitung;Generischer Anchor;"Im redaktionellen Text Zielthema nennen; generische Formular-CTAs dürfen bleiben";https://powertech-performance.com/pages/kontakt.html;nein
https://powertech-performance.com/blog/auto-selber-waschen-erfurt/;https://powertech-performance.com/blog/;Blog;Bestand: Seitenlink;Breadcrumb;Autoaufbereitung;technisch lokal auflösbar;;https://powertech-performance.com/blog/;nein
https://powertech-performance.com/blog/auto-selber-waschen-erfurt/;https://powertech-performance.com/#leistungen;Alle Leistungen ansehen;Bestand: Sprunglink;Sidebar;Autoaufbereitung;technisch lokal auflösbar;;https://powertech-performance.com/;nein
https://powertech-performance.com/blog/auto-selber-waschen-erfurt/;https://powertech-performance.com/pages/kontakt.html;Zur Kontaktseite;Bestand: Seitenlink;Sidebar;Autoaufbereitung;technisch lokal auflösbar;;https://powertech-performance.com/pages/kontakt.html;nein
https://powertech-performance.com/blog/auto-selber-waschen-erfurt/;https://powertech-performance.com/pages/impressum.html;Impressum;Bestand: Seitenlink;Navigation;Autoaufbereitung;technisch lokal auflösbar;;https://powertech-performance.com/pages/impressum.html;nein
https://powertech-performance.com/blog/auto-selber-waschen-erfurt/;https://powertech-performance.com/pages/datenschutz.html;Datenschutzerklärung;Bestand: Seitenlink;Navigation;Autoaufbereitung;technisch lokal auflösbar;;https://powertech-performance.com/pages/datenschutz.html;nein
https://powertech-performance.com/blog/auto-selber-waschen-erfurt/;https://powertech-performance.com/pages/cookie-einstellungen.html;Cookie-Einstellungen;Bestand: Seitenlink;Navigation;Autoaufbereitung;technisch lokal auflösbar;;https://powertech-performance.com/pages/cookie-einstellungen.html;nein
https://powertech-performance.com/blog/auto-selber-waschen-erfurt/;https://powertech-performance.com/pages/seitenuebersicht.html;Seitenübersicht;Bestand: Seitenlink;Navigation;Autoaufbereitung;technisch lokal auflösbar;;https://powertech-performance.com/pages/seitenuebersicht.html;nein
https://powertech-performance.com/blog/auto-selber-waschen-erfurt/;https://powertech-performance.com/pages/impressum.html;Impressum;Bestand: Seitenlink;Inhalt;Autoaufbereitung;technisch lokal auflösbar;;https://powertech-performance.com/pages/impressum.html;nein
https://powertech-performance.com/blog/blog-keramikversiegelung/;https://powertech-performance.com/;Powertech Performance Logo;Bestand: Seitenlink;Header;Keramikversiegelung;technisch lokal auflösbar;;https://powertech-performance.com/;nein
https://powertech-performance.com/blog/blog-keramikversiegelung/;https://powertech-performance.com/#leistungen;Autoaufbereitung;Bestand: Sprunglink;Navigation;Keramikversiegelung;technisch lokal auflösbar;;https://powertech-performance.com/;nein
https://powertech-performance.com/blog/blog-keramikversiegelung/;https://powertech-performance.com/#ueber-uns;Über uns;Bestand: Sprunglink;Navigation;Keramikversiegelung;Sprungziel fehlt;"Passende existierende Abschnitts-ID verwenden; keine Inhaltsbehauptung aus dem alten Anchor übernehmen";https://powertech-performance.com/;nein
https://powertech-performance.com/blog/blog-keramikversiegelung/;https://powertech-performance.com/blog/;Blog;Bestand: Seitenlink;Navigation;Keramikversiegelung;technisch lokal auflösbar;;https://powertech-performance.com/blog/;nein
https://powertech-performance.com/blog/blog-keramikversiegelung/;https://powertech-performance.com/pages/kontakt.html;Kontakt;Bestand: Seitenlink;Navigation;Keramikversiegelung;technisch lokal auflösbar;;https://powertech-performance.com/pages/kontakt.html;nein
https://powertech-performance.com/blog/blog-keramikversiegelung/;https://powertech-performance.com/pages/kontakt.html;Jetzt anfragen;Bestand: Seitenlink;Inhalt;Keramikversiegelung;Generischer Anchor;"Im redaktionellen Text Zielthema nennen; generische Formular-CTAs dürfen bleiben";https://powertech-performance.com/pages/kontakt.html;nein
https://powertech-performance.com/blog/blog-keramikversiegelung/;https://powertech-performance.com/blog/;Blog;Bestand: Seitenlink;Breadcrumb;Keramikversiegelung;technisch lokal auflösbar;;https://powertech-performance.com/blog/;nein
https://powertech-performance.com/blog/blog-keramikversiegelung/;https://powertech-performance.com/#leistungen;Alle Leistungen ansehen;Bestand: Sprunglink;Sidebar;Keramikversiegelung;technisch lokal auflösbar;;https://powertech-performance.com/;nein
https://powertech-performance.com/blog/blog-keramikversiegelung/;https://powertech-performance.com/pages/kontakt.html;Zur Kontaktseite;Bestand: Seitenlink;Sidebar;Keramikversiegelung;technisch lokal auflösbar;;https://powertech-performance.com/pages/kontakt.html;nein
https://powertech-performance.com/blog/blog-keramikversiegelung/;https://powertech-performance.com/pages/impressum.html;Impressum;Bestand: Seitenlink;Navigation;Keramikversiegelung;technisch lokal auflösbar;;https://powertech-performance.com/pages/impressum.html;nein
https://powertech-performance.com/blog/blog-keramikversiegelung/;https://powertech-performance.com/pages/datenschutz.html;Datenschutzerklärung;Bestand: Seitenlink;Navigation;Keramikversiegelung;technisch lokal auflösbar;;https://powertech-performance.com/pages/datenschutz.html;nein
https://powertech-performance.com/blog/blog-keramikversiegelung/;https://powertech-performance.com/pages/cookie-einstellungen.html;Cookie-Einstellungen;Bestand: Seitenlink;Navigation;Keramikversiegelung;technisch lokal auflösbar;;https://powertech-performance.com/pages/cookie-einstellungen.html;nein
https://powertech-performance.com/blog/blog-keramikversiegelung/;https://powertech-performance.com/pages/seitenuebersicht.html;Seitenübersicht;Bestand: Seitenlink;Navigation;Keramikversiegelung;technisch lokal auflösbar;;https://powertech-performance.com/pages/seitenuebersicht.html;nein
https://powertech-performance.com/blog/blog-keramikversiegelung/;https://powertech-performance.com/pages/impressum.html;Impressum;Bestand: Seitenlink;Inhalt;Keramikversiegelung;technisch lokal auflösbar;;https://powertech-performance.com/pages/impressum.html;nein
https://powertech-performance.com/blog/boot-aufbereitung-keramikversiegelung-marine/;https://powertech-performance.com/;Powertech Performance Logo;Bestand: Seitenlink;Header;Spezialfahrzeuge;technisch lokal auflösbar;;https://powertech-performance.com/;nein
https://powertech-performance.com/blog/boot-aufbereitung-keramikversiegelung-marine/;https://powertech-performance.com/#leistungen;Autoaufbereitung;Bestand: Sprunglink;Navigation;Spezialfahrzeuge;technisch lokal auflösbar;;https://powertech-performance.com/;nein
https://powertech-performance.com/blog/boot-aufbereitung-keramikversiegelung-marine/;https://powertech-performance.com/#ueber-uns;Über uns;Bestand: Sprunglink;Navigation;Spezialfahrzeuge;Sprungziel fehlt;"Passende existierende Abschnitts-ID verwenden; keine Inhaltsbehauptung aus dem alten Anchor übernehmen";https://powertech-performance.com/;nein
https://powertech-performance.com/blog/boot-aufbereitung-keramikversiegelung-marine/;https://powertech-performance.com/blog/;Blog;Bestand: Seitenlink;Navigation;Spezialfahrzeuge;technisch lokal auflösbar;;https://powertech-performance.com/blog/;nein
https://powertech-performance.com/blog/boot-aufbereitung-keramikversiegelung-marine/;https://powertech-performance.com/pages/kontakt.html;Kontakt;Bestand: Seitenlink;Navigation;Spezialfahrzeuge;technisch lokal auflösbar;;https://powertech-performance.com/pages/kontakt.html;nein
https://powertech-performance.com/blog/boot-aufbereitung-keramikversiegelung-marine/;https://powertech-performance.com/pages/kontakt.html;Jetzt anfragen;Bestand: Seitenlink;Inhalt;Spezialfahrzeuge;Generischer Anchor;"Im redaktionellen Text Zielthema nennen; generische Formular-CTAs dürfen bleiben";https://powertech-performance.com/pages/kontakt.html;nein
https://powertech-performance.com/blog/boot-aufbereitung-keramikversiegelung-marine/;https://powertech-performance.com/blog/;Blog;Bestand: Seitenlink;Breadcrumb;Spezialfahrzeuge;technisch lokal auflösbar;;https://powertech-performance.com/blog/;nein
https://powertech-performance.com/blog/boot-aufbereitung-keramikversiegelung-marine/;https://powertech-performance.com/pages/kontakt.html;UNVERBINDLICHES ANGEBOT ANFORDERN;Bestand: Seitenlink;Inhalt;Spezialfahrzeuge;technisch lokal auflösbar;;https://powertech-performance.com/pages/kontakt.html;nein
https://powertech-performance.com/blog/boot-aufbereitung-keramikversiegelung-marine/;https://powertech-performance.com/pages/kontakt.html;www.powertech-performance.com;Bestand: Seitenlink;Inhalt;Spezialfahrzeuge;Generischer Anchor;"Im redaktionellen Text Zielthema nennen; generische Formular-CTAs dürfen bleiben";https://powertech-performance.com/pages/kontakt.html;nein
https://powertech-performance.com/blog/boot-aufbereitung-keramikversiegelung-marine/;https://powertech-performance.com/#leistungen;Alle Leistungen ansehen;Bestand: Sprunglink;Sidebar;Spezialfahrzeuge;technisch lokal auflösbar;;https://powertech-performance.com/;nein
https://powertech-performance.com/blog/boot-aufbereitung-keramikversiegelung-marine/;https://powertech-performance.com/pages/kontakt.html;Zur Kontaktseite;Bestand: Seitenlink;Sidebar;Spezialfahrzeuge;technisch lokal auflösbar;;https://powertech-performance.com/pages/kontakt.html;nein
https://powertech-performance.com/blog/boot-aufbereitung-keramikversiegelung-marine/;https://powertech-performance.com/pages/impressum.html;Impressum;Bestand: Seitenlink;Navigation;Spezialfahrzeuge;technisch lokal auflösbar;;https://powertech-performance.com/pages/impressum.html;nein
https://powertech-performance.com/blog/boot-aufbereitung-keramikversiegelung-marine/;https://powertech-performance.com/pages/datenschutz.html;Datenschutzerklärung;Bestand: Seitenlink;Navigation;Spezialfahrzeuge;technisch lokal auflösbar;;https://powertech-performance.com/pages/datenschutz.html;nein
https://powertech-performance.com/blog/boot-aufbereitung-keramikversiegelung-marine/;https://powertech-performance.com/pages/cookie-einstellungen.html;Cookie-Einstellungen;Bestand: Seitenlink;Navigation;Spezialfahrzeuge;technisch lokal auflösbar;;https://powertech-performance.com/pages/cookie-einstellungen.html;nein
https://powertech-performance.com/blog/boot-aufbereitung-keramikversiegelung-marine/;https://powertech-performance.com/pages/seitenuebersicht.html;Seitenübersicht;Bestand: Seitenlink;Navigation;Spezialfahrzeuge;technisch lokal auflösbar;;https://powertech-performance.com/pages/seitenuebersicht.html;nein
https://powertech-performance.com/blog/boot-aufbereitung-keramikversiegelung-marine/;https://powertech-performance.com/pages/impressum.html;Impressum;Bestand: Seitenlink;Inhalt;Spezialfahrzeuge;technisch lokal auflösbar;;https://powertech-performance.com/pages/impressum.html;nein
https://powertech-performance.com/blog/chiptuning-raum-erfurt/;https://powertech-performance.com/;Powertech Performance Logo;Bestand: Seitenlink;Header;Chiptuning;technisch lokal auflösbar;;https://powertech-performance.com/;nein
https://powertech-performance.com/blog/chiptuning-raum-erfurt/;https://powertech-performance.com/#leistungen;Autoaufbereitung;Bestand: Sprunglink;Navigation;Chiptuning;technisch lokal auflösbar;;https://powertech-performance.com/;nein
https://powertech-performance.com/blog/chiptuning-raum-erfurt/;https://powertech-performance.com/#ueber-uns;Über uns;Bestand: Sprunglink;Navigation;Chiptuning;Sprungziel fehlt;"Passende existierende Abschnitts-ID verwenden; keine Inhaltsbehauptung aus dem alten Anchor übernehmen";https://powertech-performance.com/;nein
https://powertech-performance.com/blog/chiptuning-raum-erfurt/;https://powertech-performance.com/blog/;Blog;Bestand: Seitenlink;Navigation;Chiptuning;technisch lokal auflösbar;;https://powertech-performance.com/blog/;nein
https://powertech-performance.com/blog/chiptuning-raum-erfurt/;https://powertech-performance.com/pages/kontakt.html;Kontakt;Bestand: Seitenlink;Navigation;Chiptuning;technisch lokal auflösbar;;https://powertech-performance.com/pages/kontakt.html;nein
https://powertech-performance.com/blog/chiptuning-raum-erfurt/;https://powertech-performance.com/pages/kontakt.html;Jetzt anfragen;Bestand: Seitenlink;Inhalt;Chiptuning;Generischer Anchor;"Im redaktionellen Text Zielthema nennen; generische Formular-CTAs dürfen bleiben";https://powertech-performance.com/pages/kontakt.html;nein
https://powertech-performance.com/blog/chiptuning-raum-erfurt/;https://powertech-performance.com/blog/;Blog;Bestand: Seitenlink;Breadcrumb;Chiptuning;technisch lokal auflösbar;;https://powertech-performance.com/blog/;nein
https://powertech-performance.com/blog/chiptuning-raum-erfurt/;https://www.powertech-performance.com/;www.powertech-performance.com;Bestand: Seitenlink;Inhalt;Chiptuning;Generischer Anchor;"Im redaktionellen Text Zielthema nennen; generische Formular-CTAs dürfen bleiben";https://powertech-performance.com/;nein
https://powertech-performance.com/blog/chiptuning-raum-erfurt/;https://powertech-performance.com/#leistungen;Alle Leistungen ansehen;Bestand: Sprunglink;Sidebar;Chiptuning;technisch lokal auflösbar;;https://powertech-performance.com/;nein
https://powertech-performance.com/blog/chiptuning-raum-erfurt/;https://powertech-performance.com/pages/kontakt.html;Zur Kontaktseite;Bestand: Seitenlink;Sidebar;Chiptuning;technisch lokal auflösbar;;https://powertech-performance.com/pages/kontakt.html;nein
https://powertech-performance.com/blog/chiptuning-raum-erfurt/;https://powertech-performance.com/pages/impressum.html;Impressum;Bestand: Seitenlink;Navigation;Chiptuning;technisch lokal auflösbar;;https://powertech-performance.com/pages/impressum.html;nein
https://powertech-performance.com/blog/chiptuning-raum-erfurt/;https://powertech-performance.com/pages/datenschutz.html;Datenschutzerklärung;Bestand: Seitenlink;Navigation;Chiptuning;technisch lokal auflösbar;;https://powertech-performance.com/pages/datenschutz.html;nein
https://powertech-performance.com/blog/chiptuning-raum-erfurt/;https://powertech-performance.com/pages/cookie-einstellungen.html;Cookie-Einstellungen;Bestand: Seitenlink;Navigation;Chiptuning;technisch lokal auflösbar;;https://powertech-performance.com/pages/cookie-einstellungen.html;nein
https://powertech-performance.com/blog/chiptuning-raum-erfurt/;https://powertech-performance.com/pages/seitenuebersicht.html;Seitenübersicht;Bestand: Seitenlink;Navigation;Chiptuning;technisch lokal auflösbar;;https://powertech-performance.com/pages/seitenuebersicht.html;nein
https://powertech-performance.com/blog/chiptuning-raum-erfurt/;https://powertech-performance.com/pages/impressum.html;Impressum;Bestand: Seitenlink;Inhalt;Chiptuning;technisch lokal auflösbar;;https://powertech-performance.com/pages/impressum.html;nein
https://powertech-performance.com/blog/chiptuning-raumerfurt/;https://powertech-performance.com/;Powertech Performance Logo;Bestand: Seitenlink;Header;Chiptuning;technisch lokal auflösbar;;https://powertech-performance.com/;nein
https://powertech-performance.com/blog/chiptuning-raumerfurt/;https://powertech-performance.com/#leistungen;Autoaufbereitung;Bestand: Sprunglink;Navigation;Chiptuning;technisch lokal auflösbar;;https://powertech-performance.com/;nein
https://powertech-performance.com/blog/chiptuning-raumerfurt/;https://powertech-performance.com/#ueber-uns;Über uns;Bestand: Sprunglink;Navigation;Chiptuning;Sprungziel fehlt;"Passende existierende Abschnitts-ID verwenden; keine Inhaltsbehauptung aus dem alten Anchor übernehmen";https://powertech-performance.com/;nein
https://powertech-performance.com/blog/chiptuning-raumerfurt/;https://powertech-performance.com/blog/;Blog;Bestand: Seitenlink;Navigation;Chiptuning;technisch lokal auflösbar;;https://powertech-performance.com/blog/;nein
https://powertech-performance.com/blog/chiptuning-raumerfurt/;https://powertech-performance.com/pages/kontakt.html;Kontakt;Bestand: Seitenlink;Navigation;Chiptuning;technisch lokal auflösbar;;https://powertech-performance.com/pages/kontakt.html;nein
https://powertech-performance.com/blog/chiptuning-raumerfurt/;https://powertech-performance.com/pages/kontakt.html;Jetzt anfragen;Bestand: Seitenlink;Inhalt;Chiptuning;Generischer Anchor;"Im redaktionellen Text Zielthema nennen; generische Formular-CTAs dürfen bleiben";https://powertech-performance.com/pages/kontakt.html;nein
https://powertech-performance.com/blog/chiptuning-raumerfurt/;https://powertech-performance.com/blog/;Blog;Bestand: Seitenlink;Breadcrumb;Chiptuning;technisch lokal auflösbar;;https://powertech-performance.com/blog/;nein
https://powertech-performance.com/blog/chiptuning-raumerfurt/;https://powertech-performance.com/pages/kontakt.html;Chiptuning im Raum Erfurt;Bestand: Seitenlink;Inhalt;Chiptuning;technisch lokal auflösbar;;https://powertech-performance.com/pages/kontakt.html;nein
https://powertech-performance.com/blog/chiptuning-raumerfurt/;https://powertech-performance.com/pages/kontakt.html;Startseite;Bestand: Seitenlink;Inhalt;Chiptuning;Generischer Anchor | Anchor widerspricht Kontaktziel;"Im redaktionellen Text Zielthema nennen; generische Formular-CTAs dürfen bleiben | Anchor zu Kontakt ändern oder tatsächliche Startseite verlinken";https://powertech-performance.com/pages/kontakt.html;nein
https://powertech-performance.com/blog/chiptuning-raumerfurt/;https://powertech-performance.com/#leistungen;Alle Leistungen ansehen;Bestand: Sprunglink;Sidebar;Chiptuning;technisch lokal auflösbar;;https://powertech-performance.com/;nein
https://powertech-performance.com/blog/chiptuning-raumerfurt/;https://powertech-performance.com/pages/kontakt.html;Zur Kontaktseite;Bestand: Seitenlink;Sidebar;Chiptuning;technisch lokal auflösbar;;https://powertech-performance.com/pages/kontakt.html;nein
https://powertech-performance.com/blog/chiptuning-raumerfurt/;https://powertech-performance.com/pages/impressum.html;Impressum;Bestand: Seitenlink;Navigation;Chiptuning;technisch lokal auflösbar;;https://powertech-performance.com/pages/impressum.html;nein
https://powertech-performance.com/blog/chiptuning-raumerfurt/;https://powertech-performance.com/pages/datenschutz.html;Datenschutzerklärung;Bestand: Seitenlink;Navigation;Chiptuning;technisch lokal auflösbar;;https://powertech-performance.com/pages/datenschutz.html;nein
https://powertech-performance.com/blog/chiptuning-raumerfurt/;https://powertech-performance.com/pages/cookie-einstellungen.html;Cookie-Einstellungen;Bestand: Seitenlink;Navigation;Chiptuning;technisch lokal auflösbar;;https://powertech-performance.com/pages/cookie-einstellungen.html;nein
https://powertech-performance.com/blog/chiptuning-raumerfurt/;https://powertech-performance.com/pages/seitenuebersicht.html;Seitenübersicht;Bestand: Seitenlink;Navigation;Chiptuning;technisch lokal auflösbar;;https://powertech-performance.com/pages/seitenuebersicht.html;nein
https://powertech-performance.com/blog/chiptuning-raumerfurt/;https://powertech-performance.com/pages/impressum.html;Impressum;Bestand: Seitenlink;Inhalt;Chiptuning;technisch lokal auflösbar;;https://powertech-performance.com/pages/impressum.html;nein
https://powertech-performance.com/blog/fahrzeugaufbereitung-erfurt/;https://powertech-performance.com/;Powertech Performance Logo;Bestand: Seitenlink;Header;Autoaufbereitung;technisch lokal auflösbar;;https://powertech-performance.com/;nein
https://powertech-performance.com/blog/fahrzeugaufbereitung-erfurt/;https://powertech-performance.com/#leistungen;Autoaufbereitung;Bestand: Sprunglink;Navigation;Autoaufbereitung;technisch lokal auflösbar;;https://powertech-performance.com/;nein
https://powertech-performance.com/blog/fahrzeugaufbereitung-erfurt/;https://powertech-performance.com/#ueber-uns;Über uns;Bestand: Sprunglink;Navigation;Autoaufbereitung;Sprungziel fehlt;"Passende existierende Abschnitts-ID verwenden; keine Inhaltsbehauptung aus dem alten Anchor übernehmen";https://powertech-performance.com/;nein
https://powertech-performance.com/blog/fahrzeugaufbereitung-erfurt/;https://powertech-performance.com/blog/;Blog;Bestand: Seitenlink;Navigation;Autoaufbereitung;technisch lokal auflösbar;;https://powertech-performance.com/blog/;nein
https://powertech-performance.com/blog/fahrzeugaufbereitung-erfurt/;https://powertech-performance.com/pages/kontakt.html;Kontakt;Bestand: Seitenlink;Navigation;Autoaufbereitung;technisch lokal auflösbar;;https://powertech-performance.com/pages/kontakt.html;nein
https://powertech-performance.com/blog/fahrzeugaufbereitung-erfurt/;https://powertech-performance.com/pages/kontakt.html;Jetzt anfragen;Bestand: Seitenlink;Inhalt;Autoaufbereitung;Generischer Anchor;"Im redaktionellen Text Zielthema nennen; generische Formular-CTAs dürfen bleiben";https://powertech-performance.com/pages/kontakt.html;nein
https://powertech-performance.com/blog/fahrzeugaufbereitung-erfurt/;https://powertech-performance.com/blog/;Blog;Bestand: Seitenlink;Breadcrumb;Autoaufbereitung;technisch lokal auflösbar;;https://powertech-performance.com/blog/;nein
https://powertech-performance.com/blog/fahrzeugaufbereitung-erfurt/;https://powertech-performance.com/#leistungen;Alle Leistungen ansehen;Bestand: Sprunglink;Sidebar;Autoaufbereitung;technisch lokal auflösbar;;https://powertech-performance.com/;nein
https://powertech-performance.com/blog/fahrzeugaufbereitung-erfurt/;https://powertech-performance.com/pages/kontakt.html;Zur Kontaktseite;Bestand: Seitenlink;Sidebar;Autoaufbereitung;technisch lokal auflösbar;;https://powertech-performance.com/pages/kontakt.html;nein
https://powertech-performance.com/blog/fahrzeugaufbereitung-erfurt/;https://powertech-performance.com/pages/impressum.html;Impressum;Bestand: Seitenlink;Navigation;Autoaufbereitung;technisch lokal auflösbar;;https://powertech-performance.com/pages/impressum.html;nein
https://powertech-performance.com/blog/fahrzeugaufbereitung-erfurt/;https://powertech-performance.com/pages/datenschutz.html;Datenschutzerklärung;Bestand: Seitenlink;Navigation;Autoaufbereitung;technisch lokal auflösbar;;https://powertech-performance.com/pages/datenschutz.html;nein
https://powertech-performance.com/blog/fahrzeugaufbereitung-erfurt/;https://powertech-performance.com/pages/cookie-einstellungen.html;Cookie-Einstellungen;Bestand: Seitenlink;Navigation;Autoaufbereitung;technisch lokal auflösbar;;https://powertech-performance.com/pages/cookie-einstellungen.html;nein
https://powertech-performance.com/blog/fahrzeugaufbereitung-erfurt/;https://powertech-performance.com/pages/seitenuebersicht.html;Seitenübersicht;Bestand: Seitenlink;Navigation;Autoaufbereitung;technisch lokal auflösbar;;https://powertech-performance.com/pages/seitenuebersicht.html;nein
https://powertech-performance.com/blog/fahrzeugaufbereitung-erfurt/;https://powertech-performance.com/pages/impressum.html;Impressum;Bestand: Seitenlink;Inhalt;Autoaufbereitung;technisch lokal auflösbar;;https://powertech-performance.com/pages/impressum.html;nein
https://powertech-performance.com/blog/flugzeugaufbereitung-innenreinigung-erfurt/;https://powertech-performance.com/;Powertech Performance Logo;Bestand: Seitenlink;Header;Innenraumreinigung;technisch lokal auflösbar;;https://powertech-performance.com/;nein
https://powertech-performance.com/blog/flugzeugaufbereitung-innenreinigung-erfurt/;https://powertech-performance.com/#leistungen;Autoaufbereitung;Bestand: Sprunglink;Navigation;Innenraumreinigung;technisch lokal auflösbar;;https://powertech-performance.com/;nein
https://powertech-performance.com/blog/flugzeugaufbereitung-innenreinigung-erfurt/;https://powertech-performance.com/#ueber-uns;Über uns;Bestand: Sprunglink;Navigation;Innenraumreinigung;Sprungziel fehlt;"Passende existierende Abschnitts-ID verwenden; keine Inhaltsbehauptung aus dem alten Anchor übernehmen";https://powertech-performance.com/;nein
https://powertech-performance.com/blog/flugzeugaufbereitung-innenreinigung-erfurt/;https://powertech-performance.com/blog/;Blog;Bestand: Seitenlink;Navigation;Innenraumreinigung;technisch lokal auflösbar;;https://powertech-performance.com/blog/;nein
https://powertech-performance.com/blog/flugzeugaufbereitung-innenreinigung-erfurt/;https://powertech-performance.com/pages/kontakt.html;Kontakt;Bestand: Seitenlink;Navigation;Innenraumreinigung;technisch lokal auflösbar;;https://powertech-performance.com/pages/kontakt.html;nein
https://powertech-performance.com/blog/flugzeugaufbereitung-innenreinigung-erfurt/;https://powertech-performance.com/pages/kontakt.html;Jetzt anfragen;Bestand: Seitenlink;Inhalt;Innenraumreinigung;Generischer Anchor;"Im redaktionellen Text Zielthema nennen; generische Formular-CTAs dürfen bleiben";https://powertech-performance.com/pages/kontakt.html;nein
https://powertech-performance.com/blog/flugzeugaufbereitung-innenreinigung-erfurt/;https://powertech-performance.com/blog/;Blog;Bestand: Seitenlink;Breadcrumb;Innenraumreinigung;technisch lokal auflösbar;;https://powertech-performance.com/blog/;nein
https://powertech-performance.com/blog/flugzeugaufbereitung-innenreinigung-erfurt/;https://powertech-performance.com/pages/kontakt.html;KOSTENLOSES ANGEBOT ANFORDERN;Bestand: Seitenlink;Inhalt;Innenraumreinigung;technisch lokal auflösbar;;https://powertech-performance.com/pages/kontakt.html;nein
https://powertech-performance.com/blog/flugzeugaufbereitung-innenreinigung-erfurt/;https://powertech-performance.com/#leistungen;Alle Leistungen ansehen;Bestand: Sprunglink;Sidebar;Innenraumreinigung;technisch lokal auflösbar;;https://powertech-performance.com/;nein
https://powertech-performance.com/blog/flugzeugaufbereitung-innenreinigung-erfurt/;https://powertech-performance.com/pages/kontakt.html;Zur Kontaktseite;Bestand: Seitenlink;Sidebar;Innenraumreinigung;technisch lokal auflösbar;;https://powertech-performance.com/pages/kontakt.html;nein
https://powertech-performance.com/blog/flugzeugaufbereitung-innenreinigung-erfurt/;https://powertech-performance.com/pages/impressum.html;Impressum;Bestand: Seitenlink;Navigation;Innenraumreinigung;technisch lokal auflösbar;;https://powertech-performance.com/pages/impressum.html;nein
https://powertech-performance.com/blog/flugzeugaufbereitung-innenreinigung-erfurt/;https://powertech-performance.com/pages/datenschutz.html;Datenschutzerklärung;Bestand: Seitenlink;Navigation;Innenraumreinigung;technisch lokal auflösbar;;https://powertech-performance.com/pages/datenschutz.html;nein
https://powertech-performance.com/blog/flugzeugaufbereitung-innenreinigung-erfurt/;https://powertech-performance.com/pages/cookie-einstellungen.html;Cookie-Einstellungen;Bestand: Seitenlink;Navigation;Innenraumreinigung;technisch lokal auflösbar;;https://powertech-performance.com/pages/cookie-einstellungen.html;nein
https://powertech-performance.com/blog/flugzeugaufbereitung-innenreinigung-erfurt/;https://powertech-performance.com/pages/seitenuebersicht.html;Seitenübersicht;Bestand: Seitenlink;Navigation;Innenraumreinigung;technisch lokal auflösbar;;https://powertech-performance.com/pages/seitenuebersicht.html;nein
https://powertech-performance.com/blog/flugzeugaufbereitung-innenreinigung-erfurt/;https://powertech-performance.com/pages/impressum.html;Impressum;Bestand: Seitenlink;Inhalt;Innenraumreinigung;technisch lokal auflösbar;;https://powertech-performance.com/pages/impressum.html;nein
https://powertech-performance.com/blog/haltbarkeit-keramikversiegelung-lackschutz/;https://powertech-performance.com/;Powertech Performance Logo;Bestand: Seitenlink;Header;Keramikversiegelung;technisch lokal auflösbar;;https://powertech-performance.com/;nein
https://powertech-performance.com/blog/haltbarkeit-keramikversiegelung-lackschutz/;https://powertech-performance.com/#leistungen;Autoaufbereitung;Bestand: Sprunglink;Navigation;Keramikversiegelung;technisch lokal auflösbar;;https://powertech-performance.com/;nein
https://powertech-performance.com/blog/haltbarkeit-keramikversiegelung-lackschutz/;https://powertech-performance.com/#ueber-uns;Über uns;Bestand: Sprunglink;Navigation;Keramikversiegelung;Sprungziel fehlt;"Passende existierende Abschnitts-ID verwenden; keine Inhaltsbehauptung aus dem alten Anchor übernehmen";https://powertech-performance.com/;nein
https://powertech-performance.com/blog/haltbarkeit-keramikversiegelung-lackschutz/;https://powertech-performance.com/blog/;Blog;Bestand: Seitenlink;Navigation;Keramikversiegelung;technisch lokal auflösbar;;https://powertech-performance.com/blog/;nein
https://powertech-performance.com/blog/haltbarkeit-keramikversiegelung-lackschutz/;https://powertech-performance.com/pages/kontakt.html;Kontakt;Bestand: Seitenlink;Navigation;Keramikversiegelung;technisch lokal auflösbar;;https://powertech-performance.com/pages/kontakt.html;nein
https://powertech-performance.com/blog/haltbarkeit-keramikversiegelung-lackschutz/;https://powertech-performance.com/pages/kontakt.html;Jetzt anfragen;Bestand: Seitenlink;Inhalt;Keramikversiegelung;Generischer Anchor;"Im redaktionellen Text Zielthema nennen; generische Formular-CTAs dürfen bleiben";https://powertech-performance.com/pages/kontakt.html;nein
https://powertech-performance.com/blog/haltbarkeit-keramikversiegelung-lackschutz/;https://powertech-performance.com/blog/;Blog;Bestand: Seitenlink;Breadcrumb;Keramikversiegelung;technisch lokal auflösbar;;https://powertech-performance.com/blog/;nein
https://powertech-performance.com/blog/haltbarkeit-keramikversiegelung-lackschutz/;https://powertech-performance.com/pages/kontakt.html;Jetzt unverbindlich anfragen;Bestand: Seitenlink;Inhalt;Keramikversiegelung;Generischer Anchor;"Im redaktionellen Text Zielthema nennen; generische Formular-CTAs dürfen bleiben";https://powertech-performance.com/pages/kontakt.html;nein
https://powertech-performance.com/blog/haltbarkeit-keramikversiegelung-lackschutz/;https://powertech-performance.com/#leistungen;Alle Leistungen ansehen;Bestand: Sprunglink;Sidebar;Keramikversiegelung;technisch lokal auflösbar;;https://powertech-performance.com/;nein
https://powertech-performance.com/blog/haltbarkeit-keramikversiegelung-lackschutz/;https://powertech-performance.com/pages/kontakt.html;Zur Kontaktseite;Bestand: Seitenlink;Sidebar;Keramikversiegelung;technisch lokal auflösbar;;https://powertech-performance.com/pages/kontakt.html;nein
https://powertech-performance.com/blog/haltbarkeit-keramikversiegelung-lackschutz/;https://powertech-performance.com/pages/impressum.html;Impressum;Bestand: Seitenlink;Navigation;Keramikversiegelung;technisch lokal auflösbar;;https://powertech-performance.com/pages/impressum.html;nein
https://powertech-performance.com/blog/haltbarkeit-keramikversiegelung-lackschutz/;https://powertech-performance.com/pages/datenschutz.html;Datenschutzerklärung;Bestand: Seitenlink;Navigation;Keramikversiegelung;technisch lokal auflösbar;;https://powertech-performance.com/pages/datenschutz.html;nein
https://powertech-performance.com/blog/haltbarkeit-keramikversiegelung-lackschutz/;https://powertech-performance.com/pages/cookie-einstellungen.html;Cookie-Einstellungen;Bestand: Seitenlink;Navigation;Keramikversiegelung;technisch lokal auflösbar;;https://powertech-performance.com/pages/cookie-einstellungen.html;nein
https://powertech-performance.com/blog/haltbarkeit-keramikversiegelung-lackschutz/;https://powertech-performance.com/pages/seitenuebersicht.html;Seitenübersicht;Bestand: Seitenlink;Navigation;Keramikversiegelung;technisch lokal auflösbar;;https://powertech-performance.com/pages/seitenuebersicht.html;nein
https://powertech-performance.com/blog/haltbarkeit-keramikversiegelung-lackschutz/;https://powertech-performance.com/pages/impressum.html;Impressum;Bestand: Seitenlink;Inhalt;Keramikversiegelung;technisch lokal auflösbar;;https://powertech-performance.com/pages/impressum.html;nein
https://powertech-performance.com/blog/harte-und-weiche-autolacke-der-geheime-schlssel-zur-perfekten-lackaufbereitung/;https://powertech-performance.com/;Powertech Performance Logo;Bestand: Seitenlink;Header;Lackaufbereitung;technisch lokal auflösbar;;https://powertech-performance.com/;nein
https://powertech-performance.com/blog/harte-und-weiche-autolacke-der-geheime-schlssel-zur-perfekten-lackaufbereitung/;https://powertech-performance.com/#leistungen;Autoaufbereitung;Bestand: Sprunglink;Navigation;Lackaufbereitung;technisch lokal auflösbar;;https://powertech-performance.com/;nein
https://powertech-performance.com/blog/harte-und-weiche-autolacke-der-geheime-schlssel-zur-perfekten-lackaufbereitung/;https://powertech-performance.com/#ueber-uns;Über uns;Bestand: Sprunglink;Navigation;Lackaufbereitung;Sprungziel fehlt;"Passende existierende Abschnitts-ID verwenden; keine Inhaltsbehauptung aus dem alten Anchor übernehmen";https://powertech-performance.com/;nein
https://powertech-performance.com/blog/harte-und-weiche-autolacke-der-geheime-schlssel-zur-perfekten-lackaufbereitung/;https://powertech-performance.com/blog/;Blog;Bestand: Seitenlink;Navigation;Lackaufbereitung;technisch lokal auflösbar;;https://powertech-performance.com/blog/;nein
https://powertech-performance.com/blog/harte-und-weiche-autolacke-der-geheime-schlssel-zur-perfekten-lackaufbereitung/;https://powertech-performance.com/pages/kontakt.html;Kontakt;Bestand: Seitenlink;Navigation;Lackaufbereitung;technisch lokal auflösbar;;https://powertech-performance.com/pages/kontakt.html;nein
https://powertech-performance.com/blog/harte-und-weiche-autolacke-der-geheime-schlssel-zur-perfekten-lackaufbereitung/;https://powertech-performance.com/pages/kontakt.html;Jetzt anfragen;Bestand: Seitenlink;Inhalt;Lackaufbereitung;Generischer Anchor;"Im redaktionellen Text Zielthema nennen; generische Formular-CTAs dürfen bleiben";https://powertech-performance.com/pages/kontakt.html;nein
https://powertech-performance.com/blog/harte-und-weiche-autolacke-der-geheime-schlssel-zur-perfekten-lackaufbereitung/;https://powertech-performance.com/blog/;Blog;Bestand: Seitenlink;Breadcrumb;Lackaufbereitung;technisch lokal auflösbar;;https://powertech-performance.com/blog/;nein
https://powertech-performance.com/blog/harte-und-weiche-autolacke-der-geheime-schlssel-zur-perfekten-lackaufbereitung/;https://powertech-performance.com/pages/kontakt.html;Jetzt unverbindlich anfragen;Bestand: Seitenlink;Inhalt;Lackaufbereitung;Generischer Anchor;"Im redaktionellen Text Zielthema nennen; generische Formular-CTAs dürfen bleiben";https://powertech-performance.com/pages/kontakt.html;nein
https://powertech-performance.com/blog/harte-und-weiche-autolacke-der-geheime-schlssel-zur-perfekten-lackaufbereitung/;https://powertech-performance.com/#leistungen;Alle Leistungen ansehen;Bestand: Sprunglink;Sidebar;Lackaufbereitung;technisch lokal auflösbar;;https://powertech-performance.com/;nein
https://powertech-performance.com/blog/harte-und-weiche-autolacke-der-geheime-schlssel-zur-perfekten-lackaufbereitung/;https://powertech-performance.com/pages/kontakt.html;Zur Kontaktseite;Bestand: Seitenlink;Sidebar;Lackaufbereitung;technisch lokal auflösbar;;https://powertech-performance.com/pages/kontakt.html;nein
https://powertech-performance.com/blog/harte-und-weiche-autolacke-der-geheime-schlssel-zur-perfekten-lackaufbereitung/;https://powertech-performance.com/pages/impressum.html;Impressum;Bestand: Seitenlink;Navigation;Lackaufbereitung;technisch lokal auflösbar;;https://powertech-performance.com/pages/impressum.html;nein
https://powertech-performance.com/blog/harte-und-weiche-autolacke-der-geheime-schlssel-zur-perfekten-lackaufbereitung/;https://powertech-performance.com/pages/datenschutz.html;Datenschutzerklärung;Bestand: Seitenlink;Navigation;Lackaufbereitung;technisch lokal auflösbar;;https://powertech-performance.com/pages/datenschutz.html;nein
https://powertech-performance.com/blog/harte-und-weiche-autolacke-der-geheime-schlssel-zur-perfekten-lackaufbereitung/;https://powertech-performance.com/pages/cookie-einstellungen.html;Cookie-Einstellungen;Bestand: Seitenlink;Navigation;Lackaufbereitung;technisch lokal auflösbar;;https://powertech-performance.com/pages/cookie-einstellungen.html;nein
https://powertech-performance.com/blog/harte-und-weiche-autolacke-der-geheime-schlssel-zur-perfekten-lackaufbereitung/;https://powertech-performance.com/pages/seitenuebersicht.html;Seitenübersicht;Bestand: Seitenlink;Navigation;Lackaufbereitung;technisch lokal auflösbar;;https://powertech-performance.com/pages/seitenuebersicht.html;nein
https://powertech-performance.com/blog/harte-und-weiche-autolacke-der-geheime-schlssel-zur-perfekten-lackaufbereitung/;https://powertech-performance.com/pages/impressum.html;Impressum;Bestand: Seitenlink;Inhalt;Lackaufbereitung;technisch lokal auflösbar;;https://powertech-performance.com/pages/impressum.html;nein
https://powertech-performance.com/blog/harte-und-weiche-autolacke-der-geheime-schlssel-zur-perfekten-lackaufbereitung-2/;https://powertech-performance.com/;Powertech Performance Logo;Bestand: Seitenlink;Header;Lackaufbereitung;technisch lokal auflösbar;;https://powertech-performance.com/;nein
https://powertech-performance.com/blog/harte-und-weiche-autolacke-der-geheime-schlssel-zur-perfekten-lackaufbereitung-2/;https://powertech-performance.com/#leistungen;Autoaufbereitung;Bestand: Sprunglink;Navigation;Lackaufbereitung;technisch lokal auflösbar;;https://powertech-performance.com/;nein
https://powertech-performance.com/blog/harte-und-weiche-autolacke-der-geheime-schlssel-zur-perfekten-lackaufbereitung-2/;https://powertech-performance.com/#ueber-uns;Über uns;Bestand: Sprunglink;Navigation;Lackaufbereitung;Sprungziel fehlt;"Passende existierende Abschnitts-ID verwenden; keine Inhaltsbehauptung aus dem alten Anchor übernehmen";https://powertech-performance.com/;nein
https://powertech-performance.com/blog/harte-und-weiche-autolacke-der-geheime-schlssel-zur-perfekten-lackaufbereitung-2/;https://powertech-performance.com/blog/;Blog;Bestand: Seitenlink;Navigation;Lackaufbereitung;technisch lokal auflösbar;;https://powertech-performance.com/blog/;nein
https://powertech-performance.com/blog/harte-und-weiche-autolacke-der-geheime-schlssel-zur-perfekten-lackaufbereitung-2/;https://powertech-performance.com/pages/kontakt.html;Kontakt;Bestand: Seitenlink;Navigation;Lackaufbereitung;technisch lokal auflösbar;;https://powertech-performance.com/pages/kontakt.html;nein
https://powertech-performance.com/blog/harte-und-weiche-autolacke-der-geheime-schlssel-zur-perfekten-lackaufbereitung-2/;https://powertech-performance.com/pages/kontakt.html;Jetzt anfragen;Bestand: Seitenlink;Inhalt;Lackaufbereitung;Generischer Anchor;"Im redaktionellen Text Zielthema nennen; generische Formular-CTAs dürfen bleiben";https://powertech-performance.com/pages/kontakt.html;nein
https://powertech-performance.com/blog/harte-und-weiche-autolacke-der-geheime-schlssel-zur-perfekten-lackaufbereitung-2/;https://powertech-performance.com/blog/;Blog;Bestand: Seitenlink;Breadcrumb;Lackaufbereitung;technisch lokal auflösbar;;https://powertech-performance.com/blog/;nein
https://powertech-performance.com/blog/harte-und-weiche-autolacke-der-geheime-schlssel-zur-perfekten-lackaufbereitung-2/;https://powertech-performance.com/pages/kontakt.html;Jetzt unverbindlich anfragen;Bestand: Seitenlink;Inhalt;Lackaufbereitung;Generischer Anchor;"Im redaktionellen Text Zielthema nennen; generische Formular-CTAs dürfen bleiben";https://powertech-performance.com/pages/kontakt.html;nein
https://powertech-performance.com/blog/harte-und-weiche-autolacke-der-geheime-schlssel-zur-perfekten-lackaufbereitung-2/;https://powertech-performance.com/#leistungen;Alle Leistungen ansehen;Bestand: Sprunglink;Sidebar;Lackaufbereitung;technisch lokal auflösbar;;https://powertech-performance.com/;nein
https://powertech-performance.com/blog/harte-und-weiche-autolacke-der-geheime-schlssel-zur-perfekten-lackaufbereitung-2/;https://powertech-performance.com/pages/kontakt.html;Zur Kontaktseite;Bestand: Seitenlink;Sidebar;Lackaufbereitung;technisch lokal auflösbar;;https://powertech-performance.com/pages/kontakt.html;nein
https://powertech-performance.com/blog/harte-und-weiche-autolacke-der-geheime-schlssel-zur-perfekten-lackaufbereitung-2/;https://powertech-performance.com/pages/impressum.html;Impressum;Bestand: Seitenlink;Navigation;Lackaufbereitung;technisch lokal auflösbar;;https://powertech-performance.com/pages/impressum.html;nein
https://powertech-performance.com/blog/harte-und-weiche-autolacke-der-geheime-schlssel-zur-perfekten-lackaufbereitung-2/;https://powertech-performance.com/pages/datenschutz.html;Datenschutzerklärung;Bestand: Seitenlink;Navigation;Lackaufbereitung;technisch lokal auflösbar;;https://powertech-performance.com/pages/datenschutz.html;nein
https://powertech-performance.com/blog/harte-und-weiche-autolacke-der-geheime-schlssel-zur-perfekten-lackaufbereitung-2/;https://powertech-performance.com/pages/cookie-einstellungen.html;Cookie-Einstellungen;Bestand: Seitenlink;Navigation;Lackaufbereitung;technisch lokal auflösbar;;https://powertech-performance.com/pages/cookie-einstellungen.html;nein
https://powertech-performance.com/blog/harte-und-weiche-autolacke-der-geheime-schlssel-zur-perfekten-lackaufbereitung-2/;https://powertech-performance.com/pages/seitenuebersicht.html;Seitenübersicht;Bestand: Seitenlink;Navigation;Lackaufbereitung;technisch lokal auflösbar;;https://powertech-performance.com/pages/seitenuebersicht.html;nein
https://powertech-performance.com/blog/harte-und-weiche-autolacke-der-geheime-schlssel-zur-perfekten-lackaufbereitung-2/;https://powertech-performance.com/pages/impressum.html;Impressum;Bestand: Seitenlink;Inhalt;Lackaufbereitung;technisch lokal auflösbar;;https://powertech-performance.com/pages/impressum.html;nein
https://powertech-performance.com/blog/harte-weiche-autolacke-lackaufbereitung/;https://powertech-performance.com/;Powertech Performance Logo;Bestand: Seitenlink;Header;Lackaufbereitung;technisch lokal auflösbar;;https://powertech-performance.com/;nein
https://powertech-performance.com/blog/harte-weiche-autolacke-lackaufbereitung/;https://powertech-performance.com/#leistungen;Autoaufbereitung;Bestand: Sprunglink;Navigation;Lackaufbereitung;technisch lokal auflösbar;;https://powertech-performance.com/;nein
https://powertech-performance.com/blog/harte-weiche-autolacke-lackaufbereitung/;https://powertech-performance.com/#ueber-uns;Über uns;Bestand: Sprunglink;Navigation;Lackaufbereitung;Sprungziel fehlt;"Passende existierende Abschnitts-ID verwenden; keine Inhaltsbehauptung aus dem alten Anchor übernehmen";https://powertech-performance.com/;nein
https://powertech-performance.com/blog/harte-weiche-autolacke-lackaufbereitung/;https://powertech-performance.com/blog/;Blog;Bestand: Seitenlink;Navigation;Lackaufbereitung;technisch lokal auflösbar;;https://powertech-performance.com/blog/;nein
https://powertech-performance.com/blog/harte-weiche-autolacke-lackaufbereitung/;https://powertech-performance.com/pages/kontakt.html;Kontakt;Bestand: Seitenlink;Navigation;Lackaufbereitung;technisch lokal auflösbar;;https://powertech-performance.com/pages/kontakt.html;nein
https://powertech-performance.com/blog/harte-weiche-autolacke-lackaufbereitung/;https://powertech-performance.com/pages/kontakt.html;Jetzt anfragen;Bestand: Seitenlink;Inhalt;Lackaufbereitung;Generischer Anchor;"Im redaktionellen Text Zielthema nennen; generische Formular-CTAs dürfen bleiben";https://powertech-performance.com/pages/kontakt.html;nein
https://powertech-performance.com/blog/harte-weiche-autolacke-lackaufbereitung/;https://powertech-performance.com/blog/;Blog;Bestand: Seitenlink;Breadcrumb;Lackaufbereitung;technisch lokal auflösbar;;https://powertech-performance.com/blog/;nein
https://powertech-performance.com/blog/harte-weiche-autolacke-lackaufbereitung/;https://powertech-performance.com/pages/kontakt.html;Jetzt unverbindlich anfragen;Bestand: Seitenlink;Inhalt;Lackaufbereitung;Generischer Anchor;"Im redaktionellen Text Zielthema nennen; generische Formular-CTAs dürfen bleiben";https://powertech-performance.com/pages/kontakt.html;nein
https://powertech-performance.com/blog/harte-weiche-autolacke-lackaufbereitung/;https://powertech-performance.com/#leistungen;Alle Leistungen ansehen;Bestand: Sprunglink;Sidebar;Lackaufbereitung;technisch lokal auflösbar;;https://powertech-performance.com/;nein
https://powertech-performance.com/blog/harte-weiche-autolacke-lackaufbereitung/;https://powertech-performance.com/pages/kontakt.html;Zur Kontaktseite;Bestand: Seitenlink;Sidebar;Lackaufbereitung;technisch lokal auflösbar;;https://powertech-performance.com/pages/kontakt.html;nein
https://powertech-performance.com/blog/harte-weiche-autolacke-lackaufbereitung/;https://powertech-performance.com/pages/impressum.html;Impressum;Bestand: Seitenlink;Navigation;Lackaufbereitung;technisch lokal auflösbar;;https://powertech-performance.com/pages/impressum.html;nein
https://powertech-performance.com/blog/harte-weiche-autolacke-lackaufbereitung/;https://powertech-performance.com/pages/datenschutz.html;Datenschutzerklärung;Bestand: Seitenlink;Navigation;Lackaufbereitung;technisch lokal auflösbar;;https://powertech-performance.com/pages/datenschutz.html;nein
https://powertech-performance.com/blog/harte-weiche-autolacke-lackaufbereitung/;https://powertech-performance.com/pages/cookie-einstellungen.html;Cookie-Einstellungen;Bestand: Seitenlink;Navigation;Lackaufbereitung;technisch lokal auflösbar;;https://powertech-performance.com/pages/cookie-einstellungen.html;nein
https://powertech-performance.com/blog/harte-weiche-autolacke-lackaufbereitung/;https://powertech-performance.com/pages/seitenuebersicht.html;Seitenübersicht;Bestand: Seitenlink;Navigation;Lackaufbereitung;technisch lokal auflösbar;;https://powertech-performance.com/pages/seitenuebersicht.html;nein
https://powertech-performance.com/blog/harte-weiche-autolacke-lackaufbereitung/;https://powertech-performance.com/pages/impressum.html;Impressum;Bestand: Seitenlink;Inhalt;Lackaufbereitung;technisch lokal auflösbar;;https://powertech-performance.com/pages/impressum.html;nein
https://powertech-performance.com/blog/;https://powertech-performance.com/;Powertech Performance Logo;Bestand: Seitenlink;Header;Autoaufbereitung;technisch lokal auflösbar;;https://powertech-performance.com/;nein
https://powertech-performance.com/blog/;https://powertech-performance.com/#leistungen;Autoaufbereitung;Bestand: Sprunglink;Navigation;Autoaufbereitung;technisch lokal auflösbar;;https://powertech-performance.com/;nein
https://powertech-performance.com/blog/;https://powertech-performance.com/#ueber-uns;Über uns;Bestand: Sprunglink;Navigation;Autoaufbereitung;Sprungziel fehlt;"Passende existierende Abschnitts-ID verwenden; keine Inhaltsbehauptung aus dem alten Anchor übernehmen";https://powertech-performance.com/;nein
https://powertech-performance.com/blog/;https://powertech-performance.com/blog/;Blog;Bestand: Seitenlink;Navigation;Autoaufbereitung;technisch lokal auflösbar;;https://powertech-performance.com/blog/;nein
https://powertech-performance.com/blog/;https://powertech-performance.com/pages/kontakt.html;Kontakt;Bestand: Seitenlink;Navigation;Autoaufbereitung;technisch lokal auflösbar;;https://powertech-performance.com/pages/kontakt.html;nein
https://powertech-performance.com/blog/;https://powertech-performance.com/blog/wie-oft-auto-aufbereiten-lassen.html;Autoaufbereitung Wie oft sollte man sein Auto professionell aufbereiten lassen? Ein gepflegtes Fahrzeug behält seinen Wert länger. Wir erklären, in welchem Rhythmus sich eine professionelle Aufbereitung wirklich lohnt. Powertech Performance Artikel lesen →;Bestand: Seitenlink;Inhalt;Autoaufbereitung;technisch lokal auflösbar;;https://powertech-performance.com/blog/wie-oft-auto-aufbereiten-lassen.html;nein
https://powertech-performance.com/blog/;https://powertech-performance.com/blog/wie-lange-dauert-adblue-off/;Chiptuning & Software AdBlue Probleme dauerhaft lösen: Ablauf und Dauer der Software-Optimierung Wie lange dauert eine AdBlue Deaktivierung? ⏱️ Erfahre alles über den Ablauf, die Zeitspanne von nur 1–2 Stunden und wie du Fehlermeldungen dauerhaft stoppst. Powertech Performance Artikel lesen →;Bestand: Seitenlink;Inhalt;Autoaufbereitung;Themenübergang manuell prüfen;;https://powertech-performance.com/blog/wie-lange-dauert-adblue-off/;nein
https://powertech-performance.com/blog/;https://powertech-performance.com/blog/adblue-deaktivieren-vor-nachteile-wahrheit/;Chiptuning & Software Adblue deaktivieren vor und nachteile Schluss mit AdBlue-Fehlern & teuren Reparaturen! Erfahre, warum das Deaktivieren dein Auto rettet. Alle Vor- & Nachteile im Faktencheck. Jetzt Termin in Erfurt sichern! Powertech Performance Artikel lesen →;Bestand: Seitenlink;Inhalt;Autoaufbereitung;Themenübergang manuell prüfen;;https://powertech-performance.com/blog/adblue-deaktivieren-vor-nachteile-wahrheit/;nein
https://powertech-performance.com/blog/;https://powertech-performance.com/blog/innenreinigung-auto-in-der-naehe/;Fahrzeugpflege Professionelle Innenreinigung Auto in der Nähe bei PowerTech Performance Finde deine Innenreinigung Auto in der Nähe bei PowerTech Performance für erstklassige Pflege und Werterhalt deines Fahrzeugs. Powertech Performance Artikel lesen →;Bestand: Seitenlink;Inhalt;Autoaufbereitung;Themenübergang manuell prüfen;;https://powertech-performance.com/blog/innenreinigung-auto-in-der-naehe/;nein
https://powertech-performance.com/blog/;https://powertech-performance.com/blog/professionelle-keramikversiegelung-erfurt/;Keramikversiegelung Professionelle Keramikversiegelung – Maximaler Schutz für dein Fahrzeug Professionelle Keramikversiegelung mit 2 Jahren oder 50.000 km Garantie. Maximaler Lackschutz, extremer Glanz. Jetzt Termin sichern Powertech Performance Artikel lesen →;Bestand: Seitenlink;Inhalt;Autoaufbereitung;Themenübergang manuell prüfen;;https://powertech-performance.com/blog/professionelle-keramikversiegelung-erfurt/;nein
https://powertech-performance.com/blog/;https://powertech-performance.com/blog/chiptuning-raum-erfurt/;Chiptuning & Software Chiptuning Raum Erfurt – Mehr Leistung und Fahrspaß mit PowerTech Performance Professionelles Chiptuning in Erfurt: Mehr Leistung, weniger Verbrauch. PowerTech Performance bietet individuelle Motoroptimierung mit Garantie. Powertech Performance Artikel lesen →;Bestand: Seitenlink;Inhalt;Autoaufbereitung;Themenübergang manuell prüfen;;https://powertech-performance.com/blog/chiptuning-raum-erfurt/;nein
https://powertech-performance.com/blog/;https://powertech-performance.com/blog/auto-selber-waschen-erfurt/;Fahrzeugpflege 🚗 Auto selber waschen in Erfurt – Hier findest du SB-Waschboxe Entdecke SB-Waschanlagen in Erfurt, um dein Auto selber zu waschen. Mit Google-Maps-Links Powertech Performance Artikel lesen →;Bestand: Seitenlink;Inhalt;Autoaufbereitung;technisch lokal auflösbar;;https://powertech-performance.com/blog/auto-selber-waschen-erfurt/;nein
https://powertech-performance.com/blog/;https://powertech-performance.com/blog/softwareoptimierung-dpf-off-erfurt/;Chiptuning & Software Professionelle Softwareoptimierung & DPF-Management Professionelle Kennfeldoptimierung, Stage 1+2 & DPF Off in Erfurt. Benjamin Lemmer: Maximale Leistung & softwareseitige Deaktivierung für Motorsport & Export. Powertech Performance Artikel lesen →;Bestand: Seitenlink;Inhalt;Autoaufbereitung;Themenübergang manuell prüfen;;https://powertech-performance.com/blog/softwareoptimierung-dpf-off-erfurt/;nein
https://powertech-performance.com/blog/;https://powertech-performance.com/blog/harte-und-weiche-autolacke-der-geheime-schlssel-zur-perfekten-lackaufbereitung-2/;Lackaufbereitung Harte und weiche Autolacke: Der geheime Schlüssel zur perfekten Lackaufbereitung Welche Autolacke sind hart, welche weich? Erfahren Sie, wie Automarken sich unterscheiden und warum die richtige Lackhärte über den perfekten Schutz entscheidet. Powertech Performance Artikel lesen →;Bestand: Seitenlink;Inhalt;Autoaufbereitung;Themenübergang manuell prüfen;;https://powertech-performance.com/blog/harte-und-weiche-autolacke-der-geheime-schlssel-zur-perfekten-lackaufbereitung-2/;nein
https://powertech-performance.com/blog/;https://powertech-performance.com/blog/fahrzeugaufbereitung-erfurt/;Fahrzeugpflege Fahrzeugaufbereitung Erfurt: Glänzendes Auto mit PowerTech Performance Entdecke professionelle Fahrzeugaufbereitung Erfurt mit Keramikversiegelung. Jetzt Termin bei PowerTech Performance sichern! Powertech Performance Artikel lesen →;Bestand: Seitenlink;Inhalt;Autoaufbereitung;technisch lokal auflösbar;;https://powertech-performance.com/blog/fahrzeugaufbereitung-erfurt/;nein
https://powertech-performance.com/blog/;https://powertech-performance.com/blog/adblue-deaktivierung/;Chiptuning & Software AdBlue Deaktivierung – professionelle Lösung für Diesel-Fahrzeuge Professionelle AdBlue-Deaktivierung. Dauerhafte Softwarelösung für Diesel-Fahrzeuge – sicher, rückrüstbar & ohne Ausbau. Powertech Performance Artikel lesen →;Bestand: Seitenlink;Inhalt;Autoaufbereitung;Themenübergang manuell prüfen;;https://powertech-performance.com/blog/adblue-deaktivierung/;nein
https://powertech-performance.com/blog/;https://powertech-performance.com/blog/keramikversiegelung-erfurt-high-end-lackschutz-powertech-performance/;Keramikversiegelung Keramikversiegelung in Erfurt: Exklusiver Lackschutz für maximalen Glanz Dauerhafter Schutz & extremer Tiefenglanz für Ihr Auto. Entdecken Sie die professionelle Keramikversiegelung in Erfurt bei PowerTech Performance. Jetzt anfragen! Powertech Performance Artikel lesen →;Bestand: Seitenlink;Inhalt;Autoaufbereitung;Themenübergang manuell prüfen;;https://powertech-performance.com/blog/keramikversiegelung-erfurt-high-end-lackschutz-powertech-performance/;nein
https://powertech-performance.com/blog/;https://powertech-performance.com/blog/flugzeugaufbereitung-innenreinigung-erfurt/;Sonderfahrzeuge Flugzeugaufbereitung & Innenreinigung Erfurt | PowerTech Performance Professionelle Flugzeugaufbereitung in Erfurt. PowerTech Performance bietet Flugzeuginnenreinigung & Außenpflege für Werterhalt und Glanz. Jetzt Termin anfragen! Powertech Performance Artikel lesen →;Bestand: Seitenlink;Inhalt;Autoaufbereitung;Themenübergang manuell prüfen;;https://powertech-performance.com/blog/flugzeugaufbereitung-innenreinigung-erfurt/;nein
https://powertech-performance.com/blog/;https://powertech-performance.com/blog/harte-und-weiche-autolacke-der-geheime-schlssel-zur-perfekten-lackaufbereitung/;Lackaufbereitung Harte und weiche Autolacke: Der geheime Schlüssel zur perfekten Lackaufbereitung Welche Autolacke sind hart, welche weich? Erfahren Sie, wie Automarken sich unterscheiden und warum die richtige Lackhärte über den perfekten Schutz entscheidet. Powertech Performance Artikel lesen →;Bestand: Seitenlink;Inhalt;Autoaufbereitung;Themenübergang manuell prüfen;;https://powertech-performance.com/blog/harte-und-weiche-autolacke-der-geheime-schlssel-zur-perfekten-lackaufbereitung/;nein
https://powertech-performance.com/blog/;https://powertech-performance.com/blog/harte-weiche-autolacke-lackaufbereitung/;Lackaufbereitung Harte und weiche Autolacke: Der geheime Schlüssel zur perfekten Lackaufbereitung Welche Autolacke sind hart, welche weich? Erfahren Sie, wie Automarken sich unterscheiden und warum die richtige Lackhärte über den perfekten Schutz entscheidet. Powertech Performance Artikel lesen →;Bestand: Seitenlink;Inhalt;Autoaufbereitung;Themenübergang manuell prüfen;;https://powertech-performance.com/blog/harte-weiche-autolacke-lackaufbereitung/;nein
https://powertech-performance.com/blog/;https://powertech-performance.com/blog/chiptuning-raumerfurt/;Chiptuning & Software Chiptuning im Raum Erfurt: Entfesseln Sie die wahre Leistung Ihres Fahrzeugs Professionelles Chiptuning im Raum Erfurt für Ihr Fahrzeug. Mehr PS, höheres Drehmoment & weniger Verbrauch. Jetzt bei Powertech Performance beraten lassen! Powertech Performance Artikel lesen →;Bestand: Seitenlink;Inhalt;Autoaufbereitung;Themenübergang manuell prüfen;;https://powertech-performance.com/blog/chiptuning-raumerfurt/;nein
https://powertech-performance.com/blog/;https://powertech-performance.com/blog/aufbereiter-vs-detailer-unterschied/;Fahrzeugpflege Aufbereiter vs. Detailer: Wo liegt der wahre Unterschied für Ihr Fahrzeug? Was unterscheidet eine Autoaufbereitung vom professionellen Detailing? Erfahren Sie alles über Lackkorrektur, Keramikversiegelung und den perfekten Schutz. Powertech Performance Artikel lesen →;Bestand: Seitenlink;Inhalt;Autoaufbereitung;technisch lokal auflösbar;;https://powertech-performance.com/blog/aufbereiter-vs-detailer-unterschied/;nein
https://powertech-performance.com/blog/;https://powertech-performance.com/blog/lackierung-oldtimer-erfurt-lackaufbereitung-keramik/;Keramikversiegelung Was Ihr Oldtimer Ihnen verschweigt: Warum eine einfache Politur Ihren Klassiker ruinieren kann Lackierung Oldtimer Erfurt, Lackaufbereitung Erfurt, Oldtimer Restauration Lack, Keramikversiegelung Oldtimer, PowerTech Performance, Autopflege Erfurt Klassiker, Werterhalt Oldtimer Thüringen Powertech Performance Artikel lesen →;Bestand: Seitenlink;Inhalt;Autoaufbereitung;Themenübergang manuell prüfen;;https://powertech-performance.com/blog/lackierung-oldtimer-erfurt-lackaufbereitung-keramik/;nein
https://powertech-performance.com/blog/;https://powertech-performance.com/blog/haltbarkeit-keramikversiegelung-lackschutz/;Keramikversiegelung Haltbarkeit einer Keramikversiegelung: Wie lange hält der Lackschutz wirklich? Wie lange hält eine Keramikversiegelung auf dem Auto? Erfahren Sie alle Faktoren, reale Standzeiten und wie Sie den Premium-Schutz maximal verlängern. Powertech Performance Artikel lesen →;Bestand: Seitenlink;Inhalt;Autoaufbereitung;Themenübergang manuell prüfen;;https://powertech-performance.com/blog/haltbarkeit-keramikversiegelung-lackschutz/;nein
https://powertech-performance.com/blog/;https://powertech-performance.com/blog/leasingauto-aufbereiten/;Leasing & Rückgabe Leasingauto zurückgeben – warum sich eine professionelle Aufbereitung wirklich lohnt Leasingauto zurückgeben? Mit professioneller Aufbereitung vermeiden Sie teure Nachzahlungen bei der Leasingrückgabe. Jetzt informieren. Powertech Performance Artikel lesen →;Bestand: Seitenlink;Inhalt;Autoaufbereitung;Themenübergang manuell prüfen;;https://powertech-performance.com/blog/leasingauto-aufbereiten/;nein
https://powertech-performance.com/blog/;https://powertech-performance.com/blog/softwareoptimierung-erfurt/;Chiptuning & Software Softwareoptimierung Erfurt: Mehr Leistung und Effizienz für dein Fahrzeug Entdecke die Vorteile der Softwareoptimierung Erfurt für mehr Leistung, Effizienz und Fahrspaß. Jetzt Termin zur Optimierung sichern! Powertech Performance Artikel lesen →;Bestand: Seitenlink;Inhalt;Autoaufbereitung;Themenübergang manuell prüfen;;https://powertech-performance.com/blog/softwareoptimierung-erfurt/;nein
https://powertech-performance.com/blog/;https://powertech-performance.com/blog/motorwaesche-erfurt-vorteile-kosten/;Fahrzeugpflege Motorwäsche Gönnen Sie Ihrem Motor Profi-Pflege bei PowerTech Performance Erfurt. Schutz vor Korrosion, Werterhalt & saubere Technik. Jetzt Termin vereinbaren! Powertech Performance Artikel lesen →;Bestand: Seitenlink;Inhalt;Autoaufbereitung;Themenübergang manuell prüfen;;https://powertech-performance.com/blog/motorwaesche-erfurt-vorteile-kosten/;nein
https://powertech-performance.com/blog/;https://powertech-performance.com/blog/leasingrueckgabe-checkliste/;Leasing & Rückgabe Leasingrückgabe Checkliste – So vermeiden Sie unnötige Kosten Leasingrückgabe leicht gemacht: Mit dieser Checkliste vermeiden Sie unnötige Kosten und geben Ihr Fahrzeug stressfrei zurück. Jetzt vorbereiten! Powertech Performance Artikel lesen →;Bestand: Seitenlink;Inhalt;Autoaufbereitung;Themenübergang manuell prüfen;;https://powertech-performance.com/blog/leasingrueckgabe-checkliste/;nein
https://powertech-performance.com/blog/;https://powertech-performance.com/blog/profi-keramikversiegelung/;Keramikversiegelung Profi Keramikversiegelung – der ultimative Lackschutz für dein Fahrzeug Profi Keramikversiegelung schützt dein Auto langfristig vor Kratzern, UV-Strahlung & Schmutz. PowerTech Performance – Perfektion für deinen Lack. Powertech Performance Artikel lesen →;Bestand: Seitenlink;Inhalt;Autoaufbereitung;Themenübergang manuell prüfen;;https://powertech-performance.com/blog/profi-keramikversiegelung/;nein
https://powertech-performance.com/blog/;https://powertech-performance.com/blog/oldtimer-aufbereitung-erfurt-wertschonende-pflege/;Sonderfahrzeuge Oldtimer Aufbereitung Erfurt | Werterhalt & High-End Pflege Exklusive Oldtimer-Aufbereitung in Erfurt bei PowerTech Performance. Benjamin bewahrt die Patina & schützt den Originallack Ihres Klassikers. Werterhalt & Keramikschutz bis 50.000km ab 1.000 €. Jetzt anfragen! Powertech Performance Artikel lesen →;Bestand: Seitenlink;Inhalt;Autoaufbereitung;Themenübergang manuell prüfen;;https://powertech-performance.com/blog/oldtimer-aufbereitung-erfurt-wertschonende-pflege/;nein
https://powertech-performance.com/blog/;https://powertech-performance.com/blog/motorradaufbereitung-keramikversiegelung-experte/;Keramikversiegelung Motorradaufbereitung & Keramikschutz | Powertech Performance Benjamin Bring dein Bike zum Strahlen! Benjamin von Powertech Performance bietet High-End Motorradaufbereitung, Lackkorrektur und Langzeit-Keramikversiegelung. Jetzt Termin anfragen! Powertech Performance Artikel lesen →;Bestand: Seitenlink;Inhalt;Autoaufbereitung;Themenübergang manuell prüfen;;https://powertech-performance.com/blog/motorradaufbereitung-keramikversiegelung-experte/;nein
https://powertech-performance.com/blog/;https://powertech-performance.com/blog/professionelle-cabrioverdeck-impraegnierung-und-reinigung/;Sonderfahrzeuge Professionelle Cabrioverdeck Imprägnierung & Reinigung | Powertech Performance Verlängern Sie die Lebensdauer Ihres Cabriodachs. Wir bieten fachgerechte Tiefenreinigung & High-End-Imprägnierung mit extremem Abperleffekt & UV-Schutz. Jetzt Termin sichern! Powertech Performance Artikel lesen →;Bestand: Seitenlink;Inhalt;Autoaufbereitung;Themenübergang manuell prüfen;;https://powertech-performance.com/blog/professionelle-cabrioverdeck-impraegnierung-und-reinigung/;nein
https://powertech-performance.com/blog/;https://powertech-performance.com/blog/lackkorrektur-wofuer-gut-werterhalt/;Lackaufbereitung Lackkorrektur: Wofür ist das gut? | PowerTech Performance Was bringt eine professionelle Lackkorrektur wirklich? Erfahren Sie alles über maximalen Tiefenglanz, Kratzerentfernung, Werterhalt und perfekten Lackschutz. Powertech Performance Artikel lesen →;Bestand: Seitenlink;Inhalt;Autoaufbereitung;Themenübergang manuell prüfen;;https://powertech-performance.com/blog/lackkorrektur-wofuer-gut-werterhalt/;nein
https://powertech-performance.com/blog/;https://powertech-performance.com/blog/1-step-politur-erklaert/;Lackaufbereitung 1-Step Politur erklärt – Glanz für den Autolack Was ist eine 1-Step Politur? Jetzt einfach erklärt. Vorteile, Ablauf und wie der Fahrzeuglack sichtbar aufgewertet wird. Powertech Performance Artikel lesen →;Bestand: Seitenlink;Inhalt;Autoaufbereitung;Themenübergang manuell prüfen;;https://powertech-performance.com/blog/1-step-politur-erklaert/;nein
https://powertech-performance.com/blog/;https://powertech-performance.com/blog/1-step-2-step-oder-lackkorrektur-lackaufbereitung-im-vergleich/;Lackaufbereitung 1-Step, 2-Step oder Lackkorrektur? Lackaufbereitung im Vergleich Was ist der Unterschied zwischen 1-Step Politur, 2-Step Politur und Lackkorrektur? Finde das perfekte Verfahren für maximalen Tiefenglanz und Fahrzeugschutz. Powertech Performance Artikel lesen →;Bestand: Seitenlink;Inhalt;Autoaufbereitung;Themenübergang manuell prüfen;;https://powertech-performance.com/blog/1-step-2-step-oder-lackkorrektur-lackaufbereitung-im-vergleich/;nein
https://powertech-performance.com/blog/;https://powertech-performance.com/blog/was-kostet-eine-auto-reinigung/;Fahrzeugpflege Was kostet eine Auto Innenreinigung? Eine Auto Innenreinigung ist mehr als nur Sauberkeit – sie ist Werterhalt, Pflege und Komfort. Erfahre, warum hochwertige Aufbereitung keine Standardpreise kennt und jedes Fahrzeug ein individuelles Konzept verdient. Powertech Performance Artikel lesen →;Bestand: Seitenlink;Inhalt;Autoaufbereitung;Themenübergang manuell prüfen;;https://powertech-performance.com/blog/was-kostet-eine-auto-reinigung/;nein
https://powertech-performance.com/blog/;https://powertech-performance.com/blog/keramikversiegelung-profi-lackschutz/;Keramikversiegelung Keramikversiegelung vom Profi: Warum dein Fahrzeug mehr verdient als nur Standard-Pflege Schütze dein Fahrzeug mit einer professionellen Keramikversiegelung von Powertech Performance. Benjamin erklärt die Vorteile von Lackschutz, Glanz und Werterhalt. Jetzt beraten lassen! Powertech Performance Artikel lesen →;Bestand: Seitenlink;Inhalt;Autoaufbereitung;Themenübergang manuell prüfen;;https://powertech-performance.com/blog/keramikversiegelung-profi-lackschutz/;nein
https://powertech-performance.com/blog/;https://powertech-performance.com/blog/boot-aufbereitung-keramikversiegelung-marine/;Keramikversiegelung Yacht- & Boot-Versiegelung: Maximaler Schutz gegen Salzwasser & Verwitterung Schütze dein Boot mit High-End Keramikversiegelung. Schutz vor Salzwasser, Verwitterung und Algen. Benjamin von Powertech Performance macht dein Boot fit für die See. Powertech Performance Artikel lesen →;Bestand: Seitenlink;Inhalt;Autoaufbereitung;Themenübergang manuell prüfen;;https://powertech-performance.com/blog/boot-aufbereitung-keramikversiegelung-marine/;nein
https://powertech-performance.com/blog/;https://powertech-performance.com/blog/keramik-fuer-auto-erfurt-vorteile-haltbarkeit/;Keramikversiegelung Keramik für Auto in Erfurt | Bis 50.000km Schutz & Glanz Was bringt eine Keramik für das Auto? Benjamin von PowerTech Performance Erfurt erklärt Vorteile, Kosten und den Schutz bis 50.000km. Qualität ab 1.000 €. Powertech Performance Artikel lesen →;Bestand: Seitenlink;Inhalt;Autoaufbereitung;Themenübergang manuell prüfen;;https://powertech-performance.com/blog/keramik-fuer-auto-erfurt-vorteile-haltbarkeit/;nein
https://powertech-performance.com/blog/;https://powertech-performance.com/blog/porsche-aufbereitung-erfurt-keramikversiegelung-zertifiziert/;Keramikversiegelung Porsche Aufbereitung in Erfurt: Werterhalt & Perfektion für Ihren Sportwagen Exklusive Porsche Aufbereitung in Erfurt bei PowerTech Performance. Benjamin ist Ihr zertifizierter Profi für 911, Taycan & Co. Lackkorrektur & Keramikschutz bis 50.000km. Werterhalt ab 1.000 €. Hier informieren! Powertech Performance Artikel lesen →;Bestand: Seitenlink;Inhalt;Autoaufbereitung;Themenübergang manuell prüfen;;https://powertech-performance.com/blog/porsche-aufbereitung-erfurt-keramikversiegelung-zertifiziert/;nein
https://powertech-performance.com/blog/;https://powertech-performance.com/blog/audi-r8-aufbereitung-erfurt-keramikversiegelung/;Keramikversiegelung Audi R8 Aufbereitung in Erfurt: High-End-Pflege & Werterhalt auf höchstem Niveau Profi-Audi R8 Aufbereitung in Erfurt bei PowerTech Performance. Zertifizierte Lackkorrektur & Keramikversiegelung (bis 50.000km Schutz) für maximalen Werterhalt. Erfahren Sie, warum Perfektion bei Benjamin ab 1.000 € beginnt. Jetzt Termin sichern! Powertech Performance Artikel lesen →;Bestand: Seitenlink;Inhalt;Autoaufbereitung;Themenübergang manuell prüfen;;https://powertech-performance.com/blog/audi-r8-aufbereitung-erfurt-keramikversiegelung/;nein
https://powertech-performance.com/blog/;https://powertech-performance.com/blog/leasing-rueckgabe-aufbereitung-erfurt/;Leasing & Rückgabe Leasing-Rückgabe: So vermeiden Sie hohe Nachzahlungen Hohe Nachzahlung bei Leasingrückgabe vermeiden? PowerTech Performance in Erfurt bereitet Ihr Auto professionell auf. Jetzt Termin vereinbaren & Geld sparen! Powertech Performance Artikel lesen →;Bestand: Seitenlink;Inhalt;Autoaufbereitung;Themenübergang manuell prüfen;;https://powertech-performance.com/blog/leasing-rueckgabe-aufbereitung-erfurt/;nein
https://powertech-performance.com/blog/;https://powertech-performance.com/blog/professionelle-innenreinigung-auto-in-der-naehe/;Fahrzeugpflege Professionelle Innenreinigung Auto in der Nähe Entdecken Sie die Vorteile einer professionellen Innenreinigung Auto in der Nähe. Saubere Sitze, frischer Duft und Werterhalt für Ihr Fahrzeug. Powertech Performance Artikel lesen →;Bestand: Seitenlink;Inhalt;Autoaufbereitung;Themenübergang manuell prüfen;;https://powertech-performance.com/blog/professionelle-innenreinigung-auto-in-der-naehe/;nein
https://powertech-performance.com/blog/;https://powertech-performance.com/blog/blog-keramikversiegelung/;Keramikversiegelung Keramikversiegelung fürs Auto: Glanz, Schutz & Werterhalt Stell dir vor, dein Auto sieht auch in drei Jahren noch so aus, als hättest du es gerade frisch abgeholt. Keine stumpfe Farbe, keine ausgeblichenen Stellen Powertech Performance Artikel lesen →;Bestand: Seitenlink;Inhalt;Autoaufbereitung;Themenübergang manuell prüfen;;https://powertech-performance.com/blog/blog-keramikversiegelung/;nein
https://powertech-performance.com/blog/;https://powertech-performance.com/pages/impressum.html;Impressum;Bestand: Seitenlink;Navigation;Autoaufbereitung;technisch lokal auflösbar;;https://powertech-performance.com/pages/impressum.html;nein
https://powertech-performance.com/blog/;https://powertech-performance.com/pages/datenschutz.html;Datenschutzerklärung;Bestand: Seitenlink;Navigation;Autoaufbereitung;technisch lokal auflösbar;;https://powertech-performance.com/pages/datenschutz.html;nein
https://powertech-performance.com/blog/;https://powertech-performance.com/pages/cookie-einstellungen.html;Cookie-Einstellungen;Bestand: Seitenlink;Navigation;Autoaufbereitung;technisch lokal auflösbar;;https://powertech-performance.com/pages/cookie-einstellungen.html;nein
https://powertech-performance.com/blog/;https://powertech-performance.com/pages/seitenuebersicht.html;Seitenübersicht;Bestand: Seitenlink;Navigation;Autoaufbereitung;technisch lokal auflösbar;;https://powertech-performance.com/pages/seitenuebersicht.html;nein
https://powertech-performance.com/blog/;https://powertech-performance.com/pages/impressum.html;Impressum;Bestand: Seitenlink;Inhalt;Autoaufbereitung;technisch lokal auflösbar;;https://powertech-performance.com/pages/impressum.html;nein
https://powertech-performance.com/blog/innenreinigung-auto-in-der-naehe/;https://powertech-performance.com/;Powertech Performance Logo;Bestand: Seitenlink;Header;Innenraumreinigung;technisch lokal auflösbar;;https://powertech-performance.com/;nein
https://powertech-performance.com/blog/innenreinigung-auto-in-der-naehe/;https://powertech-performance.com/#leistungen;Autoaufbereitung;Bestand: Sprunglink;Navigation;Innenraumreinigung;technisch lokal auflösbar;;https://powertech-performance.com/;nein
https://powertech-performance.com/blog/innenreinigung-auto-in-der-naehe/;https://powertech-performance.com/#ueber-uns;Über uns;Bestand: Sprunglink;Navigation;Innenraumreinigung;Sprungziel fehlt;"Passende existierende Abschnitts-ID verwenden; keine Inhaltsbehauptung aus dem alten Anchor übernehmen";https://powertech-performance.com/;nein
https://powertech-performance.com/blog/innenreinigung-auto-in-der-naehe/;https://powertech-performance.com/blog/;Blog;Bestand: Seitenlink;Navigation;Innenraumreinigung;technisch lokal auflösbar;;https://powertech-performance.com/blog/;nein
https://powertech-performance.com/blog/innenreinigung-auto-in-der-naehe/;https://powertech-performance.com/pages/kontakt.html;Kontakt;Bestand: Seitenlink;Navigation;Innenraumreinigung;technisch lokal auflösbar;;https://powertech-performance.com/pages/kontakt.html;nein
https://powertech-performance.com/blog/innenreinigung-auto-in-der-naehe/;https://powertech-performance.com/pages/kontakt.html;Jetzt anfragen;Bestand: Seitenlink;Inhalt;Innenraumreinigung;Generischer Anchor;"Im redaktionellen Text Zielthema nennen; generische Formular-CTAs dürfen bleiben";https://powertech-performance.com/pages/kontakt.html;nein
https://powertech-performance.com/blog/innenreinigung-auto-in-der-naehe/;https://powertech-performance.com/blog/;Blog;Bestand: Seitenlink;Breadcrumb;Innenraumreinigung;technisch lokal auflösbar;;https://powertech-performance.com/blog/;nein
https://powertech-performance.com/blog/innenreinigung-auto-in-der-naehe/;https://powertech-performance.com/pages/kontakt.html;Startseite;Bestand: Seitenlink;Inhalt;Innenraumreinigung;Generischer Anchor | Anchor widerspricht Kontaktziel;"Im redaktionellen Text Zielthema nennen; generische Formular-CTAs dürfen bleiben | Anchor zu Kontakt ändern oder tatsächliche Startseite verlinken";https://powertech-performance.com/pages/kontakt.html;nein
https://powertech-performance.com/blog/innenreinigung-auto-in-der-naehe/;https://powertech-performance.com/#leistungen;Alle Leistungen ansehen;Bestand: Sprunglink;Sidebar;Innenraumreinigung;technisch lokal auflösbar;;https://powertech-performance.com/;nein
https://powertech-performance.com/blog/innenreinigung-auto-in-der-naehe/;https://powertech-performance.com/pages/kontakt.html;Zur Kontaktseite;Bestand: Seitenlink;Sidebar;Innenraumreinigung;technisch lokal auflösbar;;https://powertech-performance.com/pages/kontakt.html;nein
https://powertech-performance.com/blog/innenreinigung-auto-in-der-naehe/;https://powertech-performance.com/pages/impressum.html;Impressum;Bestand: Seitenlink;Navigation;Innenraumreinigung;technisch lokal auflösbar;;https://powertech-performance.com/pages/impressum.html;nein
https://powertech-performance.com/blog/innenreinigung-auto-in-der-naehe/;https://powertech-performance.com/pages/datenschutz.html;Datenschutzerklärung;Bestand: Seitenlink;Navigation;Innenraumreinigung;technisch lokal auflösbar;;https://powertech-performance.com/pages/datenschutz.html;nein
https://powertech-performance.com/blog/innenreinigung-auto-in-der-naehe/;https://powertech-performance.com/pages/cookie-einstellungen.html;Cookie-Einstellungen;Bestand: Seitenlink;Navigation;Innenraumreinigung;technisch lokal auflösbar;;https://powertech-performance.com/pages/cookie-einstellungen.html;nein
https://powertech-performance.com/blog/innenreinigung-auto-in-der-naehe/;https://powertech-performance.com/pages/seitenuebersicht.html;Seitenübersicht;Bestand: Seitenlink;Navigation;Innenraumreinigung;technisch lokal auflösbar;;https://powertech-performance.com/pages/seitenuebersicht.html;nein
https://powertech-performance.com/blog/innenreinigung-auto-in-der-naehe/;https://powertech-performance.com/pages/impressum.html;Impressum;Bestand: Seitenlink;Inhalt;Innenraumreinigung;technisch lokal auflösbar;;https://powertech-performance.com/pages/impressum.html;nein
https://powertech-performance.com/blog/keramik-fuer-auto-erfurt-vorteile-haltbarkeit/;https://powertech-performance.com/;Powertech Performance Logo;Bestand: Seitenlink;Header;Keramikversiegelung;technisch lokal auflösbar;;https://powertech-performance.com/;nein
https://powertech-performance.com/blog/keramik-fuer-auto-erfurt-vorteile-haltbarkeit/;https://powertech-performance.com/#leistungen;Autoaufbereitung;Bestand: Sprunglink;Navigation;Keramikversiegelung;technisch lokal auflösbar;;https://powertech-performance.com/;nein
https://powertech-performance.com/blog/keramik-fuer-auto-erfurt-vorteile-haltbarkeit/;https://powertech-performance.com/#ueber-uns;Über uns;Bestand: Sprunglink;Navigation;Keramikversiegelung;Sprungziel fehlt;"Passende existierende Abschnitts-ID verwenden; keine Inhaltsbehauptung aus dem alten Anchor übernehmen";https://powertech-performance.com/;nein
https://powertech-performance.com/blog/keramik-fuer-auto-erfurt-vorteile-haltbarkeit/;https://powertech-performance.com/blog/;Blog;Bestand: Seitenlink;Navigation;Keramikversiegelung;technisch lokal auflösbar;;https://powertech-performance.com/blog/;nein
https://powertech-performance.com/blog/keramik-fuer-auto-erfurt-vorteile-haltbarkeit/;https://powertech-performance.com/pages/kontakt.html;Kontakt;Bestand: Seitenlink;Navigation;Keramikversiegelung;technisch lokal auflösbar;;https://powertech-performance.com/pages/kontakt.html;nein
https://powertech-performance.com/blog/keramik-fuer-auto-erfurt-vorteile-haltbarkeit/;https://powertech-performance.com/pages/kontakt.html;Jetzt anfragen;Bestand: Seitenlink;Inhalt;Keramikversiegelung;Generischer Anchor;"Im redaktionellen Text Zielthema nennen; generische Formular-CTAs dürfen bleiben";https://powertech-performance.com/pages/kontakt.html;nein
https://powertech-performance.com/blog/keramik-fuer-auto-erfurt-vorteile-haltbarkeit/;https://powertech-performance.com/blog/;Blog;Bestand: Seitenlink;Breadcrumb;Keramikversiegelung;technisch lokal auflösbar;;https://powertech-performance.com/blog/;nein
https://powertech-performance.com/blog/keramik-fuer-auto-erfurt-vorteile-haltbarkeit/;https://powertech-performance.com/#leistungen;Alle Leistungen ansehen;Bestand: Sprunglink;Sidebar;Keramikversiegelung;technisch lokal auflösbar;;https://powertech-performance.com/;nein
https://powertech-performance.com/blog/keramik-fuer-auto-erfurt-vorteile-haltbarkeit/;https://powertech-performance.com/pages/kontakt.html;Zur Kontaktseite;Bestand: Seitenlink;Sidebar;Keramikversiegelung;technisch lokal auflösbar;;https://powertech-performance.com/pages/kontakt.html;nein
https://powertech-performance.com/blog/keramik-fuer-auto-erfurt-vorteile-haltbarkeit/;https://powertech-performance.com/pages/impressum.html;Impressum;Bestand: Seitenlink;Navigation;Keramikversiegelung;technisch lokal auflösbar;;https://powertech-performance.com/pages/impressum.html;nein
https://powertech-performance.com/blog/keramik-fuer-auto-erfurt-vorteile-haltbarkeit/;https://powertech-performance.com/pages/datenschutz.html;Datenschutzerklärung;Bestand: Seitenlink;Navigation;Keramikversiegelung;technisch lokal auflösbar;;https://powertech-performance.com/pages/datenschutz.html;nein
https://powertech-performance.com/blog/keramik-fuer-auto-erfurt-vorteile-haltbarkeit/;https://powertech-performance.com/pages/cookie-einstellungen.html;Cookie-Einstellungen;Bestand: Seitenlink;Navigation;Keramikversiegelung;technisch lokal auflösbar;;https://powertech-performance.com/pages/cookie-einstellungen.html;nein
https://powertech-performance.com/blog/keramik-fuer-auto-erfurt-vorteile-haltbarkeit/;https://powertech-performance.com/pages/seitenuebersicht.html;Seitenübersicht;Bestand: Seitenlink;Navigation;Keramikversiegelung;technisch lokal auflösbar;;https://powertech-performance.com/pages/seitenuebersicht.html;nein
https://powertech-performance.com/blog/keramik-fuer-auto-erfurt-vorteile-haltbarkeit/;https://powertech-performance.com/pages/impressum.html;Impressum;Bestand: Seitenlink;Inhalt;Keramikversiegelung;technisch lokal auflösbar;;https://powertech-performance.com/pages/impressum.html;nein
https://powertech-performance.com/blog/keramikversiegelung-erfurt-high-end-lackschutz-powertech-performance/;https://powertech-performance.com/;Powertech Performance Logo;Bestand: Seitenlink;Header;Keramikversiegelung;technisch lokal auflösbar;;https://powertech-performance.com/;nein
https://powertech-performance.com/blog/keramikversiegelung-erfurt-high-end-lackschutz-powertech-performance/;https://powertech-performance.com/#leistungen;Autoaufbereitung;Bestand: Sprunglink;Navigation;Keramikversiegelung;technisch lokal auflösbar;;https://powertech-performance.com/;nein
https://powertech-performance.com/blog/keramikversiegelung-erfurt-high-end-lackschutz-powertech-performance/;https://powertech-performance.com/#ueber-uns;Über uns;Bestand: Sprunglink;Navigation;Keramikversiegelung;Sprungziel fehlt;"Passende existierende Abschnitts-ID verwenden; keine Inhaltsbehauptung aus dem alten Anchor übernehmen";https://powertech-performance.com/;nein
https://powertech-performance.com/blog/keramikversiegelung-erfurt-high-end-lackschutz-powertech-performance/;https://powertech-performance.com/blog/;Blog;Bestand: Seitenlink;Navigation;Keramikversiegelung;technisch lokal auflösbar;;https://powertech-performance.com/blog/;nein
https://powertech-performance.com/blog/keramikversiegelung-erfurt-high-end-lackschutz-powertech-performance/;https://powertech-performance.com/pages/kontakt.html;Kontakt;Bestand: Seitenlink;Navigation;Keramikversiegelung;technisch lokal auflösbar;;https://powertech-performance.com/pages/kontakt.html;nein
https://powertech-performance.com/blog/keramikversiegelung-erfurt-high-end-lackschutz-powertech-performance/;https://powertech-performance.com/pages/kontakt.html;Jetzt anfragen;Bestand: Seitenlink;Inhalt;Keramikversiegelung;Generischer Anchor;"Im redaktionellen Text Zielthema nennen; generische Formular-CTAs dürfen bleiben";https://powertech-performance.com/pages/kontakt.html;nein
https://powertech-performance.com/blog/keramikversiegelung-erfurt-high-end-lackschutz-powertech-performance/;https://powertech-performance.com/blog/;Blog;Bestand: Seitenlink;Breadcrumb;Keramikversiegelung;technisch lokal auflösbar;;https://powertech-performance.com/blog/;nein
https://powertech-performance.com/blog/keramikversiegelung-erfurt-high-end-lackschutz-powertech-performance/;https://powertech-performance.com/pages/kontakt.html;Jetzt unverbindlich anfragen;Bestand: Seitenlink;Inhalt;Keramikversiegelung;Generischer Anchor;"Im redaktionellen Text Zielthema nennen; generische Formular-CTAs dürfen bleiben";https://powertech-performance.com/pages/kontakt.html;nein
https://powertech-performance.com/blog/keramikversiegelung-erfurt-high-end-lackschutz-powertech-performance/;https://powertech-performance.com/#leistungen;Alle Leistungen ansehen;Bestand: Sprunglink;Sidebar;Keramikversiegelung;technisch lokal auflösbar;;https://powertech-performance.com/;nein
https://powertech-performance.com/blog/keramikversiegelung-erfurt-high-end-lackschutz-powertech-performance/;https://powertech-performance.com/pages/kontakt.html;Zur Kontaktseite;Bestand: Seitenlink;Sidebar;Keramikversiegelung;technisch lokal auflösbar;;https://powertech-performance.com/pages/kontakt.html;nein
https://powertech-performance.com/blog/keramikversiegelung-erfurt-high-end-lackschutz-powertech-performance/;https://powertech-performance.com/pages/impressum.html;Impressum;Bestand: Seitenlink;Navigation;Keramikversiegelung;technisch lokal auflösbar;;https://powertech-performance.com/pages/impressum.html;nein
https://powertech-performance.com/blog/keramikversiegelung-erfurt-high-end-lackschutz-powertech-performance/;https://powertech-performance.com/pages/datenschutz.html;Datenschutzerklärung;Bestand: Seitenlink;Navigation;Keramikversiegelung;technisch lokal auflösbar;;https://powertech-performance.com/pages/datenschutz.html;nein
https://powertech-performance.com/blog/keramikversiegelung-erfurt-high-end-lackschutz-powertech-performance/;https://powertech-performance.com/pages/cookie-einstellungen.html;Cookie-Einstellungen;Bestand: Seitenlink;Navigation;Keramikversiegelung;technisch lokal auflösbar;;https://powertech-performance.com/pages/cookie-einstellungen.html;nein
https://powertech-performance.com/blog/keramikversiegelung-erfurt-high-end-lackschutz-powertech-performance/;https://powertech-performance.com/pages/seitenuebersicht.html;Seitenübersicht;Bestand: Seitenlink;Navigation;Keramikversiegelung;technisch lokal auflösbar;;https://powertech-performance.com/pages/seitenuebersicht.html;nein
https://powertech-performance.com/blog/keramikversiegelung-erfurt-high-end-lackschutz-powertech-performance/;https://powertech-performance.com/pages/impressum.html;Impressum;Bestand: Seitenlink;Inhalt;Keramikversiegelung;technisch lokal auflösbar;;https://powertech-performance.com/pages/impressum.html;nein
https://powertech-performance.com/blog/keramikversiegelung-profi-lackschutz/;https://powertech-performance.com/;Powertech Performance Logo;Bestand: Seitenlink;Header;Keramikversiegelung;technisch lokal auflösbar;;https://powertech-performance.com/;nein
https://powertech-performance.com/blog/keramikversiegelung-profi-lackschutz/;https://powertech-performance.com/#leistungen;Autoaufbereitung;Bestand: Sprunglink;Navigation;Keramikversiegelung;technisch lokal auflösbar;;https://powertech-performance.com/;nein
https://powertech-performance.com/blog/keramikversiegelung-profi-lackschutz/;https://powertech-performance.com/#ueber-uns;Über uns;Bestand: Sprunglink;Navigation;Keramikversiegelung;Sprungziel fehlt;"Passende existierende Abschnitts-ID verwenden; keine Inhaltsbehauptung aus dem alten Anchor übernehmen";https://powertech-performance.com/;nein
https://powertech-performance.com/blog/keramikversiegelung-profi-lackschutz/;https://powertech-performance.com/blog/;Blog;Bestand: Seitenlink;Navigation;Keramikversiegelung;technisch lokal auflösbar;;https://powertech-performance.com/blog/;nein
https://powertech-performance.com/blog/keramikversiegelung-profi-lackschutz/;https://powertech-performance.com/pages/kontakt.html;Kontakt;Bestand: Seitenlink;Navigation;Keramikversiegelung;technisch lokal auflösbar;;https://powertech-performance.com/pages/kontakt.html;nein
https://powertech-performance.com/blog/keramikversiegelung-profi-lackschutz/;https://powertech-performance.com/pages/kontakt.html;Jetzt anfragen;Bestand: Seitenlink;Inhalt;Keramikversiegelung;Generischer Anchor;"Im redaktionellen Text Zielthema nennen; generische Formular-CTAs dürfen bleiben";https://powertech-performance.com/pages/kontakt.html;nein
https://powertech-performance.com/blog/keramikversiegelung-profi-lackschutz/;https://powertech-performance.com/blog/;Blog;Bestand: Seitenlink;Breadcrumb;Keramikversiegelung;technisch lokal auflösbar;;https://powertech-performance.com/blog/;nein
https://powertech-performance.com/blog/keramikversiegelung-profi-lackschutz/;https://powertech-performance.com/pages/kontakt.html;Jetzt unverbindliches Angebot anfordern!;Bestand: Seitenlink;Inhalt;Keramikversiegelung;technisch lokal auflösbar;;https://powertech-performance.com/pages/kontakt.html;nein
https://powertech-performance.com/blog/keramikversiegelung-profi-lackschutz/;https://powertech-performance.com/#leistungen;Alle Leistungen ansehen;Bestand: Sprunglink;Sidebar;Keramikversiegelung;technisch lokal auflösbar;;https://powertech-performance.com/;nein
https://powertech-performance.com/blog/keramikversiegelung-profi-lackschutz/;https://powertech-performance.com/pages/kontakt.html;Zur Kontaktseite;Bestand: Seitenlink;Sidebar;Keramikversiegelung;technisch lokal auflösbar;;https://powertech-performance.com/pages/kontakt.html;nein
https://powertech-performance.com/blog/keramikversiegelung-profi-lackschutz/;https://powertech-performance.com/pages/impressum.html;Impressum;Bestand: Seitenlink;Navigation;Keramikversiegelung;technisch lokal auflösbar;;https://powertech-performance.com/pages/impressum.html;nein
https://powertech-performance.com/blog/keramikversiegelung-profi-lackschutz/;https://powertech-performance.com/pages/datenschutz.html;Datenschutzerklärung;Bestand: Seitenlink;Navigation;Keramikversiegelung;technisch lokal auflösbar;;https://powertech-performance.com/pages/datenschutz.html;nein
https://powertech-performance.com/blog/keramikversiegelung-profi-lackschutz/;https://powertech-performance.com/pages/cookie-einstellungen.html;Cookie-Einstellungen;Bestand: Seitenlink;Navigation;Keramikversiegelung;technisch lokal auflösbar;;https://powertech-performance.com/pages/cookie-einstellungen.html;nein
https://powertech-performance.com/blog/keramikversiegelung-profi-lackschutz/;https://powertech-performance.com/pages/seitenuebersicht.html;Seitenübersicht;Bestand: Seitenlink;Navigation;Keramikversiegelung;technisch lokal auflösbar;;https://powertech-performance.com/pages/seitenuebersicht.html;nein
https://powertech-performance.com/blog/keramikversiegelung-profi-lackschutz/;https://powertech-performance.com/pages/impressum.html;Impressum;Bestand: Seitenlink;Inhalt;Keramikversiegelung;technisch lokal auflösbar;;https://powertech-performance.com/pages/impressum.html;nein
https://powertech-performance.com/blog/lackierung-oldtimer-erfurt-lackaufbereitung-keramik/;https://powertech-performance.com/;Powertech Performance Logo;Bestand: Seitenlink;Header;Spezialfahrzeuge;technisch lokal auflösbar;;https://powertech-performance.com/;nein
https://powertech-performance.com/blog/lackierung-oldtimer-erfurt-lackaufbereitung-keramik/;https://powertech-performance.com/#leistungen;Autoaufbereitung;Bestand: Sprunglink;Navigation;Spezialfahrzeuge;technisch lokal auflösbar;;https://powertech-performance.com/;nein
https://powertech-performance.com/blog/lackierung-oldtimer-erfurt-lackaufbereitung-keramik/;https://powertech-performance.com/#ueber-uns;Über uns;Bestand: Sprunglink;Navigation;Spezialfahrzeuge;Sprungziel fehlt;"Passende existierende Abschnitts-ID verwenden; keine Inhaltsbehauptung aus dem alten Anchor übernehmen";https://powertech-performance.com/;nein
https://powertech-performance.com/blog/lackierung-oldtimer-erfurt-lackaufbereitung-keramik/;https://powertech-performance.com/blog/;Blog;Bestand: Seitenlink;Navigation;Spezialfahrzeuge;technisch lokal auflösbar;;https://powertech-performance.com/blog/;nein
https://powertech-performance.com/blog/lackierung-oldtimer-erfurt-lackaufbereitung-keramik/;https://powertech-performance.com/pages/kontakt.html;Kontakt;Bestand: Seitenlink;Navigation;Spezialfahrzeuge;technisch lokal auflösbar;;https://powertech-performance.com/pages/kontakt.html;nein
https://powertech-performance.com/blog/lackierung-oldtimer-erfurt-lackaufbereitung-keramik/;https://powertech-performance.com/pages/kontakt.html;Jetzt anfragen;Bestand: Seitenlink;Inhalt;Spezialfahrzeuge;Generischer Anchor;"Im redaktionellen Text Zielthema nennen; generische Formular-CTAs dürfen bleiben";https://powertech-performance.com/pages/kontakt.html;nein
https://powertech-performance.com/blog/lackierung-oldtimer-erfurt-lackaufbereitung-keramik/;https://powertech-performance.com/blog/;Blog;Bestand: Seitenlink;Breadcrumb;Spezialfahrzeuge;technisch lokal auflösbar;;https://powertech-performance.com/blog/;nein
https://powertech-performance.com/blog/lackierung-oldtimer-erfurt-lackaufbereitung-keramik/;https://powertech-performance.com/#leistungen;Alle Leistungen ansehen;Bestand: Sprunglink;Sidebar;Spezialfahrzeuge;technisch lokal auflösbar;;https://powertech-performance.com/;nein
https://powertech-performance.com/blog/lackierung-oldtimer-erfurt-lackaufbereitung-keramik/;https://powertech-performance.com/pages/kontakt.html;Zur Kontaktseite;Bestand: Seitenlink;Sidebar;Spezialfahrzeuge;technisch lokal auflösbar;;https://powertech-performance.com/pages/kontakt.html;nein
https://powertech-performance.com/blog/lackierung-oldtimer-erfurt-lackaufbereitung-keramik/;https://powertech-performance.com/pages/impressum.html;Impressum;Bestand: Seitenlink;Navigation;Spezialfahrzeuge;technisch lokal auflösbar;;https://powertech-performance.com/pages/impressum.html;nein
https://powertech-performance.com/blog/lackierung-oldtimer-erfurt-lackaufbereitung-keramik/;https://powertech-performance.com/pages/datenschutz.html;Datenschutzerklärung;Bestand: Seitenlink;Navigation;Spezialfahrzeuge;technisch lokal auflösbar;;https://powertech-performance.com/pages/datenschutz.html;nein
https://powertech-performance.com/blog/lackierung-oldtimer-erfurt-lackaufbereitung-keramik/;https://powertech-performance.com/pages/cookie-einstellungen.html;Cookie-Einstellungen;Bestand: Seitenlink;Navigation;Spezialfahrzeuge;technisch lokal auflösbar;;https://powertech-performance.com/pages/cookie-einstellungen.html;nein
https://powertech-performance.com/blog/lackierung-oldtimer-erfurt-lackaufbereitung-keramik/;https://powertech-performance.com/pages/seitenuebersicht.html;Seitenübersicht;Bestand: Seitenlink;Navigation;Spezialfahrzeuge;technisch lokal auflösbar;;https://powertech-performance.com/pages/seitenuebersicht.html;nein
https://powertech-performance.com/blog/lackierung-oldtimer-erfurt-lackaufbereitung-keramik/;https://powertech-performance.com/pages/impressum.html;Impressum;Bestand: Seitenlink;Inhalt;Spezialfahrzeuge;technisch lokal auflösbar;;https://powertech-performance.com/pages/impressum.html;nein
https://powertech-performance.com/blog/lackkorrektur-wofuer-gut-werterhalt/;https://powertech-performance.com/;Powertech Performance Logo;Bestand: Seitenlink;Header;Lackaufbereitung;technisch lokal auflösbar;;https://powertech-performance.com/;nein
https://powertech-performance.com/blog/lackkorrektur-wofuer-gut-werterhalt/;https://powertech-performance.com/#leistungen;Autoaufbereitung;Bestand: Sprunglink;Navigation;Lackaufbereitung;technisch lokal auflösbar;;https://powertech-performance.com/;nein
https://powertech-performance.com/blog/lackkorrektur-wofuer-gut-werterhalt/;https://powertech-performance.com/#ueber-uns;Über uns;Bestand: Sprunglink;Navigation;Lackaufbereitung;Sprungziel fehlt;"Passende existierende Abschnitts-ID verwenden; keine Inhaltsbehauptung aus dem alten Anchor übernehmen";https://powertech-performance.com/;nein
https://powertech-performance.com/blog/lackkorrektur-wofuer-gut-werterhalt/;https://powertech-performance.com/blog/;Blog;Bestand: Seitenlink;Navigation;Lackaufbereitung;technisch lokal auflösbar;;https://powertech-performance.com/blog/;nein
https://powertech-performance.com/blog/lackkorrektur-wofuer-gut-werterhalt/;https://powertech-performance.com/pages/kontakt.html;Kontakt;Bestand: Seitenlink;Navigation;Lackaufbereitung;technisch lokal auflösbar;;https://powertech-performance.com/pages/kontakt.html;nein
https://powertech-performance.com/blog/lackkorrektur-wofuer-gut-werterhalt/;https://powertech-performance.com/pages/kontakt.html;Jetzt anfragen;Bestand: Seitenlink;Inhalt;Lackaufbereitung;Generischer Anchor;"Im redaktionellen Text Zielthema nennen; generische Formular-CTAs dürfen bleiben";https://powertech-performance.com/pages/kontakt.html;nein
https://powertech-performance.com/blog/lackkorrektur-wofuer-gut-werterhalt/;https://powertech-performance.com/blog/;Blog;Bestand: Seitenlink;Breadcrumb;Lackaufbereitung;technisch lokal auflösbar;;https://powertech-performance.com/blog/;nein
https://powertech-performance.com/blog/lackkorrektur-wofuer-gut-werterhalt/;https://powertech-performance.com/pages/kontakt.html;Jetzt unverbindlich anfragen;Bestand: Seitenlink;Inhalt;Lackaufbereitung;Generischer Anchor;"Im redaktionellen Text Zielthema nennen; generische Formular-CTAs dürfen bleiben";https://powertech-performance.com/pages/kontakt.html;nein
https://powertech-performance.com/blog/lackkorrektur-wofuer-gut-werterhalt/;https://powertech-performance.com/#leistungen;Alle Leistungen ansehen;Bestand: Sprunglink;Sidebar;Lackaufbereitung;technisch lokal auflösbar;;https://powertech-performance.com/;nein
https://powertech-performance.com/blog/lackkorrektur-wofuer-gut-werterhalt/;https://powertech-performance.com/pages/kontakt.html;Zur Kontaktseite;Bestand: Seitenlink;Sidebar;Lackaufbereitung;technisch lokal auflösbar;;https://powertech-performance.com/pages/kontakt.html;nein
https://powertech-performance.com/blog/lackkorrektur-wofuer-gut-werterhalt/;https://powertech-performance.com/pages/impressum.html;Impressum;Bestand: Seitenlink;Navigation;Lackaufbereitung;technisch lokal auflösbar;;https://powertech-performance.com/pages/impressum.html;nein
https://powertech-performance.com/blog/lackkorrektur-wofuer-gut-werterhalt/;https://powertech-performance.com/pages/datenschutz.html;Datenschutzerklärung;Bestand: Seitenlink;Navigation;Lackaufbereitung;technisch lokal auflösbar;;https://powertech-performance.com/pages/datenschutz.html;nein
https://powertech-performance.com/blog/lackkorrektur-wofuer-gut-werterhalt/;https://powertech-performance.com/pages/cookie-einstellungen.html;Cookie-Einstellungen;Bestand: Seitenlink;Navigation;Lackaufbereitung;technisch lokal auflösbar;;https://powertech-performance.com/pages/cookie-einstellungen.html;nein
https://powertech-performance.com/blog/lackkorrektur-wofuer-gut-werterhalt/;https://powertech-performance.com/pages/seitenuebersicht.html;Seitenübersicht;Bestand: Seitenlink;Navigation;Lackaufbereitung;technisch lokal auflösbar;;https://powertech-performance.com/pages/seitenuebersicht.html;nein
https://powertech-performance.com/blog/lackkorrektur-wofuer-gut-werterhalt/;https://powertech-performance.com/pages/impressum.html;Impressum;Bestand: Seitenlink;Inhalt;Lackaufbereitung;technisch lokal auflösbar;;https://powertech-performance.com/pages/impressum.html;nein
https://powertech-performance.com/blog/leasing-rueckgabe-aufbereitung-erfurt/;https://powertech-performance.com/;Powertech Performance Logo;Bestand: Seitenlink;Header;Leasingrückgabe;technisch lokal auflösbar;;https://powertech-performance.com/;nein
https://powertech-performance.com/blog/leasing-rueckgabe-aufbereitung-erfurt/;https://powertech-performance.com/#leistungen;Autoaufbereitung;Bestand: Sprunglink;Navigation;Leasingrückgabe;technisch lokal auflösbar;;https://powertech-performance.com/;nein
https://powertech-performance.com/blog/leasing-rueckgabe-aufbereitung-erfurt/;https://powertech-performance.com/#ueber-uns;Über uns;Bestand: Sprunglink;Navigation;Leasingrückgabe;Sprungziel fehlt;"Passende existierende Abschnitts-ID verwenden; keine Inhaltsbehauptung aus dem alten Anchor übernehmen";https://powertech-performance.com/;nein
https://powertech-performance.com/blog/leasing-rueckgabe-aufbereitung-erfurt/;https://powertech-performance.com/blog/;Blog;Bestand: Seitenlink;Navigation;Leasingrückgabe;technisch lokal auflösbar;;https://powertech-performance.com/blog/;nein
https://powertech-performance.com/blog/leasing-rueckgabe-aufbereitung-erfurt/;https://powertech-performance.com/pages/kontakt.html;Kontakt;Bestand: Seitenlink;Navigation;Leasingrückgabe;technisch lokal auflösbar;;https://powertech-performance.com/pages/kontakt.html;nein
https://powertech-performance.com/blog/leasing-rueckgabe-aufbereitung-erfurt/;https://powertech-performance.com/pages/kontakt.html;Jetzt anfragen;Bestand: Seitenlink;Inhalt;Leasingrückgabe;Generischer Anchor;"Im redaktionellen Text Zielthema nennen; generische Formular-CTAs dürfen bleiben";https://powertech-performance.com/pages/kontakt.html;nein
https://powertech-performance.com/blog/leasing-rueckgabe-aufbereitung-erfurt/;https://powertech-performance.com/blog/;Blog;Bestand: Seitenlink;Breadcrumb;Leasingrückgabe;technisch lokal auflösbar;;https://powertech-performance.com/blog/;nein
https://powertech-performance.com/blog/leasing-rueckgabe-aufbereitung-erfurt/;https://powertech-performance.com/pages/kontakt.html;www.powertech-performance.com;Bestand: Seitenlink;Inhalt;Leasingrückgabe;Generischer Anchor;"Im redaktionellen Text Zielthema nennen; generische Formular-CTAs dürfen bleiben";https://powertech-performance.com/pages/kontakt.html;nein
https://powertech-performance.com/blog/leasing-rueckgabe-aufbereitung-erfurt/;https://powertech-performance.com/#leistungen;Alle Leistungen ansehen;Bestand: Sprunglink;Sidebar;Leasingrückgabe;technisch lokal auflösbar;;https://powertech-performance.com/;nein
https://powertech-performance.com/blog/leasing-rueckgabe-aufbereitung-erfurt/;https://powertech-performance.com/pages/kontakt.html;Zur Kontaktseite;Bestand: Seitenlink;Sidebar;Leasingrückgabe;technisch lokal auflösbar;;https://powertech-performance.com/pages/kontakt.html;nein
https://powertech-performance.com/blog/leasing-rueckgabe-aufbereitung-erfurt/;https://powertech-performance.com/pages/impressum.html;Impressum;Bestand: Seitenlink;Navigation;Leasingrückgabe;technisch lokal auflösbar;;https://powertech-performance.com/pages/impressum.html;nein
https://powertech-performance.com/blog/leasing-rueckgabe-aufbereitung-erfurt/;https://powertech-performance.com/pages/datenschutz.html;Datenschutzerklärung;Bestand: Seitenlink;Navigation;Leasingrückgabe;technisch lokal auflösbar;;https://powertech-performance.com/pages/datenschutz.html;nein
https://powertech-performance.com/blog/leasing-rueckgabe-aufbereitung-erfurt/;https://powertech-performance.com/pages/cookie-einstellungen.html;Cookie-Einstellungen;Bestand: Seitenlink;Navigation;Leasingrückgabe;technisch lokal auflösbar;;https://powertech-performance.com/pages/cookie-einstellungen.html;nein
https://powertech-performance.com/blog/leasing-rueckgabe-aufbereitung-erfurt/;https://powertech-performance.com/pages/seitenuebersicht.html;Seitenübersicht;Bestand: Seitenlink;Navigation;Leasingrückgabe;technisch lokal auflösbar;;https://powertech-performance.com/pages/seitenuebersicht.html;nein
https://powertech-performance.com/blog/leasing-rueckgabe-aufbereitung-erfurt/;https://powertech-performance.com/pages/impressum.html;Impressum;Bestand: Seitenlink;Inhalt;Leasingrückgabe;technisch lokal auflösbar;;https://powertech-performance.com/pages/impressum.html;nein
https://powertech-performance.com/blog/leasingauto-aufbereiten/;https://powertech-performance.com/;Powertech Performance Logo;Bestand: Seitenlink;Header;Leasingrückgabe;technisch lokal auflösbar;;https://powertech-performance.com/;nein
https://powertech-performance.com/blog/leasingauto-aufbereiten/;https://powertech-performance.com/#leistungen;Autoaufbereitung;Bestand: Sprunglink;Navigation;Leasingrückgabe;technisch lokal auflösbar;;https://powertech-performance.com/;nein
https://powertech-performance.com/blog/leasingauto-aufbereiten/;https://powertech-performance.com/#ueber-uns;Über uns;Bestand: Sprunglink;Navigation;Leasingrückgabe;Sprungziel fehlt;"Passende existierende Abschnitts-ID verwenden; keine Inhaltsbehauptung aus dem alten Anchor übernehmen";https://powertech-performance.com/;nein
https://powertech-performance.com/blog/leasingauto-aufbereiten/;https://powertech-performance.com/blog/;Blog;Bestand: Seitenlink;Navigation;Leasingrückgabe;technisch lokal auflösbar;;https://powertech-performance.com/blog/;nein
https://powertech-performance.com/blog/leasingauto-aufbereiten/;https://powertech-performance.com/pages/kontakt.html;Kontakt;Bestand: Seitenlink;Navigation;Leasingrückgabe;technisch lokal auflösbar;;https://powertech-performance.com/pages/kontakt.html;nein
https://powertech-performance.com/blog/leasingauto-aufbereiten/;https://powertech-performance.com/pages/kontakt.html;Jetzt anfragen;Bestand: Seitenlink;Inhalt;Leasingrückgabe;Generischer Anchor;"Im redaktionellen Text Zielthema nennen; generische Formular-CTAs dürfen bleiben";https://powertech-performance.com/pages/kontakt.html;nein
https://powertech-performance.com/blog/leasingauto-aufbereiten/;https://powertech-performance.com/blog/;Blog;Bestand: Seitenlink;Breadcrumb;Leasingrückgabe;technisch lokal auflösbar;;https://powertech-performance.com/blog/;nein
https://powertech-performance.com/blog/leasingauto-aufbereiten/;https://powertech-performance.com/#leistungen;Alle Leistungen ansehen;Bestand: Sprunglink;Sidebar;Leasingrückgabe;technisch lokal auflösbar;;https://powertech-performance.com/;nein
https://powertech-performance.com/blog/leasingauto-aufbereiten/;https://powertech-performance.com/pages/kontakt.html;Zur Kontaktseite;Bestand: Seitenlink;Sidebar;Leasingrückgabe;technisch lokal auflösbar;;https://powertech-performance.com/pages/kontakt.html;nein
https://powertech-performance.com/blog/leasingauto-aufbereiten/;https://powertech-performance.com/pages/impressum.html;Impressum;Bestand: Seitenlink;Navigation;Leasingrückgabe;technisch lokal auflösbar;;https://powertech-performance.com/pages/impressum.html;nein
https://powertech-performance.com/blog/leasingauto-aufbereiten/;https://powertech-performance.com/pages/datenschutz.html;Datenschutzerklärung;Bestand: Seitenlink;Navigation;Leasingrückgabe;technisch lokal auflösbar;;https://powertech-performance.com/pages/datenschutz.html;nein
https://powertech-performance.com/blog/leasingauto-aufbereiten/;https://powertech-performance.com/pages/cookie-einstellungen.html;Cookie-Einstellungen;Bestand: Seitenlink;Navigation;Leasingrückgabe;technisch lokal auflösbar;;https://powertech-performance.com/pages/cookie-einstellungen.html;nein
https://powertech-performance.com/blog/leasingauto-aufbereiten/;https://powertech-performance.com/pages/seitenuebersicht.html;Seitenübersicht;Bestand: Seitenlink;Navigation;Leasingrückgabe;technisch lokal auflösbar;;https://powertech-performance.com/pages/seitenuebersicht.html;nein
https://powertech-performance.com/blog/leasingauto-aufbereiten/;https://powertech-performance.com/pages/impressum.html;Impressum;Bestand: Seitenlink;Inhalt;Leasingrückgabe;technisch lokal auflösbar;;https://powertech-performance.com/pages/impressum.html;nein
https://powertech-performance.com/blog/leasingrueckgabe-checkliste/;https://powertech-performance.com/;Powertech Performance Logo;Bestand: Seitenlink;Header;Leasingrückgabe;technisch lokal auflösbar;;https://powertech-performance.com/;nein
https://powertech-performance.com/blog/leasingrueckgabe-checkliste/;https://powertech-performance.com/#leistungen;Autoaufbereitung;Bestand: Sprunglink;Navigation;Leasingrückgabe;technisch lokal auflösbar;;https://powertech-performance.com/;nein
https://powertech-performance.com/blog/leasingrueckgabe-checkliste/;https://powertech-performance.com/#ueber-uns;Über uns;Bestand: Sprunglink;Navigation;Leasingrückgabe;Sprungziel fehlt;"Passende existierende Abschnitts-ID verwenden; keine Inhaltsbehauptung aus dem alten Anchor übernehmen";https://powertech-performance.com/;nein
https://powertech-performance.com/blog/leasingrueckgabe-checkliste/;https://powertech-performance.com/blog/;Blog;Bestand: Seitenlink;Navigation;Leasingrückgabe;technisch lokal auflösbar;;https://powertech-performance.com/blog/;nein
https://powertech-performance.com/blog/leasingrueckgabe-checkliste/;https://powertech-performance.com/pages/kontakt.html;Kontakt;Bestand: Seitenlink;Navigation;Leasingrückgabe;technisch lokal auflösbar;;https://powertech-performance.com/pages/kontakt.html;nein
https://powertech-performance.com/blog/leasingrueckgabe-checkliste/;https://powertech-performance.com/pages/kontakt.html;Jetzt anfragen;Bestand: Seitenlink;Inhalt;Leasingrückgabe;Generischer Anchor;"Im redaktionellen Text Zielthema nennen; generische Formular-CTAs dürfen bleiben";https://powertech-performance.com/pages/kontakt.html;nein
https://powertech-performance.com/blog/leasingrueckgabe-checkliste/;https://powertech-performance.com/blog/;Blog;Bestand: Seitenlink;Breadcrumb;Leasingrückgabe;technisch lokal auflösbar;;https://powertech-performance.com/blog/;nein
https://powertech-performance.com/blog/leasingrueckgabe-checkliste/;https://powertech-performance.com/#leistungen;Alle Leistungen ansehen;Bestand: Sprunglink;Sidebar;Leasingrückgabe;technisch lokal auflösbar;;https://powertech-performance.com/;nein
https://powertech-performance.com/blog/leasingrueckgabe-checkliste/;https://powertech-performance.com/pages/kontakt.html;Zur Kontaktseite;Bestand: Seitenlink;Sidebar;Leasingrückgabe;technisch lokal auflösbar;;https://powertech-performance.com/pages/kontakt.html;nein
https://powertech-performance.com/blog/leasingrueckgabe-checkliste/;https://powertech-performance.com/pages/impressum.html;Impressum;Bestand: Seitenlink;Navigation;Leasingrückgabe;technisch lokal auflösbar;;https://powertech-performance.com/pages/impressum.html;nein
https://powertech-performance.com/blog/leasingrueckgabe-checkliste/;https://powertech-performance.com/pages/datenschutz.html;Datenschutzerklärung;Bestand: Seitenlink;Navigation;Leasingrückgabe;technisch lokal auflösbar;;https://powertech-performance.com/pages/datenschutz.html;nein
https://powertech-performance.com/blog/leasingrueckgabe-checkliste/;https://powertech-performance.com/pages/cookie-einstellungen.html;Cookie-Einstellungen;Bestand: Seitenlink;Navigation;Leasingrückgabe;technisch lokal auflösbar;;https://powertech-performance.com/pages/cookie-einstellungen.html;nein
https://powertech-performance.com/blog/leasingrueckgabe-checkliste/;https://powertech-performance.com/pages/seitenuebersicht.html;Seitenübersicht;Bestand: Seitenlink;Navigation;Leasingrückgabe;technisch lokal auflösbar;;https://powertech-performance.com/pages/seitenuebersicht.html;nein
https://powertech-performance.com/blog/leasingrueckgabe-checkliste/;https://powertech-performance.com/pages/impressum.html;Impressum;Bestand: Seitenlink;Inhalt;Leasingrückgabe;technisch lokal auflösbar;;https://powertech-performance.com/pages/impressum.html;nein
https://powertech-performance.com/blog/motorradaufbereitung-keramikversiegelung-experte/;https://powertech-performance.com/;Powertech Performance Logo;Bestand: Seitenlink;Header;Spezialfahrzeuge;technisch lokal auflösbar;;https://powertech-performance.com/;nein
https://powertech-performance.com/blog/motorradaufbereitung-keramikversiegelung-experte/;https://powertech-performance.com/#leistungen;Autoaufbereitung;Bestand: Sprunglink;Navigation;Spezialfahrzeuge;technisch lokal auflösbar;;https://powertech-performance.com/;nein
https://powertech-performance.com/blog/motorradaufbereitung-keramikversiegelung-experte/;https://powertech-performance.com/#ueber-uns;Über uns;Bestand: Sprunglink;Navigation;Spezialfahrzeuge;Sprungziel fehlt;"Passende existierende Abschnitts-ID verwenden; keine Inhaltsbehauptung aus dem alten Anchor übernehmen";https://powertech-performance.com/;nein
https://powertech-performance.com/blog/motorradaufbereitung-keramikversiegelung-experte/;https://powertech-performance.com/blog/;Blog;Bestand: Seitenlink;Navigation;Spezialfahrzeuge;technisch lokal auflösbar;;https://powertech-performance.com/blog/;nein
https://powertech-performance.com/blog/motorradaufbereitung-keramikversiegelung-experte/;https://powertech-performance.com/pages/kontakt.html;Kontakt;Bestand: Seitenlink;Navigation;Spezialfahrzeuge;technisch lokal auflösbar;;https://powertech-performance.com/pages/kontakt.html;nein
https://powertech-performance.com/blog/motorradaufbereitung-keramikversiegelung-experte/;https://powertech-performance.com/pages/kontakt.html;Jetzt anfragen;Bestand: Seitenlink;Inhalt;Spezialfahrzeuge;Generischer Anchor;"Im redaktionellen Text Zielthema nennen; generische Formular-CTAs dürfen bleiben";https://powertech-performance.com/pages/kontakt.html;nein
https://powertech-performance.com/blog/motorradaufbereitung-keramikversiegelung-experte/;https://powertech-performance.com/blog/;Blog;Bestand: Seitenlink;Breadcrumb;Spezialfahrzeuge;technisch lokal auflösbar;;https://powertech-performance.com/blog/;nein
https://powertech-performance.com/blog/motorradaufbereitung-keramikversiegelung-experte/;https://powertech-performance.com/pages/kontakt.html;Auto-Aufbereitung;Bestand: Seitenlink;Inhalt;Spezialfahrzeuge;technisch lokal auflösbar;;https://powertech-performance.com/pages/kontakt.html;nein
https://powertech-performance.com/blog/motorradaufbereitung-keramikversiegelung-experte/;https://powertech-performance.com/pages/kontakt.html;ZUM KONTAKTFORMULAR;Bestand: Seitenlink;Inhalt;Spezialfahrzeuge;technisch lokal auflösbar;;https://powertech-performance.com/pages/kontakt.html;nein
https://powertech-performance.com/blog/motorradaufbereitung-keramikversiegelung-experte/;https://powertech-performance.com/pages/kontakt.html;www.powertech-performance.com;Bestand: Seitenlink;Inhalt;Spezialfahrzeuge;Generischer Anchor;"Im redaktionellen Text Zielthema nennen; generische Formular-CTAs dürfen bleiben";https://powertech-performance.com/pages/kontakt.html;nein
https://powertech-performance.com/blog/motorradaufbereitung-keramikversiegelung-experte/;https://powertech-performance.com/#leistungen;Alle Leistungen ansehen;Bestand: Sprunglink;Sidebar;Spezialfahrzeuge;technisch lokal auflösbar;;https://powertech-performance.com/;nein
https://powertech-performance.com/blog/motorradaufbereitung-keramikversiegelung-experte/;https://powertech-performance.com/pages/kontakt.html;Zur Kontaktseite;Bestand: Seitenlink;Sidebar;Spezialfahrzeuge;technisch lokal auflösbar;;https://powertech-performance.com/pages/kontakt.html;nein
https://powertech-performance.com/blog/motorradaufbereitung-keramikversiegelung-experte/;https://powertech-performance.com/pages/impressum.html;Impressum;Bestand: Seitenlink;Navigation;Spezialfahrzeuge;technisch lokal auflösbar;;https://powertech-performance.com/pages/impressum.html;nein
https://powertech-performance.com/blog/motorradaufbereitung-keramikversiegelung-experte/;https://powertech-performance.com/pages/datenschutz.html;Datenschutzerklärung;Bestand: Seitenlink;Navigation;Spezialfahrzeuge;technisch lokal auflösbar;;https://powertech-performance.com/pages/datenschutz.html;nein
https://powertech-performance.com/blog/motorradaufbereitung-keramikversiegelung-experte/;https://powertech-performance.com/pages/cookie-einstellungen.html;Cookie-Einstellungen;Bestand: Seitenlink;Navigation;Spezialfahrzeuge;technisch lokal auflösbar;;https://powertech-performance.com/pages/cookie-einstellungen.html;nein
https://powertech-performance.com/blog/motorradaufbereitung-keramikversiegelung-experte/;https://powertech-performance.com/pages/seitenuebersicht.html;Seitenübersicht;Bestand: Seitenlink;Navigation;Spezialfahrzeuge;technisch lokal auflösbar;;https://powertech-performance.com/pages/seitenuebersicht.html;nein
https://powertech-performance.com/blog/motorradaufbereitung-keramikversiegelung-experte/;https://powertech-performance.com/pages/impressum.html;Impressum;Bestand: Seitenlink;Inhalt;Spezialfahrzeuge;technisch lokal auflösbar;;https://powertech-performance.com/pages/impressum.html;nein
https://powertech-performance.com/blog/motorwaesche-erfurt-vorteile-kosten/;https://powertech-performance.com/;Powertech Performance Logo;Bestand: Seitenlink;Header;Motorraumwäsche;technisch lokal auflösbar;;https://powertech-performance.com/;nein
https://powertech-performance.com/blog/motorwaesche-erfurt-vorteile-kosten/;https://powertech-performance.com/#leistungen;Autoaufbereitung;Bestand: Sprunglink;Navigation;Motorraumwäsche;technisch lokal auflösbar;;https://powertech-performance.com/;nein
https://powertech-performance.com/blog/motorwaesche-erfurt-vorteile-kosten/;https://powertech-performance.com/#ueber-uns;Über uns;Bestand: Sprunglink;Navigation;Motorraumwäsche;Sprungziel fehlt;"Passende existierende Abschnitts-ID verwenden; keine Inhaltsbehauptung aus dem alten Anchor übernehmen";https://powertech-performance.com/;nein
https://powertech-performance.com/blog/motorwaesche-erfurt-vorteile-kosten/;https://powertech-performance.com/blog/;Blog;Bestand: Seitenlink;Navigation;Motorraumwäsche;technisch lokal auflösbar;;https://powertech-performance.com/blog/;nein
https://powertech-performance.com/blog/motorwaesche-erfurt-vorteile-kosten/;https://powertech-performance.com/pages/kontakt.html;Kontakt;Bestand: Seitenlink;Navigation;Motorraumwäsche;technisch lokal auflösbar;;https://powertech-performance.com/pages/kontakt.html;nein
https://powertech-performance.com/blog/motorwaesche-erfurt-vorteile-kosten/;https://powertech-performance.com/pages/kontakt.html;Jetzt anfragen;Bestand: Seitenlink;Inhalt;Motorraumwäsche;Generischer Anchor;"Im redaktionellen Text Zielthema nennen; generische Formular-CTAs dürfen bleiben";https://powertech-performance.com/pages/kontakt.html;nein
https://powertech-performance.com/blog/motorwaesche-erfurt-vorteile-kosten/;https://powertech-performance.com/blog/;Blog;Bestand: Seitenlink;Breadcrumb;Motorraumwäsche;technisch lokal auflösbar;;https://powertech-performance.com/blog/;nein
https://powertech-performance.com/blog/motorwaesche-erfurt-vorteile-kosten/;https://powertech-performance.com/#leistungen;Alle Leistungen ansehen;Bestand: Sprunglink;Sidebar;Motorraumwäsche;technisch lokal auflösbar;;https://powertech-performance.com/;nein
https://powertech-performance.com/blog/motorwaesche-erfurt-vorteile-kosten/;https://powertech-performance.com/pages/kontakt.html;Zur Kontaktseite;Bestand: Seitenlink;Sidebar;Motorraumwäsche;technisch lokal auflösbar;;https://powertech-performance.com/pages/kontakt.html;nein
https://powertech-performance.com/blog/motorwaesche-erfurt-vorteile-kosten/;https://powertech-performance.com/pages/impressum.html;Impressum;Bestand: Seitenlink;Navigation;Motorraumwäsche;technisch lokal auflösbar;;https://powertech-performance.com/pages/impressum.html;nein
https://powertech-performance.com/blog/motorwaesche-erfurt-vorteile-kosten/;https://powertech-performance.com/pages/datenschutz.html;Datenschutzerklärung;Bestand: Seitenlink;Navigation;Motorraumwäsche;technisch lokal auflösbar;;https://powertech-performance.com/pages/datenschutz.html;nein
https://powertech-performance.com/blog/motorwaesche-erfurt-vorteile-kosten/;https://powertech-performance.com/pages/cookie-einstellungen.html;Cookie-Einstellungen;Bestand: Seitenlink;Navigation;Motorraumwäsche;technisch lokal auflösbar;;https://powertech-performance.com/pages/cookie-einstellungen.html;nein
https://powertech-performance.com/blog/motorwaesche-erfurt-vorteile-kosten/;https://powertech-performance.com/pages/seitenuebersicht.html;Seitenübersicht;Bestand: Seitenlink;Navigation;Motorraumwäsche;technisch lokal auflösbar;;https://powertech-performance.com/pages/seitenuebersicht.html;nein
https://powertech-performance.com/blog/motorwaesche-erfurt-vorteile-kosten/;https://powertech-performance.com/pages/impressum.html;Impressum;Bestand: Seitenlink;Inhalt;Motorraumwäsche;technisch lokal auflösbar;;https://powertech-performance.com/pages/impressum.html;nein
https://powertech-performance.com/blog/oldtimer-aufbereitung-erfurt-wertschonende-pflege/;https://powertech-performance.com/;Powertech Performance Logo;Bestand: Seitenlink;Header;Spezialfahrzeuge;technisch lokal auflösbar;;https://powertech-performance.com/;nein
https://powertech-performance.com/blog/oldtimer-aufbereitung-erfurt-wertschonende-pflege/;https://powertech-performance.com/#leistungen;Autoaufbereitung;Bestand: Sprunglink;Navigation;Spezialfahrzeuge;technisch lokal auflösbar;;https://powertech-performance.com/;nein
https://powertech-performance.com/blog/oldtimer-aufbereitung-erfurt-wertschonende-pflege/;https://powertech-performance.com/#ueber-uns;Über uns;Bestand: Sprunglink;Navigation;Spezialfahrzeuge;Sprungziel fehlt;"Passende existierende Abschnitts-ID verwenden; keine Inhaltsbehauptung aus dem alten Anchor übernehmen";https://powertech-performance.com/;nein
https://powertech-performance.com/blog/oldtimer-aufbereitung-erfurt-wertschonende-pflege/;https://powertech-performance.com/blog/;Blog;Bestand: Seitenlink;Navigation;Spezialfahrzeuge;technisch lokal auflösbar;;https://powertech-performance.com/blog/;nein
https://powertech-performance.com/blog/oldtimer-aufbereitung-erfurt-wertschonende-pflege/;https://powertech-performance.com/pages/kontakt.html;Kontakt;Bestand: Seitenlink;Navigation;Spezialfahrzeuge;technisch lokal auflösbar;;https://powertech-performance.com/pages/kontakt.html;nein
https://powertech-performance.com/blog/oldtimer-aufbereitung-erfurt-wertschonende-pflege/;https://powertech-performance.com/pages/kontakt.html;Jetzt anfragen;Bestand: Seitenlink;Inhalt;Spezialfahrzeuge;Generischer Anchor;"Im redaktionellen Text Zielthema nennen; generische Formular-CTAs dürfen bleiben";https://powertech-performance.com/pages/kontakt.html;nein
https://powertech-performance.com/blog/oldtimer-aufbereitung-erfurt-wertschonende-pflege/;https://powertech-performance.com/blog/;Blog;Bestand: Seitenlink;Breadcrumb;Spezialfahrzeuge;technisch lokal auflösbar;;https://powertech-performance.com/blog/;nein
https://powertech-performance.com/blog/oldtimer-aufbereitung-erfurt-wertschonende-pflege/;https://powertech-performance.com/#leistungen;Alle Leistungen ansehen;Bestand: Sprunglink;Sidebar;Spezialfahrzeuge;technisch lokal auflösbar;;https://powertech-performance.com/;nein
https://powertech-performance.com/blog/oldtimer-aufbereitung-erfurt-wertschonende-pflege/;https://powertech-performance.com/pages/kontakt.html;Zur Kontaktseite;Bestand: Seitenlink;Sidebar;Spezialfahrzeuge;technisch lokal auflösbar;;https://powertech-performance.com/pages/kontakt.html;nein
https://powertech-performance.com/blog/oldtimer-aufbereitung-erfurt-wertschonende-pflege/;https://powertech-performance.com/pages/impressum.html;Impressum;Bestand: Seitenlink;Navigation;Spezialfahrzeuge;technisch lokal auflösbar;;https://powertech-performance.com/pages/impressum.html;nein
https://powertech-performance.com/blog/oldtimer-aufbereitung-erfurt-wertschonende-pflege/;https://powertech-performance.com/pages/datenschutz.html;Datenschutzerklärung;Bestand: Seitenlink;Navigation;Spezialfahrzeuge;technisch lokal auflösbar;;https://powertech-performance.com/pages/datenschutz.html;nein
https://powertech-performance.com/blog/oldtimer-aufbereitung-erfurt-wertschonende-pflege/;https://powertech-performance.com/pages/cookie-einstellungen.html;Cookie-Einstellungen;Bestand: Seitenlink;Navigation;Spezialfahrzeuge;technisch lokal auflösbar;;https://powertech-performance.com/pages/cookie-einstellungen.html;nein
https://powertech-performance.com/blog/oldtimer-aufbereitung-erfurt-wertschonende-pflege/;https://powertech-performance.com/pages/seitenuebersicht.html;Seitenübersicht;Bestand: Seitenlink;Navigation;Spezialfahrzeuge;technisch lokal auflösbar;;https://powertech-performance.com/pages/seitenuebersicht.html;nein
https://powertech-performance.com/blog/oldtimer-aufbereitung-erfurt-wertschonende-pflege/;https://powertech-performance.com/pages/impressum.html;Impressum;Bestand: Seitenlink;Inhalt;Spezialfahrzeuge;technisch lokal auflösbar;;https://powertech-performance.com/pages/impressum.html;nein
https://powertech-performance.com/blog/porsche-aufbereitung-erfurt-keramikversiegelung-zertifiziert/;https://powertech-performance.com/;Powertech Performance Logo;Bestand: Seitenlink;Header;Spezialfahrzeuge;technisch lokal auflösbar;;https://powertech-performance.com/;nein
https://powertech-performance.com/blog/porsche-aufbereitung-erfurt-keramikversiegelung-zertifiziert/;https://powertech-performance.com/#leistungen;Autoaufbereitung;Bestand: Sprunglink;Navigation;Spezialfahrzeuge;technisch lokal auflösbar;;https://powertech-performance.com/;nein
https://powertech-performance.com/blog/porsche-aufbereitung-erfurt-keramikversiegelung-zertifiziert/;https://powertech-performance.com/#ueber-uns;Über uns;Bestand: Sprunglink;Navigation;Spezialfahrzeuge;Sprungziel fehlt;"Passende existierende Abschnitts-ID verwenden; keine Inhaltsbehauptung aus dem alten Anchor übernehmen";https://powertech-performance.com/;nein
https://powertech-performance.com/blog/porsche-aufbereitung-erfurt-keramikversiegelung-zertifiziert/;https://powertech-performance.com/blog/;Blog;Bestand: Seitenlink;Navigation;Spezialfahrzeuge;technisch lokal auflösbar;;https://powertech-performance.com/blog/;nein
https://powertech-performance.com/blog/porsche-aufbereitung-erfurt-keramikversiegelung-zertifiziert/;https://powertech-performance.com/pages/kontakt.html;Kontakt;Bestand: Seitenlink;Navigation;Spezialfahrzeuge;technisch lokal auflösbar;;https://powertech-performance.com/pages/kontakt.html;nein
https://powertech-performance.com/blog/porsche-aufbereitung-erfurt-keramikversiegelung-zertifiziert/;https://powertech-performance.com/pages/kontakt.html;Jetzt anfragen;Bestand: Seitenlink;Inhalt;Spezialfahrzeuge;Generischer Anchor;"Im redaktionellen Text Zielthema nennen; generische Formular-CTAs dürfen bleiben";https://powertech-performance.com/pages/kontakt.html;nein
https://powertech-performance.com/blog/porsche-aufbereitung-erfurt-keramikversiegelung-zertifiziert/;https://powertech-performance.com/blog/;Blog;Bestand: Seitenlink;Breadcrumb;Spezialfahrzeuge;technisch lokal auflösbar;;https://powertech-performance.com/blog/;nein
https://powertech-performance.com/blog/porsche-aufbereitung-erfurt-keramikversiegelung-zertifiziert/;https://powertech-performance.com/#leistungen;Alle Leistungen ansehen;Bestand: Sprunglink;Sidebar;Spezialfahrzeuge;technisch lokal auflösbar;;https://powertech-performance.com/;nein
https://powertech-performance.com/blog/porsche-aufbereitung-erfurt-keramikversiegelung-zertifiziert/;https://powertech-performance.com/pages/kontakt.html;Zur Kontaktseite;Bestand: Seitenlink;Sidebar;Spezialfahrzeuge;technisch lokal auflösbar;;https://powertech-performance.com/pages/kontakt.html;nein
https://powertech-performance.com/blog/porsche-aufbereitung-erfurt-keramikversiegelung-zertifiziert/;https://powertech-performance.com/pages/impressum.html;Impressum;Bestand: Seitenlink;Navigation;Spezialfahrzeuge;technisch lokal auflösbar;;https://powertech-performance.com/pages/impressum.html;nein
https://powertech-performance.com/blog/porsche-aufbereitung-erfurt-keramikversiegelung-zertifiziert/;https://powertech-performance.com/pages/datenschutz.html;Datenschutzerklärung;Bestand: Seitenlink;Navigation;Spezialfahrzeuge;technisch lokal auflösbar;;https://powertech-performance.com/pages/datenschutz.html;nein
https://powertech-performance.com/blog/porsche-aufbereitung-erfurt-keramikversiegelung-zertifiziert/;https://powertech-performance.com/pages/cookie-einstellungen.html;Cookie-Einstellungen;Bestand: Seitenlink;Navigation;Spezialfahrzeuge;technisch lokal auflösbar;;https://powertech-performance.com/pages/cookie-einstellungen.html;nein
https://powertech-performance.com/blog/porsche-aufbereitung-erfurt-keramikversiegelung-zertifiziert/;https://powertech-performance.com/pages/seitenuebersicht.html;Seitenübersicht;Bestand: Seitenlink;Navigation;Spezialfahrzeuge;technisch lokal auflösbar;;https://powertech-performance.com/pages/seitenuebersicht.html;nein
https://powertech-performance.com/blog/porsche-aufbereitung-erfurt-keramikversiegelung-zertifiziert/;https://powertech-performance.com/pages/impressum.html;Impressum;Bestand: Seitenlink;Inhalt;Spezialfahrzeuge;technisch lokal auflösbar;;https://powertech-performance.com/pages/impressum.html;nein
https://powertech-performance.com/blog/professionelle-cabrioverdeck-impraegnierung-und-reinigung/;https://powertech-performance.com/;Powertech Performance Logo;Bestand: Seitenlink;Header;Spezialfahrzeuge;technisch lokal auflösbar;;https://powertech-performance.com/;nein
https://powertech-performance.com/blog/professionelle-cabrioverdeck-impraegnierung-und-reinigung/;https://powertech-performance.com/#leistungen;Autoaufbereitung;Bestand: Sprunglink;Navigation;Spezialfahrzeuge;technisch lokal auflösbar;;https://powertech-performance.com/;nein
https://powertech-performance.com/blog/professionelle-cabrioverdeck-impraegnierung-und-reinigung/;https://powertech-performance.com/#ueber-uns;Über uns;Bestand: Sprunglink;Navigation;Spezialfahrzeuge;Sprungziel fehlt;"Passende existierende Abschnitts-ID verwenden; keine Inhaltsbehauptung aus dem alten Anchor übernehmen";https://powertech-performance.com/;nein
https://powertech-performance.com/blog/professionelle-cabrioverdeck-impraegnierung-und-reinigung/;https://powertech-performance.com/blog/;Blog;Bestand: Seitenlink;Navigation;Spezialfahrzeuge;technisch lokal auflösbar;;https://powertech-performance.com/blog/;nein
https://powertech-performance.com/blog/professionelle-cabrioverdeck-impraegnierung-und-reinigung/;https://powertech-performance.com/pages/kontakt.html;Kontakt;Bestand: Seitenlink;Navigation;Spezialfahrzeuge;technisch lokal auflösbar;;https://powertech-performance.com/pages/kontakt.html;nein
https://powertech-performance.com/blog/professionelle-cabrioverdeck-impraegnierung-und-reinigung/;https://powertech-performance.com/pages/kontakt.html;Jetzt anfragen;Bestand: Seitenlink;Inhalt;Spezialfahrzeuge;Generischer Anchor;"Im redaktionellen Text Zielthema nennen; generische Formular-CTAs dürfen bleiben";https://powertech-performance.com/pages/kontakt.html;nein
https://powertech-performance.com/blog/professionelle-cabrioverdeck-impraegnierung-und-reinigung/;https://powertech-performance.com/blog/;Blog;Bestand: Seitenlink;Breadcrumb;Spezialfahrzeuge;technisch lokal auflösbar;;https://powertech-performance.com/blog/;nein
https://powertech-performance.com/blog/professionelle-cabrioverdeck-impraegnierung-und-reinigung/;https://powertech-performance.com/pages/kontakt.html;Angebot anfordern;Bestand: Seitenlink;Inhalt;Spezialfahrzeuge;technisch lokal auflösbar;;https://powertech-performance.com/pages/kontakt.html;nein
https://powertech-performance.com/blog/professionelle-cabrioverdeck-impraegnierung-und-reinigung/;https://powertech-performance.com/#leistungen;Alle Leistungen ansehen;Bestand: Sprunglink;Sidebar;Spezialfahrzeuge;technisch lokal auflösbar;;https://powertech-performance.com/;nein
https://powertech-performance.com/blog/professionelle-cabrioverdeck-impraegnierung-und-reinigung/;https://powertech-performance.com/pages/kontakt.html;Zur Kontaktseite;Bestand: Seitenlink;Sidebar;Spezialfahrzeuge;technisch lokal auflösbar;;https://powertech-performance.com/pages/kontakt.html;nein
https://powertech-performance.com/blog/professionelle-cabrioverdeck-impraegnierung-und-reinigung/;https://powertech-performance.com/pages/impressum.html;Impressum;Bestand: Seitenlink;Navigation;Spezialfahrzeuge;technisch lokal auflösbar;;https://powertech-performance.com/pages/impressum.html;nein
https://powertech-performance.com/blog/professionelle-cabrioverdeck-impraegnierung-und-reinigung/;https://powertech-performance.com/pages/datenschutz.html;Datenschutzerklärung;Bestand: Seitenlink;Navigation;Spezialfahrzeuge;technisch lokal auflösbar;;https://powertech-performance.com/pages/datenschutz.html;nein
https://powertech-performance.com/blog/professionelle-cabrioverdeck-impraegnierung-und-reinigung/;https://powertech-performance.com/pages/cookie-einstellungen.html;Cookie-Einstellungen;Bestand: Seitenlink;Navigation;Spezialfahrzeuge;technisch lokal auflösbar;;https://powertech-performance.com/pages/cookie-einstellungen.html;nein
https://powertech-performance.com/blog/professionelle-cabrioverdeck-impraegnierung-und-reinigung/;https://powertech-performance.com/pages/seitenuebersicht.html;Seitenübersicht;Bestand: Seitenlink;Navigation;Spezialfahrzeuge;technisch lokal auflösbar;;https://powertech-performance.com/pages/seitenuebersicht.html;nein
https://powertech-performance.com/blog/professionelle-cabrioverdeck-impraegnierung-und-reinigung/;https://powertech-performance.com/pages/impressum.html;Impressum;Bestand: Seitenlink;Inhalt;Spezialfahrzeuge;technisch lokal auflösbar;;https://powertech-performance.com/pages/impressum.html;nein
https://powertech-performance.com/blog/professionelle-innenreinigung-auto-in-der-naehe/;https://powertech-performance.com/;Powertech Performance Logo;Bestand: Seitenlink;Header;Innenraumreinigung;technisch lokal auflösbar;;https://powertech-performance.com/;nein
https://powertech-performance.com/blog/professionelle-innenreinigung-auto-in-der-naehe/;https://powertech-performance.com/#leistungen;Autoaufbereitung;Bestand: Sprunglink;Navigation;Innenraumreinigung;technisch lokal auflösbar;;https://powertech-performance.com/;nein
https://powertech-performance.com/blog/professionelle-innenreinigung-auto-in-der-naehe/;https://powertech-performance.com/#ueber-uns;Über uns;Bestand: Sprunglink;Navigation;Innenraumreinigung;Sprungziel fehlt;"Passende existierende Abschnitts-ID verwenden; keine Inhaltsbehauptung aus dem alten Anchor übernehmen";https://powertech-performance.com/;nein
https://powertech-performance.com/blog/professionelle-innenreinigung-auto-in-der-naehe/;https://powertech-performance.com/blog/;Blog;Bestand: Seitenlink;Navigation;Innenraumreinigung;technisch lokal auflösbar;;https://powertech-performance.com/blog/;nein
https://powertech-performance.com/blog/professionelle-innenreinigung-auto-in-der-naehe/;https://powertech-performance.com/pages/kontakt.html;Kontakt;Bestand: Seitenlink;Navigation;Innenraumreinigung;technisch lokal auflösbar;;https://powertech-performance.com/pages/kontakt.html;nein
https://powertech-performance.com/blog/professionelle-innenreinigung-auto-in-der-naehe/;https://powertech-performance.com/pages/kontakt.html;Jetzt anfragen;Bestand: Seitenlink;Inhalt;Innenraumreinigung;Generischer Anchor;"Im redaktionellen Text Zielthema nennen; generische Formular-CTAs dürfen bleiben";https://powertech-performance.com/pages/kontakt.html;nein
https://powertech-performance.com/blog/professionelle-innenreinigung-auto-in-der-naehe/;https://powertech-performance.com/blog/;Blog;Bestand: Seitenlink;Breadcrumb;Innenraumreinigung;technisch lokal auflösbar;;https://powertech-performance.com/blog/;nein
https://powertech-performance.com/blog/professionelle-innenreinigung-auto-in-der-naehe/;https://powertech-performance.com/pages/kontakt.html;Zur Startseite von PowerTech Performance;Bestand: Seitenlink;Inhalt;Innenraumreinigung;technisch lokal auflösbar;;https://powertech-performance.com/pages/kontakt.html;nein
https://powertech-performance.com/blog/professionelle-innenreinigung-auto-in-der-naehe/;https://powertech-performance.com/#leistungen;Alle Leistungen ansehen;Bestand: Sprunglink;Sidebar;Innenraumreinigung;technisch lokal auflösbar;;https://powertech-performance.com/;nein
https://powertech-performance.com/blog/professionelle-innenreinigung-auto-in-der-naehe/;https://powertech-performance.com/pages/kontakt.html;Zur Kontaktseite;Bestand: Seitenlink;Sidebar;Innenraumreinigung;technisch lokal auflösbar;;https://powertech-performance.com/pages/kontakt.html;nein
https://powertech-performance.com/blog/professionelle-innenreinigung-auto-in-der-naehe/;https://powertech-performance.com/pages/impressum.html;Impressum;Bestand: Seitenlink;Navigation;Innenraumreinigung;technisch lokal auflösbar;;https://powertech-performance.com/pages/impressum.html;nein
https://powertech-performance.com/blog/professionelle-innenreinigung-auto-in-der-naehe/;https://powertech-performance.com/pages/datenschutz.html;Datenschutzerklärung;Bestand: Seitenlink;Navigation;Innenraumreinigung;technisch lokal auflösbar;;https://powertech-performance.com/pages/datenschutz.html;nein
https://powertech-performance.com/blog/professionelle-innenreinigung-auto-in-der-naehe/;https://powertech-performance.com/pages/cookie-einstellungen.html;Cookie-Einstellungen;Bestand: Seitenlink;Navigation;Innenraumreinigung;technisch lokal auflösbar;;https://powertech-performance.com/pages/cookie-einstellungen.html;nein
https://powertech-performance.com/blog/professionelle-innenreinigung-auto-in-der-naehe/;https://powertech-performance.com/pages/seitenuebersicht.html;Seitenübersicht;Bestand: Seitenlink;Navigation;Innenraumreinigung;technisch lokal auflösbar;;https://powertech-performance.com/pages/seitenuebersicht.html;nein
https://powertech-performance.com/blog/professionelle-innenreinigung-auto-in-der-naehe/;https://powertech-performance.com/pages/impressum.html;Impressum;Bestand: Seitenlink;Inhalt;Innenraumreinigung;technisch lokal auflösbar;;https://powertech-performance.com/pages/impressum.html;nein
https://powertech-performance.com/blog/professionelle-keramikversiegelung-erfurt/;https://powertech-performance.com/;Powertech Performance Logo;Bestand: Seitenlink;Header;Keramikversiegelung;technisch lokal auflösbar;;https://powertech-performance.com/;nein
https://powertech-performance.com/blog/professionelle-keramikversiegelung-erfurt/;https://powertech-performance.com/#leistungen;Autoaufbereitung;Bestand: Sprunglink;Navigation;Keramikversiegelung;technisch lokal auflösbar;;https://powertech-performance.com/;nein
https://powertech-performance.com/blog/professionelle-keramikversiegelung-erfurt/;https://powertech-performance.com/#ueber-uns;Über uns;Bestand: Sprunglink;Navigation;Keramikversiegelung;Sprungziel fehlt;"Passende existierende Abschnitts-ID verwenden; keine Inhaltsbehauptung aus dem alten Anchor übernehmen";https://powertech-performance.com/;nein
https://powertech-performance.com/blog/professionelle-keramikversiegelung-erfurt/;https://powertech-performance.com/blog/;Blog;Bestand: Seitenlink;Navigation;Keramikversiegelung;technisch lokal auflösbar;;https://powertech-performance.com/blog/;nein
https://powertech-performance.com/blog/professionelle-keramikversiegelung-erfurt/;https://powertech-performance.com/pages/kontakt.html;Kontakt;Bestand: Seitenlink;Navigation;Keramikversiegelung;technisch lokal auflösbar;;https://powertech-performance.com/pages/kontakt.html;nein
https://powertech-performance.com/blog/professionelle-keramikversiegelung-erfurt/;https://powertech-performance.com/pages/kontakt.html;Jetzt anfragen;Bestand: Seitenlink;Inhalt;Keramikversiegelung;Generischer Anchor;"Im redaktionellen Text Zielthema nennen; generische Formular-CTAs dürfen bleiben";https://powertech-performance.com/pages/kontakt.html;nein
https://powertech-performance.com/blog/professionelle-keramikversiegelung-erfurt/;https://powertech-performance.com/blog/;Blog;Bestand: Seitenlink;Breadcrumb;Keramikversiegelung;technisch lokal auflösbar;;https://powertech-performance.com/blog/;nein
https://powertech-performance.com/blog/professionelle-keramikversiegelung-erfurt/;https://powertech-performance.com/#leistungen;Alle Leistungen ansehen;Bestand: Sprunglink;Sidebar;Keramikversiegelung;technisch lokal auflösbar;;https://powertech-performance.com/;nein
https://powertech-performance.com/blog/professionelle-keramikversiegelung-erfurt/;https://powertech-performance.com/pages/kontakt.html;Zur Kontaktseite;Bestand: Seitenlink;Sidebar;Keramikversiegelung;technisch lokal auflösbar;;https://powertech-performance.com/pages/kontakt.html;nein
https://powertech-performance.com/blog/professionelle-keramikversiegelung-erfurt/;https://powertech-performance.com/pages/impressum.html;Impressum;Bestand: Seitenlink;Navigation;Keramikversiegelung;technisch lokal auflösbar;;https://powertech-performance.com/pages/impressum.html;nein
https://powertech-performance.com/blog/professionelle-keramikversiegelung-erfurt/;https://powertech-performance.com/pages/datenschutz.html;Datenschutzerklärung;Bestand: Seitenlink;Navigation;Keramikversiegelung;technisch lokal auflösbar;;https://powertech-performance.com/pages/datenschutz.html;nein
https://powertech-performance.com/blog/professionelle-keramikversiegelung-erfurt/;https://powertech-performance.com/pages/cookie-einstellungen.html;Cookie-Einstellungen;Bestand: Seitenlink;Navigation;Keramikversiegelung;technisch lokal auflösbar;;https://powertech-performance.com/pages/cookie-einstellungen.html;nein
https://powertech-performance.com/blog/professionelle-keramikversiegelung-erfurt/;https://powertech-performance.com/pages/seitenuebersicht.html;Seitenübersicht;Bestand: Seitenlink;Navigation;Keramikversiegelung;technisch lokal auflösbar;;https://powertech-performance.com/pages/seitenuebersicht.html;nein
https://powertech-performance.com/blog/professionelle-keramikversiegelung-erfurt/;https://powertech-performance.com/pages/impressum.html;Impressum;Bestand: Seitenlink;Inhalt;Keramikversiegelung;technisch lokal auflösbar;;https://powertech-performance.com/pages/impressum.html;nein
https://powertech-performance.com/blog/profi-keramikversiegelung/;https://powertech-performance.com/;Powertech Performance Logo;Bestand: Seitenlink;Header;Keramikversiegelung;technisch lokal auflösbar;;https://powertech-performance.com/;nein
https://powertech-performance.com/blog/profi-keramikversiegelung/;https://powertech-performance.com/#leistungen;Autoaufbereitung;Bestand: Sprunglink;Navigation;Keramikversiegelung;technisch lokal auflösbar;;https://powertech-performance.com/;nein
https://powertech-performance.com/blog/profi-keramikversiegelung/;https://powertech-performance.com/#ueber-uns;Über uns;Bestand: Sprunglink;Navigation;Keramikversiegelung;Sprungziel fehlt;"Passende existierende Abschnitts-ID verwenden; keine Inhaltsbehauptung aus dem alten Anchor übernehmen";https://powertech-performance.com/;nein
https://powertech-performance.com/blog/profi-keramikversiegelung/;https://powertech-performance.com/blog/;Blog;Bestand: Seitenlink;Navigation;Keramikversiegelung;technisch lokal auflösbar;;https://powertech-performance.com/blog/;nein
https://powertech-performance.com/blog/profi-keramikversiegelung/;https://powertech-performance.com/pages/kontakt.html;Kontakt;Bestand: Seitenlink;Navigation;Keramikversiegelung;technisch lokal auflösbar;;https://powertech-performance.com/pages/kontakt.html;nein
https://powertech-performance.com/blog/profi-keramikversiegelung/;https://powertech-performance.com/pages/kontakt.html;Jetzt anfragen;Bestand: Seitenlink;Inhalt;Keramikversiegelung;Generischer Anchor;"Im redaktionellen Text Zielthema nennen; generische Formular-CTAs dürfen bleiben";https://powertech-performance.com/pages/kontakt.html;nein
https://powertech-performance.com/blog/profi-keramikversiegelung/;https://powertech-performance.com/blog/;Blog;Bestand: Seitenlink;Breadcrumb;Keramikversiegelung;technisch lokal auflösbar;;https://powertech-performance.com/blog/;nein
https://powertech-performance.com/blog/profi-keramikversiegelung/;https://www.powertech-performance.com/;www.powertech-performance.com;Bestand: Seitenlink;Inhalt;Keramikversiegelung;Generischer Anchor;"Im redaktionellen Text Zielthema nennen; generische Formular-CTAs dürfen bleiben";https://powertech-performance.com/;nein
https://powertech-performance.com/blog/profi-keramikversiegelung/;https://powertech-performance.com/#leistungen;Alle Leistungen ansehen;Bestand: Sprunglink;Sidebar;Keramikversiegelung;technisch lokal auflösbar;;https://powertech-performance.com/;nein
https://powertech-performance.com/blog/profi-keramikversiegelung/;https://powertech-performance.com/pages/kontakt.html;Zur Kontaktseite;Bestand: Seitenlink;Sidebar;Keramikversiegelung;technisch lokal auflösbar;;https://powertech-performance.com/pages/kontakt.html;nein
https://powertech-performance.com/blog/profi-keramikversiegelung/;https://powertech-performance.com/pages/impressum.html;Impressum;Bestand: Seitenlink;Navigation;Keramikversiegelung;technisch lokal auflösbar;;https://powertech-performance.com/pages/impressum.html;nein
https://powertech-performance.com/blog/profi-keramikversiegelung/;https://powertech-performance.com/pages/datenschutz.html;Datenschutzerklärung;Bestand: Seitenlink;Navigation;Keramikversiegelung;technisch lokal auflösbar;;https://powertech-performance.com/pages/datenschutz.html;nein
https://powertech-performance.com/blog/profi-keramikversiegelung/;https://powertech-performance.com/pages/cookie-einstellungen.html;Cookie-Einstellungen;Bestand: Seitenlink;Navigation;Keramikversiegelung;technisch lokal auflösbar;;https://powertech-performance.com/pages/cookie-einstellungen.html;nein
https://powertech-performance.com/blog/profi-keramikversiegelung/;https://powertech-performance.com/pages/seitenuebersicht.html;Seitenübersicht;Bestand: Seitenlink;Navigation;Keramikversiegelung;technisch lokal auflösbar;;https://powertech-performance.com/pages/seitenuebersicht.html;nein
https://powertech-performance.com/blog/profi-keramikversiegelung/;https://powertech-performance.com/pages/impressum.html;Impressum;Bestand: Seitenlink;Inhalt;Keramikversiegelung;technisch lokal auflösbar;;https://powertech-performance.com/pages/impressum.html;nein
https://powertech-performance.com/blog/softwareoptimierung-dpf-off-erfurt/;https://powertech-performance.com/;Powertech Performance Logo;Bestand: Seitenlink;Header;AdBlue / SCR / DPF;technisch lokal auflösbar;;https://powertech-performance.com/;nein
https://powertech-performance.com/blog/softwareoptimierung-dpf-off-erfurt/;https://powertech-performance.com/#leistungen;Autoaufbereitung;Bestand: Sprunglink;Navigation;AdBlue / SCR / DPF;technisch lokal auflösbar;;https://powertech-performance.com/;nein
https://powertech-performance.com/blog/softwareoptimierung-dpf-off-erfurt/;https://powertech-performance.com/#ueber-uns;Über uns;Bestand: Sprunglink;Navigation;AdBlue / SCR / DPF;Sprungziel fehlt;"Passende existierende Abschnitts-ID verwenden; keine Inhaltsbehauptung aus dem alten Anchor übernehmen";https://powertech-performance.com/;nein
https://powertech-performance.com/blog/softwareoptimierung-dpf-off-erfurt/;https://powertech-performance.com/blog/;Blog;Bestand: Seitenlink;Navigation;AdBlue / SCR / DPF;technisch lokal auflösbar;;https://powertech-performance.com/blog/;nein
https://powertech-performance.com/blog/softwareoptimierung-dpf-off-erfurt/;https://powertech-performance.com/pages/kontakt.html;Kontakt;Bestand: Seitenlink;Navigation;AdBlue / SCR / DPF;technisch lokal auflösbar;;https://powertech-performance.com/pages/kontakt.html;nein
https://powertech-performance.com/blog/softwareoptimierung-dpf-off-erfurt/;https://powertech-performance.com/pages/kontakt.html;Jetzt anfragen;Bestand: Seitenlink;Inhalt;AdBlue / SCR / DPF;Generischer Anchor;"Im redaktionellen Text Zielthema nennen; generische Formular-CTAs dürfen bleiben";https://powertech-performance.com/pages/kontakt.html;nein
https://powertech-performance.com/blog/softwareoptimierung-dpf-off-erfurt/;https://powertech-performance.com/blog/;Blog;Bestand: Seitenlink;Breadcrumb;AdBlue / SCR / DPF;technisch lokal auflösbar;;https://powertech-performance.com/blog/;nein
https://powertech-performance.com/blog/softwareoptimierung-dpf-off-erfurt/;https://powertech-performance.com/#leistungen;Alle Leistungen ansehen;Bestand: Sprunglink;Sidebar;AdBlue / SCR / DPF;technisch lokal auflösbar;;https://powertech-performance.com/;nein
https://powertech-performance.com/blog/softwareoptimierung-dpf-off-erfurt/;https://powertech-performance.com/pages/kontakt.html;Zur Kontaktseite;Bestand: Seitenlink;Sidebar;AdBlue / SCR / DPF;technisch lokal auflösbar;;https://powertech-performance.com/pages/kontakt.html;nein
https://powertech-performance.com/blog/softwareoptimierung-dpf-off-erfurt/;https://powertech-performance.com/pages/impressum.html;Impressum;Bestand: Seitenlink;Navigation;AdBlue / SCR / DPF;technisch lokal auflösbar;;https://powertech-performance.com/pages/impressum.html;nein
https://powertech-performance.com/blog/softwareoptimierung-dpf-off-erfurt/;https://powertech-performance.com/pages/datenschutz.html;Datenschutzerklärung;Bestand: Seitenlink;Navigation;AdBlue / SCR / DPF;technisch lokal auflösbar;;https://powertech-performance.com/pages/datenschutz.html;nein
https://powertech-performance.com/blog/softwareoptimierung-dpf-off-erfurt/;https://powertech-performance.com/pages/cookie-einstellungen.html;Cookie-Einstellungen;Bestand: Seitenlink;Navigation;AdBlue / SCR / DPF;technisch lokal auflösbar;;https://powertech-performance.com/pages/cookie-einstellungen.html;nein
https://powertech-performance.com/blog/softwareoptimierung-dpf-off-erfurt/;https://powertech-performance.com/pages/seitenuebersicht.html;Seitenübersicht;Bestand: Seitenlink;Navigation;AdBlue / SCR / DPF;technisch lokal auflösbar;;https://powertech-performance.com/pages/seitenuebersicht.html;nein
https://powertech-performance.com/blog/softwareoptimierung-dpf-off-erfurt/;https://powertech-performance.com/pages/impressum.html;Impressum;Bestand: Seitenlink;Inhalt;AdBlue / SCR / DPF;technisch lokal auflösbar;;https://powertech-performance.com/pages/impressum.html;nein
https://powertech-performance.com/blog/softwareoptimierung-erfurt/;https://powertech-performance.com/;Powertech Performance Logo;Bestand: Seitenlink;Header;Chiptuning;technisch lokal auflösbar;;https://powertech-performance.com/;nein
https://powertech-performance.com/blog/softwareoptimierung-erfurt/;https://powertech-performance.com/#leistungen;Autoaufbereitung;Bestand: Sprunglink;Navigation;Chiptuning;technisch lokal auflösbar;;https://powertech-performance.com/;nein
https://powertech-performance.com/blog/softwareoptimierung-erfurt/;https://powertech-performance.com/#ueber-uns;Über uns;Bestand: Sprunglink;Navigation;Chiptuning;Sprungziel fehlt;"Passende existierende Abschnitts-ID verwenden; keine Inhaltsbehauptung aus dem alten Anchor übernehmen";https://powertech-performance.com/;nein
https://powertech-performance.com/blog/softwareoptimierung-erfurt/;https://powertech-performance.com/blog/;Blog;Bestand: Seitenlink;Navigation;Chiptuning;technisch lokal auflösbar;;https://powertech-performance.com/blog/;nein
https://powertech-performance.com/blog/softwareoptimierung-erfurt/;https://powertech-performance.com/pages/kontakt.html;Kontakt;Bestand: Seitenlink;Navigation;Chiptuning;technisch lokal auflösbar;;https://powertech-performance.com/pages/kontakt.html;nein
https://powertech-performance.com/blog/softwareoptimierung-erfurt/;https://powertech-performance.com/pages/kontakt.html;Jetzt anfragen;Bestand: Seitenlink;Inhalt;Chiptuning;Generischer Anchor;"Im redaktionellen Text Zielthema nennen; generische Formular-CTAs dürfen bleiben";https://powertech-performance.com/pages/kontakt.html;nein
https://powertech-performance.com/blog/softwareoptimierung-erfurt/;https://powertech-performance.com/blog/;Blog;Bestand: Seitenlink;Breadcrumb;Chiptuning;technisch lokal auflösbar;;https://powertech-performance.com/blog/;nein
https://powertech-performance.com/blog/softwareoptimierung-erfurt/;https://powertech-performance.com/pages/kontakt.html;Jetzt Besichtigungstermin buchen;Bestand: Seitenlink;Inhalt;Chiptuning;technisch lokal auflösbar;;https://powertech-performance.com/pages/kontakt.html;nein
https://powertech-performance.com/blog/softwareoptimierung-erfurt/;https://powertech-performance.com/#leistungen;Alle Leistungen ansehen;Bestand: Sprunglink;Sidebar;Chiptuning;technisch lokal auflösbar;;https://powertech-performance.com/;nein
https://powertech-performance.com/blog/softwareoptimierung-erfurt/;https://powertech-performance.com/pages/kontakt.html;Zur Kontaktseite;Bestand: Seitenlink;Sidebar;Chiptuning;technisch lokal auflösbar;;https://powertech-performance.com/pages/kontakt.html;nein
https://powertech-performance.com/blog/softwareoptimierung-erfurt/;https://powertech-performance.com/pages/impressum.html;Impressum;Bestand: Seitenlink;Navigation;Chiptuning;technisch lokal auflösbar;;https://powertech-performance.com/pages/impressum.html;nein
https://powertech-performance.com/blog/softwareoptimierung-erfurt/;https://powertech-performance.com/pages/datenschutz.html;Datenschutzerklärung;Bestand: Seitenlink;Navigation;Chiptuning;technisch lokal auflösbar;;https://powertech-performance.com/pages/datenschutz.html;nein
https://powertech-performance.com/blog/softwareoptimierung-erfurt/;https://powertech-performance.com/pages/cookie-einstellungen.html;Cookie-Einstellungen;Bestand: Seitenlink;Navigation;Chiptuning;technisch lokal auflösbar;;https://powertech-performance.com/pages/cookie-einstellungen.html;nein
https://powertech-performance.com/blog/softwareoptimierung-erfurt/;https://powertech-performance.com/pages/seitenuebersicht.html;Seitenübersicht;Bestand: Seitenlink;Navigation;Chiptuning;technisch lokal auflösbar;;https://powertech-performance.com/pages/seitenuebersicht.html;nein
https://powertech-performance.com/blog/softwareoptimierung-erfurt/;https://powertech-performance.com/pages/impressum.html;Impressum;Bestand: Seitenlink;Inhalt;Chiptuning;technisch lokal auflösbar;;https://powertech-performance.com/pages/impressum.html;nein
https://powertech-performance.com/blog/was-kostet-eine-auto-reinigung/;https://powertech-performance.com/;Powertech Performance Logo;Bestand: Seitenlink;Header;Innenraumreinigung;technisch lokal auflösbar;;https://powertech-performance.com/;nein
https://powertech-performance.com/blog/was-kostet-eine-auto-reinigung/;https://powertech-performance.com/#leistungen;Autoaufbereitung;Bestand: Sprunglink;Navigation;Innenraumreinigung;technisch lokal auflösbar;;https://powertech-performance.com/;nein
https://powertech-performance.com/blog/was-kostet-eine-auto-reinigung/;https://powertech-performance.com/#ueber-uns;Über uns;Bestand: Sprunglink;Navigation;Innenraumreinigung;Sprungziel fehlt;"Passende existierende Abschnitts-ID verwenden; keine Inhaltsbehauptung aus dem alten Anchor übernehmen";https://powertech-performance.com/;nein
https://powertech-performance.com/blog/was-kostet-eine-auto-reinigung/;https://powertech-performance.com/blog/;Blog;Bestand: Seitenlink;Navigation;Innenraumreinigung;technisch lokal auflösbar;;https://powertech-performance.com/blog/;nein
https://powertech-performance.com/blog/was-kostet-eine-auto-reinigung/;https://powertech-performance.com/pages/kontakt.html;Kontakt;Bestand: Seitenlink;Navigation;Innenraumreinigung;technisch lokal auflösbar;;https://powertech-performance.com/pages/kontakt.html;nein
https://powertech-performance.com/blog/was-kostet-eine-auto-reinigung/;https://powertech-performance.com/pages/kontakt.html;Jetzt anfragen;Bestand: Seitenlink;Inhalt;Innenraumreinigung;Generischer Anchor;"Im redaktionellen Text Zielthema nennen; generische Formular-CTAs dürfen bleiben";https://powertech-performance.com/pages/kontakt.html;nein
https://powertech-performance.com/blog/was-kostet-eine-auto-reinigung/;https://powertech-performance.com/blog/;Blog;Bestand: Seitenlink;Breadcrumb;Innenraumreinigung;technisch lokal auflösbar;;https://powertech-performance.com/blog/;nein
https://powertech-performance.com/blog/was-kostet-eine-auto-reinigung/;https://powertech-performance.com/#leistungen;Alle Leistungen ansehen;Bestand: Sprunglink;Sidebar;Innenraumreinigung;technisch lokal auflösbar;;https://powertech-performance.com/;nein
https://powertech-performance.com/blog/was-kostet-eine-auto-reinigung/;https://powertech-performance.com/pages/kontakt.html;Zur Kontaktseite;Bestand: Seitenlink;Sidebar;Innenraumreinigung;technisch lokal auflösbar;;https://powertech-performance.com/pages/kontakt.html;nein
https://powertech-performance.com/blog/was-kostet-eine-auto-reinigung/;https://powertech-performance.com/pages/impressum.html;Impressum;Bestand: Seitenlink;Navigation;Innenraumreinigung;technisch lokal auflösbar;;https://powertech-performance.com/pages/impressum.html;nein
https://powertech-performance.com/blog/was-kostet-eine-auto-reinigung/;https://powertech-performance.com/pages/datenschutz.html;Datenschutzerklärung;Bestand: Seitenlink;Navigation;Innenraumreinigung;technisch lokal auflösbar;;https://powertech-performance.com/pages/datenschutz.html;nein
https://powertech-performance.com/blog/was-kostet-eine-auto-reinigung/;https://powertech-performance.com/pages/cookie-einstellungen.html;Cookie-Einstellungen;Bestand: Seitenlink;Navigation;Innenraumreinigung;technisch lokal auflösbar;;https://powertech-performance.com/pages/cookie-einstellungen.html;nein
https://powertech-performance.com/blog/was-kostet-eine-auto-reinigung/;https://powertech-performance.com/pages/seitenuebersicht.html;Seitenübersicht;Bestand: Seitenlink;Navigation;Innenraumreinigung;technisch lokal auflösbar;;https://powertech-performance.com/pages/seitenuebersicht.html;nein
https://powertech-performance.com/blog/was-kostet-eine-auto-reinigung/;https://powertech-performance.com/pages/impressum.html;Impressum;Bestand: Seitenlink;Inhalt;Innenraumreinigung;technisch lokal auflösbar;;https://powertech-performance.com/pages/impressum.html;nein
https://powertech-performance.com/blog/wie-lange-dauert-adblue-off/;https://powertech-performance.com/;Powertech Performance Logo;Bestand: Seitenlink;Header;AdBlue / SCR / DPF;technisch lokal auflösbar;;https://powertech-performance.com/;nein
https://powertech-performance.com/blog/wie-lange-dauert-adblue-off/;https://powertech-performance.com/#leistungen;Autoaufbereitung;Bestand: Sprunglink;Navigation;AdBlue / SCR / DPF;technisch lokal auflösbar;;https://powertech-performance.com/;nein
https://powertech-performance.com/blog/wie-lange-dauert-adblue-off/;https://powertech-performance.com/#ueber-uns;Über uns;Bestand: Sprunglink;Navigation;AdBlue / SCR / DPF;Sprungziel fehlt;"Passende existierende Abschnitts-ID verwenden; keine Inhaltsbehauptung aus dem alten Anchor übernehmen";https://powertech-performance.com/;nein
https://powertech-performance.com/blog/wie-lange-dauert-adblue-off/;https://powertech-performance.com/blog/;Blog;Bestand: Seitenlink;Navigation;AdBlue / SCR / DPF;technisch lokal auflösbar;;https://powertech-performance.com/blog/;nein
https://powertech-performance.com/blog/wie-lange-dauert-adblue-off/;https://powertech-performance.com/pages/kontakt.html;Kontakt;Bestand: Seitenlink;Navigation;AdBlue / SCR / DPF;technisch lokal auflösbar;;https://powertech-performance.com/pages/kontakt.html;nein
https://powertech-performance.com/blog/wie-lange-dauert-adblue-off/;https://powertech-performance.com/pages/kontakt.html;Jetzt anfragen;Bestand: Seitenlink;Inhalt;AdBlue / SCR / DPF;Generischer Anchor;"Im redaktionellen Text Zielthema nennen; generische Formular-CTAs dürfen bleiben";https://powertech-performance.com/pages/kontakt.html;nein
https://powertech-performance.com/blog/wie-lange-dauert-adblue-off/;https://powertech-performance.com/blog/;Blog;Bestand: Seitenlink;Breadcrumb;AdBlue / SCR / DPF;technisch lokal auflösbar;;https://powertech-performance.com/blog/;nein
https://powertech-performance.com/blog/wie-lange-dauert-adblue-off/;https://powertech-performance.com/pages/kontakt.html;Jetzt unverbindlich anfragen;Bestand: Seitenlink;Inhalt;AdBlue / SCR / DPF;Generischer Anchor;"Im redaktionellen Text Zielthema nennen; generische Formular-CTAs dürfen bleiben";https://powertech-performance.com/pages/kontakt.html;nein
https://powertech-performance.com/blog/wie-lange-dauert-adblue-off/;https://powertech-performance.com/#leistungen;Alle Leistungen ansehen;Bestand: Sprunglink;Sidebar;AdBlue / SCR / DPF;technisch lokal auflösbar;;https://powertech-performance.com/;nein
https://powertech-performance.com/blog/wie-lange-dauert-adblue-off/;https://powertech-performance.com/pages/kontakt.html;Zur Kontaktseite;Bestand: Seitenlink;Sidebar;AdBlue / SCR / DPF;technisch lokal auflösbar;;https://powertech-performance.com/pages/kontakt.html;nein
https://powertech-performance.com/blog/wie-lange-dauert-adblue-off/;https://powertech-performance.com/pages/impressum.html;Impressum;Bestand: Seitenlink;Navigation;AdBlue / SCR / DPF;technisch lokal auflösbar;;https://powertech-performance.com/pages/impressum.html;nein
https://powertech-performance.com/blog/wie-lange-dauert-adblue-off/;https://powertech-performance.com/pages/datenschutz.html;Datenschutzerklärung;Bestand: Seitenlink;Navigation;AdBlue / SCR / DPF;technisch lokal auflösbar;;https://powertech-performance.com/pages/datenschutz.html;nein
https://powertech-performance.com/blog/wie-lange-dauert-adblue-off/;https://powertech-performance.com/pages/cookie-einstellungen.html;Cookie-Einstellungen;Bestand: Seitenlink;Navigation;AdBlue / SCR / DPF;technisch lokal auflösbar;;https://powertech-performance.com/pages/cookie-einstellungen.html;nein
https://powertech-performance.com/blog/wie-lange-dauert-adblue-off/;https://powertech-performance.com/pages/seitenuebersicht.html;Seitenübersicht;Bestand: Seitenlink;Navigation;AdBlue / SCR / DPF;technisch lokal auflösbar;;https://powertech-performance.com/pages/seitenuebersicht.html;nein
https://powertech-performance.com/blog/wie-lange-dauert-adblue-off/;https://powertech-performance.com/pages/impressum.html;Impressum;Bestand: Seitenlink;Inhalt;AdBlue / SCR / DPF;technisch lokal auflösbar;;https://powertech-performance.com/pages/impressum.html;nein
https://powertech-performance.com/blog/wie-oft-auto-aufbereiten-lassen.html;https://powertech-performance.com/;Powertech Performance Logo;Bestand: Seitenlink;Header;Autoaufbereitung;technisch lokal auflösbar;;https://powertech-performance.com/;nein
https://powertech-performance.com/blog/wie-oft-auto-aufbereiten-lassen.html;https://powertech-performance.com/#leistungen;Autoaufbereitung;Bestand: Sprunglink;Navigation;Autoaufbereitung;technisch lokal auflösbar;;https://powertech-performance.com/;nein
https://powertech-performance.com/blog/wie-oft-auto-aufbereiten-lassen.html;https://powertech-performance.com/#ueber-uns;Über uns;Bestand: Sprunglink;Navigation;Autoaufbereitung;Sprungziel fehlt;"Passende existierende Abschnitts-ID verwenden; keine Inhaltsbehauptung aus dem alten Anchor übernehmen";https://powertech-performance.com/;nein
https://powertech-performance.com/blog/wie-oft-auto-aufbereiten-lassen.html;https://powertech-performance.com/blog/;Blog;Bestand: Seitenlink;Navigation;Autoaufbereitung;technisch lokal auflösbar;;https://powertech-performance.com/blog/;nein
https://powertech-performance.com/blog/wie-oft-auto-aufbereiten-lassen.html;https://powertech-performance.com/pages/kontakt.html;Kontakt;Bestand: Seitenlink;Navigation;Autoaufbereitung;technisch lokal auflösbar;;https://powertech-performance.com/pages/kontakt.html;nein
https://powertech-performance.com/blog/wie-oft-auto-aufbereiten-lassen.html;https://powertech-performance.com/pages/kontakt.html;Jetzt anfragen;Bestand: Seitenlink;Inhalt;Autoaufbereitung;Generischer Anchor;"Im redaktionellen Text Zielthema nennen; generische Formular-CTAs dürfen bleiben";https://powertech-performance.com/pages/kontakt.html;nein
https://powertech-performance.com/blog/wie-oft-auto-aufbereiten-lassen.html;https://powertech-performance.com/blog/;Blog;Bestand: Seitenlink;Breadcrumb;Autoaufbereitung;technisch lokal auflösbar;;https://powertech-performance.com/blog/;nein
https://powertech-performance.com/blog/wie-oft-auto-aufbereiten-lassen.html;https://powertech-performance.com/#leistungen;Alle Leistungen ansehen;Bestand: Sprunglink;Sidebar;Autoaufbereitung;technisch lokal auflösbar;;https://powertech-performance.com/;nein
https://powertech-performance.com/blog/wie-oft-auto-aufbereiten-lassen.html;https://powertech-performance.com/blog/wie-oft-auto-aufbereiten-lassen.html;Wie oft sollte man sein Auto professionell aufbereiten lassen?;Bestand: Seitenlink;Sidebar;Autoaufbereitung;technisch lokal auflösbar;;https://powertech-performance.com/blog/wie-oft-auto-aufbereiten-lassen.html;nein
https://powertech-performance.com/blog/wie-oft-auto-aufbereiten-lassen.html;https://powertech-performance.com/pages/impressum.html;Impressum;Bestand: Seitenlink;Navigation;Autoaufbereitung;technisch lokal auflösbar;;https://powertech-performance.com/pages/impressum.html;nein
https://powertech-performance.com/blog/wie-oft-auto-aufbereiten-lassen.html;https://powertech-performance.com/pages/datenschutz.html;Datenschutzerklärung;Bestand: Seitenlink;Navigation;Autoaufbereitung;technisch lokal auflösbar;;https://powertech-performance.com/pages/datenschutz.html;nein
https://powertech-performance.com/blog/wie-oft-auto-aufbereiten-lassen.html;https://powertech-performance.com/pages/cookie-einstellungen.html;Cookie-Einstellungen;Bestand: Seitenlink;Navigation;Autoaufbereitung;technisch lokal auflösbar;;https://powertech-performance.com/pages/cookie-einstellungen.html;nein
https://powertech-performance.com/blog/wie-oft-auto-aufbereiten-lassen.html;https://powertech-performance.com/pages/seitenuebersicht.html;Seitenübersicht;Bestand: Seitenlink;Navigation;Autoaufbereitung;technisch lokal auflösbar;;https://powertech-performance.com/pages/seitenuebersicht.html;nein
https://powertech-performance.com/blog/wie-oft-auto-aufbereiten-lassen.html;https://powertech-performance.com/pages/impressum.html;Impressum;Bestand: Seitenlink;Inhalt;Autoaufbereitung;technisch lokal auflösbar;;https://powertech-performance.com/pages/impressum.html;nein
https://powertech-performance.com/chiptuning;https://powertech-performance.com/;Powertech Performance Logo;Bestand: Seitenlink;Header;Chiptuning;technisch lokal auflösbar;;https://powertech-performance.com/;nein
https://powertech-performance.com/chiptuning;https://powertech-performance.com/#leistungen;Autoaufbereitung;Bestand: Sprunglink;Navigation;Chiptuning;technisch lokal auflösbar;;https://powertech-performance.com/;nein
https://powertech-performance.com/chiptuning;https://powertech-performance.com/#ueber-uns;Über uns;Bestand: Sprunglink;Navigation;Chiptuning;Sprungziel fehlt;"Passende existierende Abschnitts-ID verwenden; keine Inhaltsbehauptung aus dem alten Anchor übernehmen";https://powertech-performance.com/;nein
https://powertech-performance.com/chiptuning;https://powertech-performance.com/blog/;Blog;Bestand: Seitenlink;Navigation;Chiptuning;technisch lokal auflösbar;;https://powertech-performance.com/blog/;nein
https://powertech-performance.com/chiptuning;https://powertech-performance.com/pages/kontakt.html;Kontakt;Bestand: Seitenlink;Navigation;Chiptuning;technisch lokal auflösbar;;https://powertech-performance.com/pages/kontakt.html;nein
https://powertech-performance.com/chiptuning;https://powertech-performance.com/pages/kontakt.html;👉 Jetzt Termin anfragen!;Bestand: Seitenlink;Inhalt;Chiptuning;technisch lokal auflösbar;;https://powertech-performance.com/pages/kontakt.html;nein
https://powertech-performance.com/chiptuning;https://powertech-performance.com/pages/kontakt.html;👉 Zur Kontaktseite;Bestand: Seitenlink;Inhalt;Chiptuning;technisch lokal auflösbar;;https://powertech-performance.com/pages/kontakt.html;nein
https://powertech-performance.com/chiptuning;https://powertech-performance.com/pages/impressum.html;Impressum;Bestand: Seitenlink;Navigation;Chiptuning;technisch lokal auflösbar;;https://powertech-performance.com/pages/impressum.html;nein
https://powertech-performance.com/chiptuning;https://powertech-performance.com/pages/datenschutz.html;Datenschutzerklärung;Bestand: Seitenlink;Navigation;Chiptuning;technisch lokal auflösbar;;https://powertech-performance.com/pages/datenschutz.html;nein
https://powertech-performance.com/chiptuning;https://powertech-performance.com/pages/cookie-einstellungen.html;Cookie-Einstellungen;Bestand: Seitenlink;Navigation;Chiptuning;technisch lokal auflösbar;;https://powertech-performance.com/pages/cookie-einstellungen.html;nein
https://powertech-performance.com/chiptuning;https://powertech-performance.com/pages/seitenuebersicht.html;Seitenübersicht;Bestand: Seitenlink;Navigation;Chiptuning;technisch lokal auflösbar;;https://powertech-performance.com/pages/seitenuebersicht.html;nein
https://powertech-performance.com/chiptuning;https://powertech-performance.com/pages/impressum.html;Impressum;Bestand: Seitenlink;Inhalt;Chiptuning;technisch lokal auflösbar;;https://powertech-performance.com/pages/impressum.html;nein
https://powertech-performance.com/eisenach;https://powertech-performance.com/;Powertech Performance Logo;Bestand: Seitenlink;Header;Einzugsgebiet;technisch lokal auflösbar;;https://powertech-performance.com/;nein
https://powertech-performance.com/eisenach;https://powertech-performance.com/eisenach#leistungen;Autoaufbereitung;Bestand: Sprunglink;Navigation;Einzugsgebiet;technisch lokal auflösbar;;https://powertech-performance.com/eisenach;nein
https://powertech-performance.com/eisenach;https://powertech-performance.com/eisenach#ueber-uns;Über uns;Bestand: Sprunglink;Navigation;Einzugsgebiet;technisch lokal auflösbar;;https://powertech-performance.com/eisenach;nein
https://powertech-performance.com/eisenach;https://powertech-performance.com/eisenach#faq;Häufige Fragen;Bestand: Sprunglink;Navigation;Einzugsgebiet;technisch lokal auflösbar;;https://powertech-performance.com/eisenach;nein
https://powertech-performance.com/eisenach;https://powertech-performance.com/blog/;Blog;Bestand: Seitenlink;Navigation;Einzugsgebiet;technisch lokal auflösbar;;https://powertech-performance.com/blog/;nein
https://powertech-performance.com/eisenach;https://powertech-performance.com/pages/kontakt.html;Kontakt;Bestand: Seitenlink;Navigation;Einzugsgebiet;technisch lokal auflösbar;;https://powertech-performance.com/pages/kontakt.html;nein
https://powertech-performance.com/eisenach;https://powertech-performance.com/eisenach#kontakt;👉 Jetzt Termin für Ihre Autoaufbereitung anfragen!;Bestand: Sprunglink;Inhalt;Einzugsgebiet;technisch lokal auflösbar;;https://powertech-performance.com/eisenach;nein
https://powertech-performance.com/eisenach;https://powertech-performance.com/eisenach#kontakt;👉 Sofort Angebot einholen;Bestand: Sprunglink;Inhalt;Einzugsgebiet;technisch lokal auflösbar;;https://powertech-performance.com/eisenach;nein
https://powertech-performance.com/eisenach;https://powertech-performance.com/pages/impressum.html;Impressum;Bestand: Seitenlink;Navigation;Einzugsgebiet;technisch lokal auflösbar;;https://powertech-performance.com/pages/impressum.html;nein
https://powertech-performance.com/eisenach;https://powertech-performance.com/pages/datenschutz.html;Datenschutzerklärung;Bestand: Seitenlink;Navigation;Einzugsgebiet;technisch lokal auflösbar;;https://powertech-performance.com/pages/datenschutz.html;nein
https://powertech-performance.com/eisenach;https://powertech-performance.com/pages/cookie-einstellungen.html;Cookie-Einstellungen;Bestand: Seitenlink;Navigation;Einzugsgebiet;technisch lokal auflösbar;;https://powertech-performance.com/pages/cookie-einstellungen.html;nein
https://powertech-performance.com/eisenach;https://powertech-performance.com/pages/seitenuebersicht.html;Seitenübersicht;Bestand: Seitenlink;Navigation;Einzugsgebiet;technisch lokal auflösbar;;https://powertech-performance.com/pages/seitenuebersicht.html;nein
https://powertech-performance.com/eisenach;https://powertech-performance.com/pages/impressum.html;Impressum;Bestand: Seitenlink;Inhalt;Einzugsgebiet;technisch lokal auflösbar;;https://powertech-performance.com/pages/impressum.html;nein
https://powertech-performance.com/fahrzeugaufbereitung-aus-erfurt;https://powertech-performance.com/;Powertech Performance Logo;Bestand: Seitenlink;Header;Autoaufbereitung;technisch lokal auflösbar;;https://powertech-performance.com/;nein
https://powertech-performance.com/fahrzeugaufbereitung-aus-erfurt;https://powertech-performance.com/fahrzeugaufbereitung-aus-erfurt#leistungen;Autoaufbereitung;Bestand: Sprunglink;Navigation;Autoaufbereitung;technisch lokal auflösbar;;https://powertech-performance.com/fahrzeugaufbereitung-aus-erfurt;nein
https://powertech-performance.com/fahrzeugaufbereitung-aus-erfurt;https://powertech-performance.com/fahrzeugaufbereitung-aus-erfurt#ueber-uns;Über uns;Bestand: Sprunglink;Navigation;Autoaufbereitung;technisch lokal auflösbar;;https://powertech-performance.com/fahrzeugaufbereitung-aus-erfurt;nein
https://powertech-performance.com/fahrzeugaufbereitung-aus-erfurt;https://powertech-performance.com/fahrzeugaufbereitung-aus-erfurt#faq;Häufige Fragen;Bestand: Sprunglink;Navigation;Autoaufbereitung;technisch lokal auflösbar;;https://powertech-performance.com/fahrzeugaufbereitung-aus-erfurt;nein
https://powertech-performance.com/fahrzeugaufbereitung-aus-erfurt;https://powertech-performance.com/blog/;Blog;Bestand: Seitenlink;Navigation;Autoaufbereitung;technisch lokal auflösbar;;https://powertech-performance.com/blog/;nein
https://powertech-performance.com/fahrzeugaufbereitung-aus-erfurt;https://powertech-performance.com/pages/kontakt.html;Kontakt;Bestand: Seitenlink;Navigation;Autoaufbereitung;technisch lokal auflösbar;;https://powertech-performance.com/pages/kontakt.html;nein
https://powertech-performance.com/fahrzeugaufbereitung-aus-erfurt;https://powertech-performance.com/fahrzeugaufbereitung-aus-erfurt#kontakt;👉 Jetzt Termin für Ihre Autoaufbereitung anfragen!;Bestand: Sprunglink;Inhalt;Autoaufbereitung;technisch lokal auflösbar;;https://powertech-performance.com/fahrzeugaufbereitung-aus-erfurt;nein
https://powertech-performance.com/fahrzeugaufbereitung-aus-erfurt;https://powertech-performance.com/fahrzeugaufbereitung-aus-erfurt#kontakt;👉 Sofort Angebot einholen;Bestand: Sprunglink;Inhalt;Autoaufbereitung;technisch lokal auflösbar;;https://powertech-performance.com/fahrzeugaufbereitung-aus-erfurt;nein
https://powertech-performance.com/fahrzeugaufbereitung-aus-erfurt;https://powertech-performance.com/pages/impressum.html;Impressum;Bestand: Seitenlink;Navigation;Autoaufbereitung;technisch lokal auflösbar;;https://powertech-performance.com/pages/impressum.html;nein
https://powertech-performance.com/fahrzeugaufbereitung-aus-erfurt;https://powertech-performance.com/pages/datenschutz.html;Datenschutzerklärung;Bestand: Seitenlink;Navigation;Autoaufbereitung;technisch lokal auflösbar;;https://powertech-performance.com/pages/datenschutz.html;nein
https://powertech-performance.com/fahrzeugaufbereitung-aus-erfurt;https://powertech-performance.com/pages/cookie-einstellungen.html;Cookie-Einstellungen;Bestand: Seitenlink;Navigation;Autoaufbereitung;technisch lokal auflösbar;;https://powertech-performance.com/pages/cookie-einstellungen.html;nein
https://powertech-performance.com/fahrzeugaufbereitung-aus-erfurt;https://powertech-performance.com/pages/seitenuebersicht.html;Seitenübersicht;Bestand: Seitenlink;Navigation;Autoaufbereitung;technisch lokal auflösbar;;https://powertech-performance.com/pages/seitenuebersicht.html;nein
https://powertech-performance.com/fahrzeugaufbereitung-aus-erfurt;https://powertech-performance.com/pages/impressum.html;Impressum;Bestand: Seitenlink;Inhalt;Autoaufbereitung;technisch lokal auflösbar;;https://powertech-performance.com/pages/impressum.html;nein
https://powertech-performance.com/gera;https://powertech-performance.com/;Powertech Performance Logo;Bestand: Seitenlink;Header;Einzugsgebiet;technisch lokal auflösbar;;https://powertech-performance.com/;nein
https://powertech-performance.com/gera;https://powertech-performance.com/gera#leistungen;Autoaufbereitung;Bestand: Sprunglink;Navigation;Einzugsgebiet;technisch lokal auflösbar;;https://powertech-performance.com/gera;nein
https://powertech-performance.com/gera;https://powertech-performance.com/gera#ueber-uns;Über uns;Bestand: Sprunglink;Navigation;Einzugsgebiet;technisch lokal auflösbar;;https://powertech-performance.com/gera;nein
https://powertech-performance.com/gera;https://powertech-performance.com/gera#faq;Häufige Fragen;Bestand: Sprunglink;Navigation;Einzugsgebiet;technisch lokal auflösbar;;https://powertech-performance.com/gera;nein
https://powertech-performance.com/gera;https://powertech-performance.com/blog/;Blog;Bestand: Seitenlink;Navigation;Einzugsgebiet;technisch lokal auflösbar;;https://powertech-performance.com/blog/;nein
https://powertech-performance.com/gera;https://powertech-performance.com/pages/kontakt.html;Kontakt;Bestand: Seitenlink;Navigation;Einzugsgebiet;technisch lokal auflösbar;;https://powertech-performance.com/pages/kontakt.html;nein
https://powertech-performance.com/gera;https://powertech-performance.com/gera#kontakt;👉 Jetzt Termin für Ihre Autoaufbereitung anfragen!;Bestand: Sprunglink;Inhalt;Einzugsgebiet;technisch lokal auflösbar;;https://powertech-performance.com/gera;nein
https://powertech-performance.com/gera;https://powertech-performance.com/gera#kontakt;👉 Sofort Angebot einholen;Bestand: Sprunglink;Inhalt;Einzugsgebiet;technisch lokal auflösbar;;https://powertech-performance.com/gera;nein
https://powertech-performance.com/gera;https://powertech-performance.com/pages/impressum.html;Impressum;Bestand: Seitenlink;Navigation;Einzugsgebiet;technisch lokal auflösbar;;https://powertech-performance.com/pages/impressum.html;nein
https://powertech-performance.com/gera;https://powertech-performance.com/pages/datenschutz.html;Datenschutzerklärung;Bestand: Seitenlink;Navigation;Einzugsgebiet;technisch lokal auflösbar;;https://powertech-performance.com/pages/datenschutz.html;nein
https://powertech-performance.com/gera;https://powertech-performance.com/pages/cookie-einstellungen.html;Cookie-Einstellungen;Bestand: Seitenlink;Navigation;Einzugsgebiet;technisch lokal auflösbar;;https://powertech-performance.com/pages/cookie-einstellungen.html;nein
https://powertech-performance.com/gera;https://powertech-performance.com/pages/seitenuebersicht.html;Seitenübersicht;Bestand: Seitenlink;Navigation;Einzugsgebiet;technisch lokal auflösbar;;https://powertech-performance.com/pages/seitenuebersicht.html;nein
https://powertech-performance.com/gera;https://powertech-performance.com/pages/impressum.html;Impressum;Bestand: Seitenlink;Inhalt;Einzugsgebiet;technisch lokal auflösbar;;https://powertech-performance.com/pages/impressum.html;nein
https://powertech-performance.com/glosar;https://powertech-performance.com/;Powertech Performance Logo;Bestand: Seitenlink;Header;Autoaufbereitung;technisch lokal auflösbar;;https://powertech-performance.com/;nein
https://powertech-performance.com/glosar;https://powertech-performance.com/#leistungen;Autoaufbereitung;Bestand: Sprunglink;Navigation;Autoaufbereitung;technisch lokal auflösbar;;https://powertech-performance.com/;nein
https://powertech-performance.com/glosar;https://powertech-performance.com/#ueber-uns;Über uns;Bestand: Sprunglink;Navigation;Autoaufbereitung;Sprungziel fehlt;"Passende existierende Abschnitts-ID verwenden; keine Inhaltsbehauptung aus dem alten Anchor übernehmen";https://powertech-performance.com/;nein
https://powertech-performance.com/glosar;https://powertech-performance.com/blog/;Blog;Bestand: Seitenlink;Navigation;Autoaufbereitung;technisch lokal auflösbar;;https://powertech-performance.com/blog/;nein
https://powertech-performance.com/glosar;https://powertech-performance.com/pages/kontakt.html;Kontakt;Bestand: Seitenlink;Navigation;Autoaufbereitung;technisch lokal auflösbar;;https://powertech-performance.com/pages/kontakt.html;nein
https://powertech-performance.com/glosar;https://powertech-performance.com/pages/kontakt.html;👉 Zur Kontaktseite;Bestand: Seitenlink;Inhalt;Autoaufbereitung;technisch lokal auflösbar;;https://powertech-performance.com/pages/kontakt.html;nein
https://powertech-performance.com/glosar;https://powertech-performance.com/pages/impressum.html;Impressum;Bestand: Seitenlink;Navigation;Autoaufbereitung;technisch lokal auflösbar;;https://powertech-performance.com/pages/impressum.html;nein
https://powertech-performance.com/glosar;https://powertech-performance.com/pages/datenschutz.html;Datenschutzerklärung;Bestand: Seitenlink;Navigation;Autoaufbereitung;technisch lokal auflösbar;;https://powertech-performance.com/pages/datenschutz.html;nein
https://powertech-performance.com/glosar;https://powertech-performance.com/pages/cookie-einstellungen.html;Cookie-Einstellungen;Bestand: Seitenlink;Navigation;Autoaufbereitung;technisch lokal auflösbar;;https://powertech-performance.com/pages/cookie-einstellungen.html;nein
https://powertech-performance.com/glosar;https://powertech-performance.com/pages/seitenuebersicht.html;Seitenübersicht;Bestand: Seitenlink;Navigation;Autoaufbereitung;technisch lokal auflösbar;;https://powertech-performance.com/pages/seitenuebersicht.html;nein
https://powertech-performance.com/glosar;https://powertech-performance.com/pages/impressum.html;Impressum;Bestand: Seitenlink;Inhalt;Autoaufbereitung;technisch lokal auflösbar;;https://powertech-performance.com/pages/impressum.html;nein
https://powertech-performance.com/gotha;https://powertech-performance.com/;Powertech Performance Logo;Bestand: Seitenlink;Header;Einzugsgebiet;technisch lokal auflösbar;;https://powertech-performance.com/;nein
https://powertech-performance.com/gotha;https://powertech-performance.com/gotha#leistungen;Autoaufbereitung;Bestand: Sprunglink;Navigation;Einzugsgebiet;technisch lokal auflösbar;;https://powertech-performance.com/gotha;nein
https://powertech-performance.com/gotha;https://powertech-performance.com/gotha#ueber-uns;Über uns;Bestand: Sprunglink;Navigation;Einzugsgebiet;technisch lokal auflösbar;;https://powertech-performance.com/gotha;nein
https://powertech-performance.com/gotha;https://powertech-performance.com/gotha#faq;Häufige Fragen;Bestand: Sprunglink;Navigation;Einzugsgebiet;technisch lokal auflösbar;;https://powertech-performance.com/gotha;nein
https://powertech-performance.com/gotha;https://powertech-performance.com/blog/;Blog;Bestand: Seitenlink;Navigation;Einzugsgebiet;technisch lokal auflösbar;;https://powertech-performance.com/blog/;nein
https://powertech-performance.com/gotha;https://powertech-performance.com/pages/kontakt.html;Kontakt;Bestand: Seitenlink;Navigation;Einzugsgebiet;technisch lokal auflösbar;;https://powertech-performance.com/pages/kontakt.html;nein
https://powertech-performance.com/gotha;https://powertech-performance.com/gotha#kontakt;👉 Jetzt Termin für Ihre Autoaufbereitung anfragen!;Bestand: Sprunglink;Inhalt;Einzugsgebiet;technisch lokal auflösbar;;https://powertech-performance.com/gotha;nein
https://powertech-performance.com/gotha;https://powertech-performance.com/gotha#kontakt;👉 Sofort Angebot einholen;Bestand: Sprunglink;Inhalt;Einzugsgebiet;technisch lokal auflösbar;;https://powertech-performance.com/gotha;nein
https://powertech-performance.com/gotha;https://powertech-performance.com/pages/impressum.html;Impressum;Bestand: Seitenlink;Navigation;Einzugsgebiet;technisch lokal auflösbar;;https://powertech-performance.com/pages/impressum.html;nein
https://powertech-performance.com/gotha;https://powertech-performance.com/pages/datenschutz.html;Datenschutzerklärung;Bestand: Seitenlink;Navigation;Einzugsgebiet;technisch lokal auflösbar;;https://powertech-performance.com/pages/datenschutz.html;nein
https://powertech-performance.com/gotha;https://powertech-performance.com/pages/cookie-einstellungen.html;Cookie-Einstellungen;Bestand: Seitenlink;Navigation;Einzugsgebiet;technisch lokal auflösbar;;https://powertech-performance.com/pages/cookie-einstellungen.html;nein
https://powertech-performance.com/gotha;https://powertech-performance.com/pages/seitenuebersicht.html;Seitenübersicht;Bestand: Seitenlink;Navigation;Einzugsgebiet;technisch lokal auflösbar;;https://powertech-performance.com/pages/seitenuebersicht.html;nein
https://powertech-performance.com/gotha;https://powertech-performance.com/pages/impressum.html;Impressum;Bestand: Seitenlink;Inhalt;Einzugsgebiet;technisch lokal auflösbar;;https://powertech-performance.com/pages/impressum.html;nein
https://powertech-performance.com/;https://powertech-performance.com/#kontakt;Zum Kontaktformular springen;Bestand: Sprunglink;Header;Autoaufbereitung;technisch lokal auflösbar;;https://powertech-performance.com/;nein
https://powertech-performance.com/;https://powertech-performance.com/;Powertech Performance Autoaufbereitung Erfurt;Bestand: Seitenlink;Header;Autoaufbereitung;technisch lokal auflösbar;;https://powertech-performance.com/;nein
https://powertech-performance.com/;https://powertech-performance.com/#leistungen;Leistungen;Bestand: Sprunglink;Navigation;Autoaufbereitung;technisch lokal auflösbar;;https://powertech-performance.com/;nein
https://powertech-performance.com/;https://powertech-performance.com/#finish;Vorher/Nachher;Bestand: Sprunglink;Navigation;Autoaufbereitung;technisch lokal auflösbar;;https://powertech-performance.com/;nein
https://powertech-performance.com/;https://powertech-performance.com/#standort;Standort;Bestand: Sprunglink;Navigation;Autoaufbereitung;technisch lokal auflösbar;;https://powertech-performance.com/;nein
https://powertech-performance.com/;https://powertech-performance.com/#referenzen;Referenzen;Bestand: Sprunglink;Navigation;Autoaufbereitung;technisch lokal auflösbar;;https://powertech-performance.com/;nein
https://powertech-performance.com/;https://powertech-performance.com/#kontakt;Kontakt;Bestand: Sprunglink;Navigation;Autoaufbereitung;technisch lokal auflösbar;;https://powertech-performance.com/;nein
https://powertech-performance.com/;https://powertech-performance.com/#kontakt;Termin anfragen;Bestand: Sprunglink;Inhalt;Autoaufbereitung;technisch lokal auflösbar;;https://powertech-performance.com/;nein
https://powertech-performance.com/;https://powertech-performance.com/;Powertech Performance Autoaufbereitung Erfurt;Bestand: Seitenlink;Footer;Autoaufbereitung;technisch lokal auflösbar;;https://powertech-performance.com/;nein
https://powertech-performance.com/;https://powertech-performance.com/pages/impressum.html;Impressum;Bestand: Seitenlink;Navigation;Autoaufbereitung;technisch lokal auflösbar;;https://powertech-performance.com/pages/impressum.html;nein
https://powertech-performance.com/;https://powertech-performance.com/pages/datenschutz.html;Datenschutz;Bestand: Seitenlink;Navigation;Autoaufbereitung;technisch lokal auflösbar;;https://powertech-performance.com/pages/datenschutz.html;nein
https://powertech-performance.com/;https://powertech-performance.com/pages/cookie-einstellungen.html;Cookie-Einstellungen;Bestand: Seitenlink;Navigation;Autoaufbereitung;technisch lokal auflösbar;;https://powertech-performance.com/pages/cookie-einstellungen.html;nein
https://powertech-performance.com/;https://powertech-performance.com/pages/impressum.html;Impressum;Bestand: Seitenlink;Inhalt;Autoaufbereitung;technisch lokal auflösbar;;https://powertech-performance.com/pages/impressum.html;nein
https://powertech-performance.com/jena;https://powertech-performance.com/;Powertech Performance Logo;Bestand: Seitenlink;Header;Einzugsgebiet;technisch lokal auflösbar;;https://powertech-performance.com/;nein
https://powertech-performance.com/jena;https://powertech-performance.com/jena#leistungen;Autoaufbereitung;Bestand: Sprunglink;Navigation;Einzugsgebiet;technisch lokal auflösbar;;https://powertech-performance.com/jena;nein
https://powertech-performance.com/jena;https://powertech-performance.com/jena#ueber-uns;Über uns;Bestand: Sprunglink;Navigation;Einzugsgebiet;technisch lokal auflösbar;;https://powertech-performance.com/jena;nein
https://powertech-performance.com/jena;https://powertech-performance.com/jena#faq;Häufige Fragen;Bestand: Sprunglink;Navigation;Einzugsgebiet;technisch lokal auflösbar;;https://powertech-performance.com/jena;nein
https://powertech-performance.com/jena;https://powertech-performance.com/blog/;Blog;Bestand: Seitenlink;Navigation;Einzugsgebiet;technisch lokal auflösbar;;https://powertech-performance.com/blog/;nein
https://powertech-performance.com/jena;https://powertech-performance.com/pages/kontakt.html;Kontakt;Bestand: Seitenlink;Navigation;Einzugsgebiet;technisch lokal auflösbar;;https://powertech-performance.com/pages/kontakt.html;nein
https://powertech-performance.com/jena;https://powertech-performance.com/jena#kontakt;👉 Jetzt Termin für Ihre Autoaufbereitung anfragen!;Bestand: Sprunglink;Inhalt;Einzugsgebiet;technisch lokal auflösbar;;https://powertech-performance.com/jena;nein
https://powertech-performance.com/jena;https://powertech-performance.com/jena#kontakt;👉 Sofort Angebot einholen;Bestand: Sprunglink;Inhalt;Einzugsgebiet;technisch lokal auflösbar;;https://powertech-performance.com/jena;nein
https://powertech-performance.com/jena;https://powertech-performance.com/pages/impressum.html;Impressum;Bestand: Seitenlink;Navigation;Einzugsgebiet;technisch lokal auflösbar;;https://powertech-performance.com/pages/impressum.html;nein
https://powertech-performance.com/jena;https://powertech-performance.com/pages/datenschutz.html;Datenschutzerklärung;Bestand: Seitenlink;Navigation;Einzugsgebiet;technisch lokal auflösbar;;https://powertech-performance.com/pages/datenschutz.html;nein
https://powertech-performance.com/jena;https://powertech-performance.com/pages/cookie-einstellungen.html;Cookie-Einstellungen;Bestand: Seitenlink;Navigation;Einzugsgebiet;technisch lokal auflösbar;;https://powertech-performance.com/pages/cookie-einstellungen.html;nein
https://powertech-performance.com/jena;https://powertech-performance.com/pages/seitenuebersicht.html;Seitenübersicht;Bestand: Seitenlink;Navigation;Einzugsgebiet;technisch lokal auflösbar;;https://powertech-performance.com/pages/seitenuebersicht.html;nein
https://powertech-performance.com/jena;https://powertech-performance.com/pages/impressum.html;Impressum;Bestand: Seitenlink;Inhalt;Einzugsgebiet;technisch lokal auflösbar;;https://powertech-performance.com/pages/impressum.html;nein
https://powertech-performance.com/luxus-aufbereitung;https://powertech-performance.com/;Powertech Performance Logo;Bestand: Seitenlink;Header;Keramikversiegelung;technisch lokal auflösbar;;https://powertech-performance.com/;nein
https://powertech-performance.com/luxus-aufbereitung;https://powertech-performance.com/luxus-aufbereitung#leistungen;Autoaufbereitung;Bestand: Sprunglink;Navigation;Keramikversiegelung;technisch lokal auflösbar;;https://powertech-performance.com/luxus-aufbereitung;nein
https://powertech-performance.com/luxus-aufbereitung;https://powertech-performance.com/luxus-aufbereitung#ueber-uns;Über uns;Bestand: Sprunglink;Navigation;Keramikversiegelung;technisch lokal auflösbar;;https://powertech-performance.com/luxus-aufbereitung;nein
https://powertech-performance.com/luxus-aufbereitung;https://powertech-performance.com/luxus-aufbereitung#faq;Häufige Fragen;Bestand: Sprunglink;Navigation;Keramikversiegelung;technisch lokal auflösbar;;https://powertech-performance.com/luxus-aufbereitung;nein
https://powertech-performance.com/luxus-aufbereitung;https://powertech-performance.com/blog/;Blog;Bestand: Seitenlink;Navigation;Keramikversiegelung;technisch lokal auflösbar;;https://powertech-performance.com/blog/;nein
https://powertech-performance.com/luxus-aufbereitung;https://powertech-performance.com/pages/kontakt.html;Kontakt;Bestand: Seitenlink;Navigation;Keramikversiegelung;technisch lokal auflösbar;;https://powertech-performance.com/pages/kontakt.html;nein
https://powertech-performance.com/luxus-aufbereitung;https://powertech-performance.com/luxus-aufbereitung#kontakt;👉 Jetzt Termin für Ihre Autoaufbereitung anfragen!;Bestand: Sprunglink;Inhalt;Keramikversiegelung;technisch lokal auflösbar;;https://powertech-performance.com/luxus-aufbereitung;nein
https://powertech-performance.com/luxus-aufbereitung;https://powertech-performance.com/luxus-aufbereitung#kontakt;👉 Sofort Angebot einholen;Bestand: Sprunglink;Inhalt;Keramikversiegelung;technisch lokal auflösbar;;https://powertech-performance.com/luxus-aufbereitung;nein
https://powertech-performance.com/luxus-aufbereitung;https://powertech-performance.com/pages/impressum.html;Impressum;Bestand: Seitenlink;Navigation;Keramikversiegelung;technisch lokal auflösbar;;https://powertech-performance.com/pages/impressum.html;nein
https://powertech-performance.com/luxus-aufbereitung;https://powertech-performance.com/pages/datenschutz.html;Datenschutzerklärung;Bestand: Seitenlink;Navigation;Keramikversiegelung;technisch lokal auflösbar;;https://powertech-performance.com/pages/datenschutz.html;nein
https://powertech-performance.com/luxus-aufbereitung;https://powertech-performance.com/pages/cookie-einstellungen.html;Cookie-Einstellungen;Bestand: Seitenlink;Navigation;Keramikversiegelung;technisch lokal auflösbar;;https://powertech-performance.com/pages/cookie-einstellungen.html;nein
https://powertech-performance.com/luxus-aufbereitung;https://powertech-performance.com/pages/seitenuebersicht.html;Seitenübersicht;Bestand: Seitenlink;Navigation;Keramikversiegelung;technisch lokal auflösbar;;https://powertech-performance.com/pages/seitenuebersicht.html;nein
https://powertech-performance.com/luxus-aufbereitung;https://powertech-performance.com/pages/impressum.html;Impressum;Bestand: Seitenlink;Inhalt;Keramikversiegelung;technisch lokal auflösbar;;https://powertech-performance.com/pages/impressum.html;nein
https://powertech-performance.com/nordhausen;https://powertech-performance.com/;Powertech Performance Logo;Bestand: Seitenlink;Header;Einzugsgebiet;technisch lokal auflösbar;;https://powertech-performance.com/;nein
https://powertech-performance.com/nordhausen;https://powertech-performance.com/nordhausen#leistungen;Autoaufbereitung;Bestand: Sprunglink;Navigation;Einzugsgebiet;technisch lokal auflösbar;;https://powertech-performance.com/nordhausen;nein
https://powertech-performance.com/nordhausen;https://powertech-performance.com/nordhausen#ueber-uns;Über uns;Bestand: Sprunglink;Navigation;Einzugsgebiet;technisch lokal auflösbar;;https://powertech-performance.com/nordhausen;nein
https://powertech-performance.com/nordhausen;https://powertech-performance.com/nordhausen#faq;Häufige Fragen;Bestand: Sprunglink;Navigation;Einzugsgebiet;technisch lokal auflösbar;;https://powertech-performance.com/nordhausen;nein
https://powertech-performance.com/nordhausen;https://powertech-performance.com/blog/;Blog;Bestand: Seitenlink;Navigation;Einzugsgebiet;technisch lokal auflösbar;;https://powertech-performance.com/blog/;nein
https://powertech-performance.com/nordhausen;https://powertech-performance.com/pages/kontakt.html;Kontakt;Bestand: Seitenlink;Navigation;Einzugsgebiet;technisch lokal auflösbar;;https://powertech-performance.com/pages/kontakt.html;nein
https://powertech-performance.com/nordhausen;https://powertech-performance.com/nordhausen#kontakt;👉 Jetzt Termin für Ihre Autoaufbereitung anfragen!;Bestand: Sprunglink;Inhalt;Einzugsgebiet;technisch lokal auflösbar;;https://powertech-performance.com/nordhausen;nein
https://powertech-performance.com/nordhausen;https://powertech-performance.com/nordhausen#kontakt;👉 Sofort Angebot einholen;Bestand: Sprunglink;Inhalt;Einzugsgebiet;technisch lokal auflösbar;;https://powertech-performance.com/nordhausen;nein
https://powertech-performance.com/nordhausen;https://powertech-performance.com/pages/impressum.html;Impressum;Bestand: Seitenlink;Navigation;Einzugsgebiet;technisch lokal auflösbar;;https://powertech-performance.com/pages/impressum.html;nein
https://powertech-performance.com/nordhausen;https://powertech-performance.com/pages/datenschutz.html;Datenschutzerklärung;Bestand: Seitenlink;Navigation;Einzugsgebiet;technisch lokal auflösbar;;https://powertech-performance.com/pages/datenschutz.html;nein
https://powertech-performance.com/nordhausen;https://powertech-performance.com/pages/cookie-einstellungen.html;Cookie-Einstellungen;Bestand: Seitenlink;Navigation;Einzugsgebiet;technisch lokal auflösbar;;https://powertech-performance.com/pages/cookie-einstellungen.html;nein
https://powertech-performance.com/nordhausen;https://powertech-performance.com/pages/seitenuebersicht.html;Seitenübersicht;Bestand: Seitenlink;Navigation;Einzugsgebiet;technisch lokal auflösbar;;https://powertech-performance.com/pages/seitenuebersicht.html;nein
https://powertech-performance.com/nordhausen;https://powertech-performance.com/pages/impressum.html;Impressum;Bestand: Seitenlink;Inhalt;Einzugsgebiet;technisch lokal auflösbar;;https://powertech-performance.com/pages/impressum.html;nein
https://powertech-performance.com/online-termin-buchen;https://powertech-performance.com/;Powertech Performance Logo;Bestand: Seitenlink;Header;Kontakt / Service / Recht;technisch lokal auflösbar;;https://powertech-performance.com/;nein
https://powertech-performance.com/online-termin-buchen;https://powertech-performance.com/#leistungen;Autoaufbereitung;Bestand: Sprunglink;Navigation;Kontakt / Service / Recht;technisch lokal auflösbar;;https://powertech-performance.com/;nein
https://powertech-performance.com/online-termin-buchen;https://powertech-performance.com/#ueber-uns;Über uns;Bestand: Sprunglink;Navigation;Kontakt / Service / Recht;Sprungziel fehlt;"Passende existierende Abschnitts-ID verwenden; keine Inhaltsbehauptung aus dem alten Anchor übernehmen";https://powertech-performance.com/;nein
https://powertech-performance.com/online-termin-buchen;https://powertech-performance.com/blog/;Blog;Bestand: Seitenlink;Navigation;Kontakt / Service / Recht;technisch lokal auflösbar;;https://powertech-performance.com/blog/;nein
https://powertech-performance.com/online-termin-buchen;https://powertech-performance.com/pages/kontakt.html;Kontakt;Bestand: Seitenlink;Navigation;Kontakt / Service / Recht;technisch lokal auflösbar;;https://powertech-performance.com/pages/kontakt.html;nein
https://powertech-performance.com/online-termin-buchen;https://powertech-performance.com/pages/kontakt.html;Zur Kontaktseite;Bestand: Seitenlink;Sidebar;Kontakt / Service / Recht;technisch lokal auflösbar;;https://powertech-performance.com/pages/kontakt.html;nein
https://powertech-performance.com/online-termin-buchen;https://powertech-performance.com/pages/impressum.html;Impressum;Bestand: Seitenlink;Navigation;Kontakt / Service / Recht;technisch lokal auflösbar;;https://powertech-performance.com/pages/impressum.html;nein
https://powertech-performance.com/online-termin-buchen;https://powertech-performance.com/pages/datenschutz.html;Datenschutzerklärung;Bestand: Seitenlink;Navigation;Kontakt / Service / Recht;technisch lokal auflösbar;;https://powertech-performance.com/pages/datenschutz.html;nein
https://powertech-performance.com/online-termin-buchen;https://powertech-performance.com/pages/cookie-einstellungen.html;Cookie-Einstellungen;Bestand: Seitenlink;Navigation;Kontakt / Service / Recht;technisch lokal auflösbar;;https://powertech-performance.com/pages/cookie-einstellungen.html;nein
https://powertech-performance.com/online-termin-buchen;https://powertech-performance.com/pages/seitenuebersicht.html;Seitenübersicht;Bestand: Seitenlink;Navigation;Kontakt / Service / Recht;technisch lokal auflösbar;;https://powertech-performance.com/pages/seitenuebersicht.html;nein
https://powertech-performance.com/online-termin-buchen;https://powertech-performance.com/pages/impressum.html;Impressum;Bestand: Seitenlink;Inhalt;Kontakt / Service / Recht;technisch lokal auflösbar;;https://powertech-performance.com/pages/impressum.html;nein
https://powertech-performance.com/pages/agb.html;https://powertech-performance.com/;Powertech Performance Logo;Bestand: Seitenlink;Header;Kontakt / Service / Recht;Quelle für Crawler gesperrt;Zusätzlich aus crawlbarer, passender Inhaltsseite verlinken;https://powertech-performance.com/;nein
https://powertech-performance.com/pages/agb.html;https://powertech-performance.com/pages/impressum.html;Impressum;Bestand: Seitenlink;Navigation;Kontakt / Service / Recht;technisch lokal auflösbar;;https://powertech-performance.com/pages/impressum.html;nein
https://powertech-performance.com/pages/agb.html;https://powertech-performance.com/pages/datenschutz.html;Datenschutzerklärung;Bestand: Seitenlink;Navigation;Kontakt / Service / Recht;technisch lokal auflösbar;;https://powertech-performance.com/pages/datenschutz.html;nein
https://powertech-performance.com/pages/agb.html;https://powertech-performance.com/pages/cookie-einstellungen.html;Cookie-Einstellungen;Bestand: Seitenlink;Navigation;Kontakt / Service / Recht;technisch lokal auflösbar;;https://powertech-performance.com/pages/cookie-einstellungen.html;nein
https://powertech-performance.com/pages/agb.html;https://powertech-performance.com/pages/seitenuebersicht.html;Seitenübersicht;Bestand: Seitenlink;Navigation;Kontakt / Service / Recht;technisch lokal auflösbar;;https://powertech-performance.com/pages/seitenuebersicht.html;nein
https://powertech-performance.com/pages/agb.html;https://powertech-performance.com/pages/impressum.html;Impressum;Bestand: Seitenlink;Inhalt;Kontakt / Service / Recht;technisch lokal auflösbar;;https://powertech-performance.com/pages/impressum.html;nein
https://powertech-performance.com/pages/cookie-einstellungen.html;https://powertech-performance.com/;Powertech Performance Logo;Bestand: Seitenlink;Header;Kontakt / Service / Recht;Quelle für Crawler gesperrt;Zusätzlich aus crawlbarer, passender Inhaltsseite verlinken;https://powertech-performance.com/;nein
https://powertech-performance.com/pages/cookie-einstellungen.html;https://powertech-performance.com/pages/datenschutz.html;Datenschutzerklärung;Bestand: Seitenlink;Inhalt;Kontakt / Service / Recht;technisch lokal auflösbar;;https://powertech-performance.com/pages/datenschutz.html;nein
https://powertech-performance.com/pages/cookie-einstellungen.html;https://powertech-performance.com/pages/impressum.html;Impressum;Bestand: Seitenlink;Navigation;Kontakt / Service / Recht;technisch lokal auflösbar;;https://powertech-performance.com/pages/impressum.html;nein
https://powertech-performance.com/pages/cookie-einstellungen.html;https://powertech-performance.com/pages/datenschutz.html;Datenschutzerklärung;Bestand: Seitenlink;Navigation;Kontakt / Service / Recht;technisch lokal auflösbar;;https://powertech-performance.com/pages/datenschutz.html;nein
https://powertech-performance.com/pages/cookie-einstellungen.html;https://powertech-performance.com/pages/cookie-einstellungen.html;Cookie-Einstellungen;Bestand: Seitenlink;Navigation;Kontakt / Service / Recht;technisch lokal auflösbar;;https://powertech-performance.com/pages/cookie-einstellungen.html;nein
https://powertech-performance.com/pages/cookie-einstellungen.html;https://powertech-performance.com/pages/seitenuebersicht.html;Seitenübersicht;Bestand: Seitenlink;Navigation;Kontakt / Service / Recht;technisch lokal auflösbar;;https://powertech-performance.com/pages/seitenuebersicht.html;nein
https://powertech-performance.com/pages/datenschutz.html;https://powertech-performance.com/;Powertech Performance Logo;Bestand: Seitenlink;Header;Kontakt / Service / Recht;Quelle für Crawler gesperrt;Zusätzlich aus crawlbarer, passender Inhaltsseite verlinken;https://powertech-performance.com/;nein
https://powertech-performance.com/pages/datenschutz.html;https://powertech-performance.com/pages/impressum.html;Impressum;Bestand: Seitenlink;Navigation;Kontakt / Service / Recht;technisch lokal auflösbar;;https://powertech-performance.com/pages/impressum.html;nein
https://powertech-performance.com/pages/datenschutz.html;https://powertech-performance.com/pages/datenschutz.html;Datenschutzerklärung;Bestand: Seitenlink;Navigation;Kontakt / Service / Recht;technisch lokal auflösbar;;https://powertech-performance.com/pages/datenschutz.html;nein
https://powertech-performance.com/pages/datenschutz.html;https://powertech-performance.com/pages/cookie-einstellungen.html;Cookie-Einstellungen;Bestand: Seitenlink;Navigation;Kontakt / Service / Recht;technisch lokal auflösbar;;https://powertech-performance.com/pages/cookie-einstellungen.html;nein
https://powertech-performance.com/pages/datenschutz.html;https://powertech-performance.com/pages/seitenuebersicht.html;Seitenübersicht;Bestand: Seitenlink;Navigation;Kontakt / Service / Recht;technisch lokal auflösbar;;https://powertech-performance.com/pages/seitenuebersicht.html;nein
https://powertech-performance.com/pages/datenschutz.html;https://powertech-performance.com/pages/impressum.html;Impressum;Bestand: Seitenlink;Inhalt;Kontakt / Service / Recht;technisch lokal auflösbar;;https://powertech-performance.com/pages/impressum.html;nein
https://powertech-performance.com/pages/impressum.html;https://powertech-performance.com/;Powertech Performance Logo;Bestand: Seitenlink;Header;Kontakt / Service / Recht;Quelle für Crawler gesperrt;Zusätzlich aus crawlbarer, passender Inhaltsseite verlinken;https://powertech-performance.com/;nein
https://powertech-performance.com/pages/impressum.html;https://powertech-performance.com/;www.powertech-performance.com;Bestand: Seitenlink;Inhalt;Kontakt / Service / Recht;Generischer Anchor | Quelle für Crawler gesperrt;"Im redaktionellen Text Zielthema nennen; generische Formular-CTAs dürfen bleiben | Zusätzlich aus crawlbarer, passender Inhaltsseite verlinken";https://powertech-performance.com/;nein
https://powertech-performance.com/pages/impressum.html;https://powertech-performance.com/pages/impressum.html;Impressum;Bestand: Seitenlink;Navigation;Kontakt / Service / Recht;technisch lokal auflösbar;;https://powertech-performance.com/pages/impressum.html;nein
https://powertech-performance.com/pages/impressum.html;https://powertech-performance.com/pages/datenschutz.html;Datenschutzerklärung;Bestand: Seitenlink;Navigation;Kontakt / Service / Recht;technisch lokal auflösbar;;https://powertech-performance.com/pages/datenschutz.html;nein
https://powertech-performance.com/pages/impressum.html;https://powertech-performance.com/pages/cookie-einstellungen.html;Cookie-Einstellungen;Bestand: Seitenlink;Navigation;Kontakt / Service / Recht;technisch lokal auflösbar;;https://powertech-performance.com/pages/cookie-einstellungen.html;nein
https://powertech-performance.com/pages/impressum.html;https://powertech-performance.com/pages/seitenuebersicht.html;Seitenübersicht;Bestand: Seitenlink;Navigation;Kontakt / Service / Recht;technisch lokal auflösbar;;https://powertech-performance.com/pages/seitenuebersicht.html;nein
https://powertech-performance.com/pages/impressum.html;https://powertech-performance.com/pages/impressum.html;Impressum;Bestand: Seitenlink;Inhalt;Kontakt / Service / Recht;technisch lokal auflösbar;;https://powertech-performance.com/pages/impressum.html;nein
https://powertech-performance.com/pages/kontakt.html;https://powertech-performance.com/;Powertech Performance Logo;Bestand: Seitenlink;Header;Kontakt / Service / Recht;technisch lokal auflösbar;;https://powertech-performance.com/;nein
https://powertech-performance.com/pages/kontakt.html;https://powertech-performance.com/#leistungen;Autoaufbereitung;Bestand: Sprunglink;Navigation;Kontakt / Service / Recht;technisch lokal auflösbar;;https://powertech-performance.com/;nein
https://powertech-performance.com/pages/kontakt.html;https://powertech-performance.com/#ueber-uns;Über uns;Bestand: Sprunglink;Navigation;Kontakt / Service / Recht;Sprungziel fehlt;"Passende existierende Abschnitts-ID verwenden; keine Inhaltsbehauptung aus dem alten Anchor übernehmen";https://powertech-performance.com/;nein
https://powertech-performance.com/pages/kontakt.html;https://powertech-performance.com/#faq;Häufige Fragen;Bestand: Sprunglink;Navigation;Kontakt / Service / Recht;Sprungziel fehlt;"Passende existierende Abschnitts-ID verwenden; keine Inhaltsbehauptung aus dem alten Anchor übernehmen";https://powertech-performance.com/;nein
https://powertech-performance.com/pages/kontakt.html;https://powertech-performance.com/blog/;Blog;Bestand: Seitenlink;Navigation;Kontakt / Service / Recht;technisch lokal auflösbar;;https://powertech-performance.com/blog/;nein
https://powertech-performance.com/pages/kontakt.html;https://powertech-performance.com/pages/kontakt.html;Kontakt;Bestand: Seitenlink;Navigation;Kontakt / Service / Recht;technisch lokal auflösbar;;https://powertech-performance.com/pages/kontakt.html;nein
https://powertech-performance.com/pages/kontakt.html;https://powertech-performance.com/pages/impressum.html;Impressum;Bestand: Seitenlink;Navigation;Kontakt / Service / Recht;technisch lokal auflösbar;;https://powertech-performance.com/pages/impressum.html;nein
https://powertech-performance.com/pages/kontakt.html;https://powertech-performance.com/pages/datenschutz.html;Datenschutzerklärung;Bestand: Seitenlink;Navigation;Kontakt / Service / Recht;technisch lokal auflösbar;;https://powertech-performance.com/pages/datenschutz.html;nein
https://powertech-performance.com/pages/kontakt.html;https://powertech-performance.com/pages/cookie-einstellungen.html;Cookie-Einstellungen;Bestand: Seitenlink;Navigation;Kontakt / Service / Recht;technisch lokal auflösbar;;https://powertech-performance.com/pages/cookie-einstellungen.html;nein
https://powertech-performance.com/pages/kontakt.html;https://powertech-performance.com/pages/seitenuebersicht.html;Seitenübersicht;Bestand: Seitenlink;Navigation;Kontakt / Service / Recht;technisch lokal auflösbar;;https://powertech-performance.com/pages/seitenuebersicht.html;nein
https://powertech-performance.com/pages/kontakt.html;https://powertech-performance.com/pages/impressum.html;Impressum;Bestand: Seitenlink;Inhalt;Kontakt / Service / Recht;technisch lokal auflösbar;;https://powertech-performance.com/pages/impressum.html;nein
https://powertech-performance.com/pages/seitenuebersicht.html;https://powertech-performance.com/;Powertech Performance Logo;Bestand: Seitenlink;Header;Kontakt / Service / Recht;Quelle für Crawler gesperrt;Zusätzlich aus crawlbarer, passender Inhaltsseite verlinken;https://powertech-performance.com/;nein
https://powertech-performance.com/pages/seitenuebersicht.html;https://powertech-performance.com/#leistungen;Autoaufbereitung;Bestand: Sprunglink;Navigation;Kontakt / Service / Recht;Quelle für Crawler gesperrt;Zusätzlich aus crawlbarer, passender Inhaltsseite verlinken;https://powertech-performance.com/;nein
https://powertech-performance.com/pages/seitenuebersicht.html;https://powertech-performance.com/#ueber-uns;Über uns;Bestand: Sprunglink;Navigation;Kontakt / Service / Recht;Sprungziel fehlt | Quelle für Crawler gesperrt;"Passende existierende Abschnitts-ID verwenden; keine Inhaltsbehauptung aus dem alten Anchor übernehmen | Zusätzlich aus crawlbarer, passender Inhaltsseite verlinken";https://powertech-performance.com/;nein
https://powertech-performance.com/pages/seitenuebersicht.html;https://powertech-performance.com/#faq;Häufige Fragen;Bestand: Sprunglink;Navigation;Kontakt / Service / Recht;Sprungziel fehlt | Quelle für Crawler gesperrt;"Passende existierende Abschnitts-ID verwenden; keine Inhaltsbehauptung aus dem alten Anchor übernehmen | Zusätzlich aus crawlbarer, passender Inhaltsseite verlinken";https://powertech-performance.com/;nein
https://powertech-performance.com/pages/seitenuebersicht.html;https://powertech-performance.com/blog/;Blog;Bestand: Seitenlink;Navigation;Kontakt / Service / Recht;Quelle für Crawler gesperrt;Zusätzlich aus crawlbarer, passender Inhaltsseite verlinken;https://powertech-performance.com/blog/;nein
https://powertech-performance.com/pages/seitenuebersicht.html;https://powertech-performance.com/pages/kontakt.html;Kontakt;Bestand: Seitenlink;Navigation;Kontakt / Service / Recht;Quelle für Crawler gesperrt;Zusätzlich aus crawlbarer, passender Inhaltsseite verlinken;https://powertech-performance.com/pages/kontakt.html;nein
https://powertech-performance.com/pages/seitenuebersicht.html;https://powertech-performance.com/;Startseite;Bestand: Seitenlink;Inhalt;Kontakt / Service / Recht;Generischer Anchor | Quelle für Crawler gesperrt;"Im redaktionellen Text Zielthema nennen; generische Formular-CTAs dürfen bleiben | Zusätzlich aus crawlbarer, passender Inhaltsseite verlinken";https://powertech-performance.com/;nein
https://powertech-performance.com/pages/seitenuebersicht.html;https://powertech-performance.com/pages/kontakt.html;Kontakt;Bestand: Seitenlink;Inhalt;Kontakt / Service / Recht;Quelle für Crawler gesperrt;Zusätzlich aus crawlbarer, passender Inhaltsseite verlinken;https://powertech-performance.com/pages/kontakt.html;nein
https://powertech-performance.com/pages/seitenuebersicht.html;https://powertech-performance.com/blog/;Blog;Bestand: Seitenlink;Inhalt;Kontakt / Service / Recht;Quelle für Crawler gesperrt;Zusätzlich aus crawlbarer, passender Inhaltsseite verlinken;https://powertech-performance.com/blog/;nein
https://powertech-performance.com/pages/seitenuebersicht.html;https://powertech-performance.com/gotha;Autoaufbereitung Gotha;Bestand: Seitenlink;Inhalt;Kontakt / Service / Recht;Quelle für Crawler gesperrt;Zusätzlich aus crawlbarer, passender Inhaltsseite verlinken;https://powertech-performance.com/gotha;nein
https://powertech-performance.com/pages/seitenuebersicht.html;https://powertech-performance.com/eisenach;Autoaufbereitung Eisenach;Bestand: Seitenlink;Inhalt;Kontakt / Service / Recht;Quelle für Crawler gesperrt;Zusätzlich aus crawlbarer, passender Inhaltsseite verlinken;https://powertech-performance.com/eisenach;nein
https://powertech-performance.com/pages/seitenuebersicht.html;https://powertech-performance.com/nordhausen;Autoaufbereitung Nordhausen;Bestand: Seitenlink;Inhalt;Kontakt / Service / Recht;Quelle für Crawler gesperrt;Zusätzlich aus crawlbarer, passender Inhaltsseite verlinken;https://powertech-performance.com/nordhausen;nein
https://powertech-performance.com/pages/seitenuebersicht.html;https://powertech-performance.com/gera;Autoaufbereitung Gera;Bestand: Seitenlink;Inhalt;Kontakt / Service / Recht;Quelle für Crawler gesperrt;Zusätzlich aus crawlbarer, passender Inhaltsseite verlinken;https://powertech-performance.com/gera;nein
https://powertech-performance.com/pages/seitenuebersicht.html;https://powertech-performance.com/jena;Autoaufbereitung Jena;Bestand: Seitenlink;Inhalt;Kontakt / Service / Recht;Quelle für Crawler gesperrt;Zusätzlich aus crawlbarer, passender Inhaltsseite verlinken;https://powertech-performance.com/jena;nein
https://powertech-performance.com/pages/seitenuebersicht.html;https://powertech-performance.com/suhl;Autoaufbereitung Suhl;Bestand: Seitenlink;Inhalt;Kontakt / Service / Recht;Quelle für Crawler gesperrt;Zusätzlich aus crawlbarer, passender Inhaltsseite verlinken;https://powertech-performance.com/suhl;nein
https://powertech-performance.com/pages/seitenuebersicht.html;https://powertech-performance.com/chiptuning;Chiptuning;Bestand: Seitenlink;Inhalt;Kontakt / Service / Recht;Quelle für Crawler gesperrt;Zusätzlich aus crawlbarer, passender Inhaltsseite verlinken;https://powertech-performance.com/chiptuning;nein
https://powertech-performance.com/pages/seitenuebersicht.html;https://powertech-performance.com/luxus-aufbereitung;Luxus-Aufbereitung;Bestand: Seitenlink;Inhalt;Kontakt / Service / Recht;Quelle für Crawler gesperrt;Zusätzlich aus crawlbarer, passender Inhaltsseite verlinken;https://powertech-performance.com/luxus-aufbereitung;nein
https://powertech-performance.com/pages/seitenuebersicht.html;https://powertech-performance.com/adblue-service;AdBlue-Diagnose & Service;Bestand: Seitenlink;Inhalt;Kontakt / Service / Recht;Quelle für Crawler gesperrt;Zusätzlich aus crawlbarer, passender Inhaltsseite verlinken;https://powertech-performance.com/adblue-service;nein
https://powertech-performance.com/pages/seitenuebersicht.html;https://powertech-performance.com/ads;Autoaufbereiter in Erfurt;Bestand: Seitenlink;Inhalt;Kontakt / Service / Recht;Quelle für Crawler gesperrt;Zusätzlich aus crawlbarer, passender Inhaltsseite verlinken;https://powertech-performance.com/ads;nein
https://powertech-performance.com/pages/seitenuebersicht.html;https://powertech-performance.com/fahrzeugaufbereitung-aus-erfurt;Fahrzeugaufbereitung aus Erfurt;Bestand: Seitenlink;Inhalt;Kontakt / Service / Recht;Quelle für Crawler gesperrt;Zusätzlich aus crawlbarer, passender Inhaltsseite verlinken;https://powertech-performance.com/fahrzeugaufbereitung-aus-erfurt;nein
https://powertech-performance.com/pages/seitenuebersicht.html;https://powertech-performance.com/online-termin-buchen;Online Termin buchen;Bestand: Seitenlink;Inhalt;Kontakt / Service / Recht;Quelle für Crawler gesperrt;Zusätzlich aus crawlbarer, passender Inhaltsseite verlinken;https://powertech-performance.com/online-termin-buchen;nein
https://powertech-performance.com/pages/seitenuebersicht.html;https://powertech-performance.com/glosar;Glossar;Bestand: Seitenlink;Inhalt;Kontakt / Service / Recht;Quelle für Crawler gesperrt;Zusätzlich aus crawlbarer, passender Inhaltsseite verlinken;https://powertech-performance.com/glosar;nein
https://powertech-performance.com/pages/seitenuebersicht.html;https://powertech-performance.com/anfrage-danke;Danke-Seite;Bestand: Seitenlink;Inhalt;Kontakt / Service / Recht;technisch lokal auflösbar;;https://powertech-performance.com/anfrage-danke;nein
https://powertech-performance.com/pages/seitenuebersicht.html;https://powertech-performance.com/blog/;Blog-Übersicht;Bestand: Seitenlink;Inhalt;Kontakt / Service / Recht;Quelle für Crawler gesperrt;Zusätzlich aus crawlbarer, passender Inhaltsseite verlinken;https://powertech-performance.com/blog/;nein
https://powertech-performance.com/pages/seitenuebersicht.html;https://powertech-performance.com/pages/impressum.html;Impressum;Bestand: Seitenlink;Inhalt;Kontakt / Service / Recht;technisch lokal auflösbar;;https://powertech-performance.com/pages/impressum.html;nein
https://powertech-performance.com/pages/seitenuebersicht.html;https://powertech-performance.com/pages/datenschutz.html;Datenschutzerklärung;Bestand: Seitenlink;Inhalt;Kontakt / Service / Recht;technisch lokal auflösbar;;https://powertech-performance.com/pages/datenschutz.html;nein
https://powertech-performance.com/pages/seitenuebersicht.html;https://powertech-performance.com/pages/agb.html;AGB;Bestand: Seitenlink;Inhalt;Kontakt / Service / Recht;technisch lokal auflösbar;;https://powertech-performance.com/pages/agb.html;nein
https://powertech-performance.com/pages/seitenuebersicht.html;https://powertech-performance.com/pages/cookie-einstellungen.html;Cookie-Einstellungen;Bestand: Seitenlink;Inhalt;Kontakt / Service / Recht;technisch lokal auflösbar;;https://powertech-performance.com/pages/cookie-einstellungen.html;nein
https://powertech-performance.com/pages/seitenuebersicht.html;https://powertech-performance.com/pages/seitenuebersicht.html;Seitenübersicht;Bestand: Seitenlink;Inhalt;Kontakt / Service / Recht;technisch lokal auflösbar;;https://powertech-performance.com/pages/seitenuebersicht.html;nein
https://powertech-performance.com/pages/seitenuebersicht.html;https://powertech-performance.com/pages/impressum.html;Impressum;Bestand: Seitenlink;Navigation;Kontakt / Service / Recht;technisch lokal auflösbar;;https://powertech-performance.com/pages/impressum.html;nein
https://powertech-performance.com/pages/seitenuebersicht.html;https://powertech-performance.com/pages/datenschutz.html;Datenschutzerklärung;Bestand: Seitenlink;Navigation;Kontakt / Service / Recht;technisch lokal auflösbar;;https://powertech-performance.com/pages/datenschutz.html;nein
https://powertech-performance.com/pages/seitenuebersicht.html;https://powertech-performance.com/pages/seitenuebersicht.html;Seitenübersicht;Bestand: Seitenlink;Navigation;Kontakt / Service / Recht;technisch lokal auflösbar;;https://powertech-performance.com/pages/seitenuebersicht.html;nein
https://powertech-performance.com/pages/seitenuebersicht.html;https://powertech-performance.com/pages/impressum.html;Impressum;Bestand: Seitenlink;Inhalt;Kontakt / Service / Recht;technisch lokal auflösbar;;https://powertech-performance.com/pages/impressum.html;nein
https://powertech-performance.com/suhl;https://powertech-performance.com/;Powertech Performance Logo;Bestand: Seitenlink;Header;Einzugsgebiet;technisch lokal auflösbar;;https://powertech-performance.com/;nein
https://powertech-performance.com/suhl;https://powertech-performance.com/suhl#leistungen;Autoaufbereitung;Bestand: Sprunglink;Navigation;Einzugsgebiet;technisch lokal auflösbar;;https://powertech-performance.com/suhl;nein
https://powertech-performance.com/suhl;https://powertech-performance.com/suhl#ueber-uns;Über uns;Bestand: Sprunglink;Navigation;Einzugsgebiet;technisch lokal auflösbar;;https://powertech-performance.com/suhl;nein
https://powertech-performance.com/suhl;https://powertech-performance.com/suhl#faq;Häufige Fragen;Bestand: Sprunglink;Navigation;Einzugsgebiet;technisch lokal auflösbar;;https://powertech-performance.com/suhl;nein
https://powertech-performance.com/suhl;https://powertech-performance.com/blog/;Blog;Bestand: Seitenlink;Navigation;Einzugsgebiet;technisch lokal auflösbar;;https://powertech-performance.com/blog/;nein
https://powertech-performance.com/suhl;https://powertech-performance.com/pages/kontakt.html;Kontakt;Bestand: Seitenlink;Navigation;Einzugsgebiet;technisch lokal auflösbar;;https://powertech-performance.com/pages/kontakt.html;nein
https://powertech-performance.com/suhl;https://powertech-performance.com/suhl#kontakt;👉 Jetzt Termin für Ihre Autoaufbereitung anfragen!;Bestand: Sprunglink;Inhalt;Einzugsgebiet;technisch lokal auflösbar;;https://powertech-performance.com/suhl;nein
https://powertech-performance.com/suhl;https://powertech-performance.com/suhl#kontakt;👉 Sofort Angebot einholen;Bestand: Sprunglink;Inhalt;Einzugsgebiet;technisch lokal auflösbar;;https://powertech-performance.com/suhl;nein
https://powertech-performance.com/suhl;https://powertech-performance.com/pages/impressum.html;Impressum;Bestand: Seitenlink;Navigation;Einzugsgebiet;technisch lokal auflösbar;;https://powertech-performance.com/pages/impressum.html;nein
https://powertech-performance.com/suhl;https://powertech-performance.com/pages/datenschutz.html;Datenschutzerklärung;Bestand: Seitenlink;Navigation;Einzugsgebiet;technisch lokal auflösbar;;https://powertech-performance.com/pages/datenschutz.html;nein
https://powertech-performance.com/suhl;https://powertech-performance.com/pages/cookie-einstellungen.html;Cookie-Einstellungen;Bestand: Seitenlink;Navigation;Einzugsgebiet;technisch lokal auflösbar;;https://powertech-performance.com/pages/cookie-einstellungen.html;nein
https://powertech-performance.com/suhl;https://powertech-performance.com/pages/seitenuebersicht.html;Seitenübersicht;Bestand: Seitenlink;Navigation;Einzugsgebiet;technisch lokal auflösbar;;https://powertech-performance.com/pages/seitenuebersicht.html;nein
https://powertech-performance.com/suhl;https://powertech-performance.com/pages/impressum.html;Impressum;Bestand: Seitenlink;Inhalt;Einzugsgebiet;technisch lokal auflösbar;;https://powertech-performance.com/pages/impressum.html;nein
https://powertech-performance.com/blog/harte-und-weiche-autolacke-der-geheime-schlssel-zur-perfekten-lackaufbereitung/;https://powertech-performance.com/blog/harte-weiche-autolacke-lackaufbereitung/;Harte und weiche Autolacke: Der geheime Schlüssel zur perfekten Lackaufbereitung;Vorschlag: bestehendes Ziel;Passender Abschnitt nach redaktioneller Abgrenzung;Lackaufbereitung;"vorgeschlagen; nicht umgesetzt";"Cluster-Zielseite stärken; kein Ersatz für Duplikatentscheidung";https://powertech-performance.com/blog/harte-weiche-autolacke-lackaufbereitung/;nein
https://powertech-performance.com/blog/harte-und-weiche-autolacke-der-geheime-schlssel-zur-perfekten-lackaufbereitung-2/;https://powertech-performance.com/blog/harte-weiche-autolacke-lackaufbereitung/;Harte und weiche Autolacke: Der geheime Schlüssel zur perfekten Lackaufbereitung;Vorschlag: bestehendes Ziel;Passender Abschnitt nach redaktioneller Abgrenzung;Lackaufbereitung;"vorgeschlagen; nicht umgesetzt";"Cluster-Zielseite stärken; kein Ersatz für Duplikatentscheidung";https://powertech-performance.com/blog/harte-weiche-autolacke-lackaufbereitung/;nein
https://powertech-performance.com/blog/chiptuning-raum-erfurt/;https://powertech-performance.com/chiptuning;Spüre die verborgene Kraft deines Motors – Chiptuning in Erfurt;Vorschlag: bestehendes Ziel;Passender Abschnitt nach redaktioneller Abgrenzung;Chiptuning;"vorgeschlagen; nicht umgesetzt";"Cluster-Zielseite stärken; kein Ersatz für Duplikatentscheidung";https://powertech-performance.com/chiptuning;nein
https://powertech-performance.com/blog/chiptuning-raumerfurt/;https://powertech-performance.com/chiptuning;Spüre die verborgene Kraft deines Motors – Chiptuning in Erfurt;Vorschlag: bestehendes Ziel;Passender Abschnitt nach redaktioneller Abgrenzung;Chiptuning;"vorgeschlagen; nicht umgesetzt";"Cluster-Zielseite stärken; kein Ersatz für Duplikatentscheidung";https://powertech-performance.com/chiptuning;nein
https://powertech-performance.com/blog/softwareoptimierung-erfurt/;https://powertech-performance.com/chiptuning;Spüre die verborgene Kraft deines Motors – Chiptuning in Erfurt;Vorschlag: bestehendes Ziel;Passender Abschnitt nach redaktioneller Abgrenzung;Chiptuning;"vorgeschlagen; nicht umgesetzt";"Cluster-Zielseite stärken; kein Ersatz für Duplikatentscheidung";https://powertech-performance.com/chiptuning;nein
https://powertech-performance.com/blog/professionelle-keramikversiegelung-erfurt/;https://powertech-performance.com/luxus-aufbereitung;Keramikversiegelung mit Garantie – Glanz und Schutz für 2 Jahre. In Erfurt.;Vorschlag: bestehendes Ziel;Passender Abschnitt nach redaktioneller Abgrenzung;Keramikversiegelung;"vorgeschlagen; nicht umgesetzt";"Cluster-Zielseite stärken; kein Ersatz für Duplikatentscheidung";https://powertech-performance.com/luxus-aufbereitung;nein
https://powertech-performance.com/blog/profi-keramikversiegelung/;https://powertech-performance.com/luxus-aufbereitung;Keramikversiegelung mit Garantie – Glanz und Schutz für 2 Jahre. In Erfurt.;Vorschlag: bestehendes Ziel;Passender Abschnitt nach redaktioneller Abgrenzung;Keramikversiegelung;"vorgeschlagen; nicht umgesetzt";"Cluster-Zielseite stärken; kein Ersatz für Duplikatentscheidung";https://powertech-performance.com/luxus-aufbereitung;nein
https://powertech-performance.com/blog/keramikversiegelung-profi-lackschutz/;https://powertech-performance.com/luxus-aufbereitung;Keramikversiegelung mit Garantie – Glanz und Schutz für 2 Jahre. In Erfurt.;Vorschlag: bestehendes Ziel;Passender Abschnitt nach redaktioneller Abgrenzung;Keramikversiegelung;"vorgeschlagen; nicht umgesetzt";"Cluster-Zielseite stärken; kein Ersatz für Duplikatentscheidung";https://powertech-performance.com/luxus-aufbereitung;nein
https://powertech-performance.com/blog/keramikversiegelung-erfurt-high-end-lackschutz-powertech-performance/;https://powertech-performance.com/luxus-aufbereitung;Keramikversiegelung mit Garantie – Glanz und Schutz für 2 Jahre. In Erfurt.;Vorschlag: bestehendes Ziel;Passender Abschnitt nach redaktioneller Abgrenzung;Keramikversiegelung;"vorgeschlagen; nicht umgesetzt";"Cluster-Zielseite stärken; kein Ersatz für Duplikatentscheidung";https://powertech-performance.com/luxus-aufbereitung;nein
https://powertech-performance.com/blog/keramik-fuer-auto-erfurt-vorteile-haltbarkeit/;https://powertech-performance.com/luxus-aufbereitung;Keramikversiegelung mit Garantie – Glanz und Schutz für 2 Jahre. In Erfurt.;Vorschlag: bestehendes Ziel;Passender Abschnitt nach redaktioneller Abgrenzung;Keramikversiegelung;"vorgeschlagen; nicht umgesetzt";"Cluster-Zielseite stärken; kein Ersatz für Duplikatentscheidung";https://powertech-performance.com/luxus-aufbereitung;nein
https://powertech-performance.com/blog/blog-keramikversiegelung/;https://powertech-performance.com/luxus-aufbereitung;Keramikversiegelung mit Garantie – Glanz und Schutz für 2 Jahre. In Erfurt.;Vorschlag: bestehendes Ziel;Passender Abschnitt nach redaktioneller Abgrenzung;Keramikversiegelung;"vorgeschlagen; nicht umgesetzt";"Cluster-Zielseite stärken; kein Ersatz für Duplikatentscheidung";https://powertech-performance.com/luxus-aufbereitung;nein
https://powertech-performance.com/blog/professionelle-innenreinigung-auto-in-der-naehe/;https://powertech-performance.com/blog/innenreinigung-auto-in-der-naehe/;Professionelle Innenreinigung Auto in der Nähe bei PowerTech Performance;Vorschlag: bestehendes Ziel;Passender Abschnitt nach redaktioneller Abgrenzung;Innenraumreinigung;"vorgeschlagen; nicht umgesetzt";"Cluster-Zielseite stärken; kein Ersatz für Duplikatentscheidung";https://powertech-performance.com/blog/innenreinigung-auto-in-der-naehe/;nein
https://powertech-performance.com/ads;https://powertech-performance.com/;Autoaufbereitung mit Tiefenglanz.;Vorschlag: bestehendes Ziel;Passender Abschnitt nach redaktioneller Abgrenzung;Autoaufbereitung;"vorgeschlagen; nicht umgesetzt";"Cluster-Zielseite stärken; kein Ersatz für Duplikatentscheidung";https://powertech-performance.com/;nein
https://powertech-performance.com/fahrzeugaufbereitung-aus-erfurt;https://powertech-performance.com/;Autoaufbereitung mit Tiefenglanz.;Vorschlag: bestehendes Ziel;Passender Abschnitt nach redaktioneller Abgrenzung;Autoaufbereitung;"vorgeschlagen; nicht umgesetzt";"Cluster-Zielseite stärken; kein Ersatz für Duplikatentscheidung";https://powertech-performance.com/;nein
https://powertech-performance.com/blog/fahrzeugaufbereitung-erfurt/;https://powertech-performance.com/;Autoaufbereitung mit Tiefenglanz.;Vorschlag: bestehendes Ziel;Passender Abschnitt nach redaktioneller Abgrenzung;Autoaufbereitung;"vorgeschlagen; nicht umgesetzt";"Cluster-Zielseite stärken; kein Ersatz für Duplikatentscheidung";https://powertech-performance.com/;nein
https://powertech-performance.com/blog/leasingauto-aufbereiten/;https://powertech-performance.com/blog/leasing-rueckgabe-aufbereitung-erfurt/;Leasing-Rückgabe: So vermeiden Sie hohe Nachzahlungen;Vorschlag: bestehendes Ziel;Passender Abschnitt nach redaktioneller Abgrenzung;Leasingrückgabe;"vorgeschlagen; nicht umgesetzt";"Cluster-Zielseite stärken; kein Ersatz für Duplikatentscheidung";https://powertech-performance.com/blog/leasing-rueckgabe-aufbereitung-erfurt/;nein
https://powertech-performance.com/blog/adblue-deaktivierung/;https://powertech-performance.com/adblue-service;AdBlue-Fehler schnell klären lassen;Vorschlag: bestehendes Ziel;Passender Abschnitt nach redaktioneller Abgrenzung;AdBlue / SCR / DPF;"vorgeschlagen; nicht umgesetzt";"Cluster-Zielseite stärken; kein Ersatz für Duplikatentscheidung";https://powertech-performance.com/adblue-service;nein
https://powertech-performance.com/blog/adblue-deaktivieren-vor-nachteile-wahrheit/;https://powertech-performance.com/adblue-service;AdBlue-Fehler schnell klären lassen;Vorschlag: bestehendes Ziel;Passender Abschnitt nach redaktioneller Abgrenzung;AdBlue / SCR / DPF;"vorgeschlagen; nicht umgesetzt";"Cluster-Zielseite stärken; kein Ersatz für Duplikatentscheidung";https://powertech-performance.com/adblue-service;nein
https://powertech-performance.com/blog/wie-lange-dauert-adblue-off/;https://powertech-performance.com/adblue-service;AdBlue-Fehler schnell klären lassen;Vorschlag: bestehendes Ziel;Passender Abschnitt nach redaktioneller Abgrenzung;AdBlue / SCR / DPF;"vorgeschlagen; nicht umgesetzt";"Cluster-Zielseite stärken; kein Ersatz für Duplikatentscheidung";https://powertech-performance.com/adblue-service;nein
https://powertech-performance.com/;https://powertech-performance.com/luxus-aufbereitung;Keramikversiegelung in Erfurt;Vorschlag: bestehendes Ziel;Leistungsabschnitt bzw. Termin-CTA;Autoaufbereitung;"vorgeschlagen; nicht umgesetzt";Direkter Zugang von der Startseite statt nur Seitenübersicht;https://powertech-performance.com/luxus-aufbereitung;nein
https://powertech-performance.com/;https://powertech-performance.com/chiptuning;Chiptuning in Erfurt;Vorschlag: bestehendes Ziel;Leistungsabschnitt bzw. Termin-CTA;Autoaufbereitung;"vorgeschlagen; nicht umgesetzt";Direkter Zugang von der Startseite statt nur Seitenübersicht;https://powertech-performance.com/chiptuning;nein
https://powertech-performance.com/;https://powertech-performance.com/adblue-service;AdBlue-Diagnose und Reparatur;Vorschlag: bestehendes Ziel;Leistungsabschnitt bzw. Termin-CTA;Autoaufbereitung;"vorgeschlagen; nicht umgesetzt";Direkter Zugang von der Startseite statt nur Seitenübersicht;https://powertech-performance.com/adblue-service;nein
https://powertech-performance.com/;https://powertech-performance.com/blog/innenreinigung-auto-in-der-naehe/;professionelle Innenraumreinigung;Vorschlag: bestehendes Ziel;Leistungsabschnitt bzw. Termin-CTA;Autoaufbereitung;"vorgeschlagen; nicht umgesetzt";Direkter Zugang von der Startseite statt nur Seitenübersicht;https://powertech-performance.com/blog/innenreinigung-auto-in-der-naehe/;nein
https://powertech-performance.com/;https://powertech-performance.com/blog/motorwaesche-erfurt-vorteile-kosten/;Motorraumwäsche;Vorschlag: bestehendes Ziel;Leistungsabschnitt bzw. Termin-CTA;Autoaufbereitung;"vorgeschlagen; nicht umgesetzt";Direkter Zugang von der Startseite statt nur Seitenübersicht;https://powertech-performance.com/blog/motorwaesche-erfurt-vorteile-kosten/;nein
https://powertech-performance.com/;https://powertech-performance.com/blog/lackkorrektur-wofuer-gut-werterhalt/;Lackkorrektur;Vorschlag: bestehendes Ziel;Leistungsabschnitt bzw. Termin-CTA;Autoaufbereitung;"vorgeschlagen; nicht umgesetzt";Direkter Zugang von der Startseite statt nur Seitenübersicht;https://powertech-performance.com/blog/lackkorrektur-wofuer-gut-werterhalt/;nein
https://powertech-performance.com/;https://powertech-performance.com/blog/leasing-rueckgabe-aufbereitung-erfurt/;Aufbereitung vor der Leasingrückgabe;Vorschlag: bestehendes Ziel;Leistungsabschnitt bzw. Termin-CTA;Autoaufbereitung;"vorgeschlagen; nicht umgesetzt";Direkter Zugang von der Startseite statt nur Seitenübersicht;https://powertech-performance.com/blog/leasing-rueckgabe-aufbereitung-erfurt/;nein
https://powertech-performance.com/;https://powertech-performance.com/online-termin-buchen;Besichtigungstermin buchen;Vorschlag: bestehendes Ziel;Leistungsabschnitt bzw. Termin-CTA;Autoaufbereitung;"vorgeschlagen; nicht umgesetzt";Direkter Zugang von der Startseite statt nur Seitenübersicht;https://powertech-performance.com/online-termin-buchen;nein
https://powertech-performance.com/;https://powertech-performance.com/eisenach;Autoaufbereitung für Kunden aus Eisenach;Vorschlag: bestehendes Ziel;Abschnitt Einzugsgebiet;Autoaufbereitung;"vorgeschlagen; nicht umgesetzt";"Nur nach standortspezifischer Inhaltsverbesserung; keine fiktive Niederlassung";https://powertech-performance.com/eisenach;nein
https://powertech-performance.com/;https://powertech-performance.com/gera;Autoaufbereitung für Kunden aus Gera;Vorschlag: bestehendes Ziel;Abschnitt Einzugsgebiet;Autoaufbereitung;"vorgeschlagen; nicht umgesetzt";"Nur nach standortspezifischer Inhaltsverbesserung; keine fiktive Niederlassung";https://powertech-performance.com/gera;nein
https://powertech-performance.com/;https://powertech-performance.com/gotha;Autoaufbereitung für Kunden aus Gotha;Vorschlag: bestehendes Ziel;Abschnitt Einzugsgebiet;Autoaufbereitung;"vorgeschlagen; nicht umgesetzt";"Nur nach standortspezifischer Inhaltsverbesserung; keine fiktive Niederlassung";https://powertech-performance.com/gotha;nein
https://powertech-performance.com/;https://powertech-performance.com/jena;Autoaufbereitung für Kunden aus Jena;Vorschlag: bestehendes Ziel;Abschnitt Einzugsgebiet;Autoaufbereitung;"vorgeschlagen; nicht umgesetzt";"Nur nach standortspezifischer Inhaltsverbesserung; keine fiktive Niederlassung";https://powertech-performance.com/jena;nein
https://powertech-performance.com/;https://powertech-performance.com/nordhausen;Autoaufbereitung für Kunden aus Nordhausen;Vorschlag: bestehendes Ziel;Abschnitt Einzugsgebiet;Autoaufbereitung;"vorgeschlagen; nicht umgesetzt";"Nur nach standortspezifischer Inhaltsverbesserung; keine fiktive Niederlassung";https://powertech-performance.com/nordhausen;nein
https://powertech-performance.com/;https://powertech-performance.com/suhl;Autoaufbereitung für Kunden aus Suhl;Vorschlag: bestehendes Ziel;Abschnitt Einzugsgebiet;Autoaufbereitung;"vorgeschlagen; nicht umgesetzt";"Nur nach standortspezifischer Inhaltsverbesserung; keine fiktive Niederlassung";https://powertech-performance.com/suhl;nein
https://powertech-performance.com/luxus-aufbereitung;https://powertech-performance.com/blog/haltbarkeit-keramikversiegelung-lackschutz/;Haltbarkeit und Pflege der Keramikversiegelung;Vorschlag: bestehendes Ziel;Thematisch passender Haupttext;Keramikversiegelung;"vorgeschlagen; nicht umgesetzt";Ergänzende Intention verbinden;https://powertech-performance.com/blog/haltbarkeit-keramikversiegelung-lackschutz/;nein
https://powertech-performance.com/blog/haltbarkeit-keramikversiegelung-lackschutz/;https://powertech-performance.com/luxus-aufbereitung;Keramikversiegelung in Erfurt;Vorschlag: bestehendes Ziel;Thematisch passender Haupttext;Keramikversiegelung;"vorgeschlagen; nicht umgesetzt";Ergänzende Intention verbinden;https://powertech-performance.com/luxus-aufbereitung;nein
https://powertech-performance.com/blog/was-kostet-eine-auto-reinigung/;https://powertech-performance.com/blog/innenreinigung-auto-in-der-naehe/;Innenraumreinigung anfragen;Vorschlag: bestehendes Ziel;Thematisch passender Haupttext;Innenraumreinigung;"vorgeschlagen; nicht umgesetzt";Ergänzende Intention verbinden;https://powertech-performance.com/blog/innenreinigung-auto-in-der-naehe/;nein
https://powertech-performance.com/blog/leasingrueckgabe-checkliste/;https://powertech-performance.com/blog/leasing-rueckgabe-aufbereitung-erfurt/;Aufbereitung vor der Leasingrückgabe;Vorschlag: bestehendes Ziel;Thematisch passender Haupttext;Leasingrückgabe;"vorgeschlagen; nicht umgesetzt";Ergänzende Intention verbinden;https://powertech-performance.com/blog/leasing-rueckgabe-aufbereitung-erfurt/;nein
https://powertech-performance.com/blog/lackkorrektur-wofuer-gut-werterhalt/;https://powertech-performance.com/blog/1-step-2-step-oder-lackkorrektur-lackaufbereitung-im-vergleich/;Politurverfahren im Vergleich;Vorschlag: bestehendes Ziel;Thematisch passender Haupttext;Lackaufbereitung;"vorgeschlagen; nicht umgesetzt";Ergänzende Intention verbinden;https://powertech-performance.com/blog/1-step-2-step-oder-lackkorrektur-lackaufbereitung-im-vergleich/;nein
https://powertech-performance.com/blog/1-step-2-step-oder-lackkorrektur-lackaufbereitung-im-vergleich/;https://powertech-performance.com/blog/harte-weiche-autolacke-lackaufbereitung/;Lackhärte berücksichtigen;Vorschlag: bestehendes Ziel;Thematisch passender Haupttext;Lackaufbereitung;"vorgeschlagen; nicht umgesetzt";Ergänzende Intention verbinden;https://powertech-performance.com/blog/harte-weiche-autolacke-lackaufbereitung/;nein
https://powertech-performance.com/blog/auto-selber-waschen-erfurt/;https://powertech-performance.com/;professionelle Fahrzeugaufbereitung in Erfurt;Vorschlag: bestehendes Ziel;Thematisch passender Haupttext;Autoaufbereitung;"vorgeschlagen; nicht umgesetzt";Ergänzende Intention verbinden;https://powertech-performance.com/;nein
https://powertech-performance.com/;https://powertech-performance.com/trockeneisreinigung;Trockeneisreinigung am Fahrzeug;Vorschlag: neue Seite, noch nicht vorhanden;Passender Leistungsabschnitt;Autoaufbereitung;"vorgeschlagen; nicht umgesetzt";Erst nach Veröffentlichung der vorgeschlagenen Seite verlinken;;nein
https://powertech-performance.com/blog/motorwaesche-erfurt-vorteile-kosten/;https://powertech-performance.com/trockeneisreinigung;Trockeneisreinigung für geeignete Fahrzeugbereiche;Vorschlag: neue Seite, noch nicht vorhanden;Passender Leistungsabschnitt;Motorraumwäsche;"vorgeschlagen; nicht umgesetzt";Erst nach Veröffentlichung der vorgeschlagenen Seite verlinken;;nein
https://powertech-performance.com/;https://powertech-performance.com/blog/felgenversiegelung-pflege/;versiegelte Felgen pflegen;Vorschlag: neue Seite, noch nicht vorhanden;Passender Leistungsabschnitt;Autoaufbereitung;"vorgeschlagen; nicht umgesetzt";Erst nach Veröffentlichung der vorgeschlagenen Seite verlinken;;nein
https://powertech-performance.com/luxus-aufbereitung;https://powertech-performance.com/blog/felgenversiegelung-pflege/;Pflege versiegelter Felgen;Vorschlag: neue Seite, noch nicht vorhanden;Passender Leistungsabschnitt;Keramikversiegelung;"vorgeschlagen; nicht umgesetzt";Erst nach Veröffentlichung der vorgeschlagenen Seite verlinken;;nein
