URL;Seitentyp;Title;Meta Description;H1;Hauptthema;vermutetes Hauptkeyword;Nebenkeywords;Suchintention;Themencluster;interne Links von;interne Links zu;Anzahl eingehender interner Links;Anzahl ausgehender interner Links;Canonical;Indexierungsstatus;SEO-Status;Optimierungspotenzial;Priorität;Klicks;Impressionen;CTR;durchschnittliche Position;relevante Suchanfragen;H2;H3;Sitemap;Robots Meta;Bilder und Alt-Texte;CSS-Bilder / ARIA;Strukturierte Daten;Content-Abschnitte;Wörter Hauptinhalt;Dateipfad;Live HTTP;Live Endziel;Messwertquelle;Messwert-Zuordnung;Optimierung empfohlen;Keyword-Basis
https://powertech-performance.com/adblue-service;Leistungs-/Landingpage;AdBlue-Service Erfurt | Diagnose, Reparatur & zulässige Lösungen;AdBlue-Fehler bei Pkw, Transporter oder Wohnmobil bis Baujahr 2021? Powertech Performance in Erfurt prüft Diagnose, Reparatur, Rückrüstung und zulässige Sonderanwendungen.;AdBlue-Fehler schnell klären lassen;AdBlue-Diagnose & Reparatur;AdBlue Service Erfurt;Wenn das AdBlue-System den Alltag ausbremst | Was wir für dich prüfen | AdBlue-Service für Pkw, Transporter und Wohnmobile;kommerziell / lokal;AdBlue / SCR / DPF;https://powertech-performance.com/pages/seitenuebersicht.html;https://powertech-performance.com/ | https://powertech-performance.com/pages/cookie-einstellungen.html | https://powertech-performance.com/pages/datenschutz.html | https://powertech-performance.com/pages/impressum.html | https://powertech-performance.com/pages/kontakt.html;1;5;https://powertech-performance.com/adblue-service;"lokal index erlaubt; Google-Status unbekannt";"Live-Host www widerspricht Canonical ohne www | Nur eine verlinkende Seite | Nur aus robots-gesperrter Seitenübersicht erreichbar | K7: mittel; gemischte Informations-/Angebotsintention, widersprüchliche Positionierung";"Host-Signale vereinheitlichen; Kontextlinks ergänzen; Cluster-Intention prüfen";P1;;;;;;Wenn das AdBlue-System den Alltag ausbremst | Was wir für dich prüfen | AdBlue-Service für Pkw, Transporter und Wohnmobile | AdBlue deaktivieren: klare Grenze bei Straßenfahrzeugen | So kommst du schnell zur Einschätzung | Powertech Performance: persönlicher Ansprechpartner statt Hotline | AdBlue-Anfrage senden | Du willst den Fehler direkt besprechen? | AdBlue ausprogrammieren, rauscodieren oder ausschalten? | Häufige Fragen zum AdBlue-Service | AdBlue-Problem sauber klären lassen;AdBlue-Diagnose | Software- und Steuergeräteprüfung | Reparatur- und Rückrüstungsberatung | Zulässige Sonderanwendungen | Diesel-Pkw | Transporter | Camper & Wohnmobile | Fahrzeugdaten senden | Foto der Meldung ergänzen | Einsatzzweck klären | Persönliche Rückmeldung | Deine Privatsphäre ist uns wichtig | Cookie-Einstellungen;ja;;"[{""src"": ""/images/logo-klein.png"", ""alt"": ""Powertech Performance Logo"", ""loading"": """", ""width"": ""52"", ""height"": ""52""}, {""src"": ""/images/adblue-vehicle-hero.png"", ""alt"": ""Pkw, Transporter und Wohnmobil in einer professionellen Werkstatt für AdBlue- und SCR-Diagnose"", ""loading"": """", ""width"": ""1792"", ""height"": ""1024""}, {""src"": ""/images/benjamin-lemmer.jpg"", ""alt"": ""Benjamin Lemmer von Powertech Performance"", ""loading"": """", ""width"": ""72"", ""height"": ""72""}, {""src"": ""/images/logo.png"", ""alt"": ""Powertech Performance Logo"", ""loading"": """", ""width"": ""180"", ""height"": ""180""}, {""src"": ""/images/logo-klein.png"", ""alt"": ""Powertech Performance Logo"", ""loading"": """", ""width"": """", ""height"": """"}]";"[{""label"": ""Diesel-Pkw in einer Werkstatt für AdBlue- und SCR-Diagnose"", ""classes"": [""adblue-vehicle-image""]}, {""label"": ""Transporter in einer professionellen Werkstatt für AdBlue-Service"", ""classes"": [""adblue-vehicle-image""]}, {""label"": ""Wohnmobil in einer Werkstatt für AdBlue- und SCR-Service"", ""classes"": [""adblue-vehicle-image""]}]";"[{""@context"": ""https://schema.org"", ""@type"": ""AutomotiveBusiness"", ""name"": ""Powertech Performance"", ""url"": ""https://powertech-performance.com/adblue-service"", ""telephone"": ""+491737373574"", ""image"": ""https://powertech-performance.com/images/logo-klein.png"", ""address"": {""@type"": ""PostalAddress"", ""addressLocality"": ""Erfurt"", ""addressCountry"": ""DE""}, ""areaServed"": [""Erfurt"", ""Thüringen""], ""makesOffer"": [{""@type"": ""Offer"", ""name"": ""AdBlue-Diagnose und Softwareprüfung""}, {""@type"": ""Offer"", ""name"": ""Prüfung zulässiger Sonderanwendungen""}]}, {""@context"": ""https://schema.org"", ""@type"": ""BreadcrumbList"", ""itemListElement"": [{""@type"": ""ListItem"", ""position"": 1, ""name"": ""Startseite"", ""item"": ""https://powertech-performance.com/""}, {""@type"": ""ListItem"", ""position"": 2, ""name"": ""AdBlue-Service"", ""item"": ""https://powertech-performance.com/adblue-service""}]}, {""@context"": ""https://schema.org"", ""@type"": ""FAQPage"", ""mainEntity"": [{""@type"": ""Question"", ""name"": ""Kann man AdBlue deaktivieren oder ausprogrammieren?"", ""acceptedAnswer"": {""@type"": ""Answer"", ""text"": ""Technisch kann eine Anpassung bei bestimmten Steuergeräten möglich sein. Bei Fahrzeugen, die im öffentlichen Straßenverkehr genutzt werden, ist eine Deaktivierung emissionsrelevanter Systeme jedoch grundsätzlich keine zulässige Reparaturlösung. Powertech Performance prüft deshalb zuerst Diagnose, Reparatur, Rückrüstung und nur nachweislich zulässige Sonderanwendungen.""}}, {""@type"": ""Question"", ""name"": ""Für welche Fahrzeuge bietet Powertech Performance den AdBlue-Service an?"", ""acceptedAnswer"": {""@type"": ""Answer"", ""text"": ""Powertech Performance prüft Pkw, Transporter, Camper und Wohnmobile bis Baujahr 2021 mit AdBlue- oder SCR-Fehlern. Benötigt werden Hersteller, Modell, Baujahr, Motorisierung und eine kurze Beschreibung der angezeigten Meldung.""}}, {""@type"": ""Question"", ""name"": ""Erlischt durch AdBlue OFF die Betriebserlaubnis?"", ""acceptedAnswer"": {""@type"": ""Answer"", ""text"": ""Wenn eine Veränderung das genehmigte Abgasverhalten beeinflusst oder verschlechtert, kann die Betriebserlaubnis erlöschen. Das Fahrzeug darf dann nicht regulär auf öffentlichen Straßen betrieben werden.""}}, {""@type"": ""Question"", ""name"": ""Was tun, wenn die AdBlue-Lampe trotz vollem Tank leuchtet?"", ""acceptedAnswer"": {""@type"": ""Answer"", ""text"": ""Dann sollte das System ausgelesen und eingegrenzt werden. Häufige Ursachen liegen bei NOx-Sensoren, Dosierung, Pumpe, Heizung, Kristallisation, Verkabelung oder Softwareständen.""}}, {""@type"": ""Question"", ""name"": ""Kann eine AdBlue-Deaktivierung wieder rückgängig gemacht werden?"", ""acceptedAnswer"": {""@type"": ""Answer"", ""text"": ""In vielen Fällen kann geprüft werden, ob eine Rückrüstung auf den Serienstand möglich ist. Zusätzlich muss kontrolliert werden, ob Tank, Leitungen, Sensoren und weitere Komponenten vorhanden und funktionsfähig sind.""}}, {""@type"": ""Question"", ""name"": ""Was kostet eine AdBlue-Diagnose?"", ""acceptedAnswer"": {""@type"": ""Answer"", ""text"": ""Die Kosten hängen vom Fahrzeug, Fehlerbild und Prüfumfang ab. Nach Übermittlung der Fahrzeugdaten gibt Powertech Performance eine persönliche Einschätzung zum nächsten sinnvollen Schritt.""}}, {""@type"": ""Question"", ""name"": ""Sind Fotos vom Tacho oder der Fehlermeldung hilfreich?"", ""acceptedAnswer"": {""@type"": ""Answer"", ""text"": ""Ja. Ein Foto der Warnmeldung, der Restreichweite oder des erloschenen Status nach einer Prüfung hilft dabei, das Fehlerbild schneller einzuordnen. Bitte keine unnötigen persönlichen Dokumente mitschicken.""}}, {""@type"": ""Question"", ""name"": ""Kann ich per WhatsApp anfragen?"", ""acceptedAnswer"": {""@type"": ""Answer"", ""text"": ""Ja. Sende Hersteller, Modell, Baujahr, Motorisierung und ein Foto der Meldung an +49 173 7373574. Powertech Performance meldet sich anschließend persönlich zurück.""}}]}]";"[{""id"": ""top"", ""heading"": ""AdBlue-Fehler schnell klären lassen""}, {""id"": """", ""heading"": """"}, {""id"": ""problem"", ""heading"": ""Wenn das AdBlue-System den Alltag ausbremst""}, {""id"": ""leistungen"", ""heading"": ""Was wir für dich prüfen""}, {""id"": ""fahrzeuge"", ""heading"": ""AdBlue-Service für Pkw, Transporter und Wohnmobile""}, {""id"": ""recht"", ""heading"": ""AdBlue deaktivieren: klare Grenze bei Straßenfahrzeugen""}, {""id"": ""ablauf"", ""heading"": ""So kommst du schnell zur Einschätzung""}, {""id"": ""ueber-uns"", ""heading"": ""Powertech Performance: persönlicher Ansprechpartner statt Hotline""}, {""id"": ""adblue-formular"", ""heading"": ""AdBlue-Anfrage senden""}, {""id"": ""direktkontakt"", ""heading"": ""Du willst den Fehler direkt besprechen?""}, {""id"": ""info"", ""heading"": ""AdBlue ausprogrammieren, rauscodieren oder ausschalten?""}, {""id"": ""faq"", ""heading"": ""Häufige Fragen zum AdBlue-Service""}, {""id"": """", ""heading"": ""AdBlue-Problem sauber klären lassen""}]";1169;adblue-service.html;200;https://www.powertech-performance.com/adblue-service;;keine zugeordneten Messwerte;ja;"vermutet aus Seitenindex; Nebenkeywords sind Überschriftenthemen, keine Suchmessung"
https://powertech-performance.com/ads;Kampagnen-Landingpage;Autoaufbereiter in Erfurt | Powertech Performance;Top-Qualität zu fairen Preisen – Termine ohne lange Wartezeit. Professionelle Autoaufbereitung in Erfurt von Benjamin Lemmer.;Autoaufbereiter in Erfurt;Ads-Landingpage Autoaufbereiter;Autoaufbereiter Erfurt;Weil jedes Auto eine Geschichte erzählt – und wir helfen, sie zu bewahren. | Hol dir den Glanz zurück – mit unserer Profi-Autoaufbereitung. | Über uns – Fahrzeugpflege auf höchstem Niveau mit Benjamin Lemmer;kommerziell / lokal;Autoaufbereitung;https://powertech-performance.com/pages/seitenuebersicht.html;https://powertech-performance.com/ | https://powertech-performance.com/blog/ | https://powertech-performance.com/pages/cookie-einstellungen.html | https://powertech-performance.com/pages/datenschutz.html | https://powertech-performance.com/pages/impressum.html | https://powertech-performance.com/pages/kontakt.html | https://powertech-performance.com/pages/seitenuebersicht.html;1;7;https://powertech-performance.com/ads;"lokal index erlaubt; Google-Status unbekannt";"Live-Host www widerspricht Canonical ohne www | Nur eine verlinkende Seite | Nur aus robots-gesperrter Seitenübersicht erreichbar | K5: hoch; mehrere lokale Angebotsseiten";"Host-Signale vereinheitlichen; Kontextlinks ergänzen; Cluster-Intention prüfen";P1;;;;;;Weil jedes Auto eine Geschichte erzählt – und wir helfen, sie zu bewahren. | Hol dir den Glanz zurück – mit unserer Profi-Autoaufbereitung. | Über uns – Fahrzeugpflege auf höchstem Niveau mit Benjamin Lemmer | Autoaufbereitung vom Feinsten – Glänzt. Schützt. Begeistert. | Häufig gestellte Fragen Fahrzeugaufbereitung;Lackversiegelung | Lackaufbereitung | Textilreinigung | Ozonbehandlung | Felgenreinigung | Fachberatung | Anfrage stellen | Auto vorstellen | Angebot erhalten | Ihr Ansprechpartner | Deine Privatsphäre ist uns wichtig | Cookie-Einstellungen;ja;;"[{""src"": ""/images/logo-klein.png"", ""alt"": ""Powertech Performance Logo"", ""loading"": """", ""width"": ""52"", ""height"": ""52""}, {""src"": ""/images/service-lackversiegelung.png"", ""alt"": ""Lackversiegelung"", ""loading"": ""lazy"", ""width"": """", ""height"": """"}, {""src"": ""/images/service-lackaufbereitung.png"", ""alt"": ""Lackaufbereitung"", ""loading"": ""lazy"", ""width"": """", ""height"": """"}, {""src"": ""/images/service-textilreinigung.png"", ""alt"": ""Textilreinigung"", ""loading"": ""lazy"", ""width"": """", ""height"": """"}, {""src"": ""/images/service-ozonbehandlung.png"", ""alt"": ""Ozonbehandlung"", ""loading"": ""lazy"", ""width"": """", ""height"": """"}, {""src"": ""/images/service-felgenreinigung.png"", ""alt"": ""Felgenreinigung"", ""loading"": ""lazy"", ""width"": """", ""height"": """"}, {""src"": ""/images/service-fachberatung.png"", ""alt"": ""Fachberatung"", ""loading"": ""lazy"", ""width"": """", ""height"": """"}, {""src"": ""/images/trust-fahrzeug.jpg"", ""alt"": ""Aufbereitetes Fahrzeug"", ""loading"": ""lazy"", ""width"": """", ""height"": """"}, {""src"": ""/images/benjamin-lemmer.jpg"", ""alt"": ""Benjamin Lemmer"", ""loading"": ""lazy"", ""width"": """", ""height"": """"}, {""src"": ""/images/galerie-1.jpg"", ""alt"": ""Fahrzeugaufbereitung – Referenzbild"", ""loading"": ""lazy"", ""width"": """", ""height"": """"}, {""src"": ""/images/galerie-2.jpg"", ""alt"": ""Fahrzeugaufbereitung – Referenzbild"", ""loading"": ""lazy"", ""width"": """", ""height"": """"}, {""src"": ""/images/galerie-3.jpg"", ""alt"": ""Fahrzeugaufbereitung – Referenzbild"", ""loading"": ""lazy"", ""width"": """", ""height"": """"}, {""src"": ""/images/galerie-4.jpg"", ""alt"": ""Fahrzeugaufbereitung – Referenzbild"", ""loading"": ""lazy"", ""width"": """", ""height"": """"}, {""src"": ""/images/logo-klein.png"", ""alt"": ""Powertech Performance Logo"", ""loading"": """", ""width"": """", ""height"": """"}, {""src"": ""/images/logo-klein.png"", ""alt"": ""Powertech Performance Logo"", ""loading"": """", ""width"": """", ""height"": """"}]";[];[];"[{""id"": ""hero"", ""heading"": ""Autoaufbereiter in Erfurt""}, {""id"": ""leistungen"", ""heading"": ""Lackversiegelung""}, {""id"": """", ""heading"": ""Weil jedes Auto eine Geschichte erzählt – und wir helfen, sie zu bewahren.""}, {""id"": """", ""heading"": ""Hol dir den Glanz zurück – mit unserer Profi-Autoaufbereitung.""}, {""id"": """", ""heading"": ""Anfrage stellen""}, {""id"": ""ueber-uns"", ""heading"": ""Über uns – Fahrzeugpflege auf höchstem Niveau mit Benjamin Lemmer""}, {""id"": """", ""heading"": ""Autoaufbereitung vom Feinsten – Glänzt. Schützt. Begeistert.""}, {""id"": ""kontakt"", ""heading"": ""Ihr Ansprechpartner""}, {""id"": ""faq"", ""heading"": ""Häufig gestellte Fragen Fahrzeugaufbereitung""}]";1041;ads.html;200;https://www.powertech-performance.com/ads;;keine zugeordneten Messwerte;ja;"vermutet aus Seitenindex; Nebenkeywords sind Überschriftenthemen, keine Suchmessung"
https://powertech-performance.com/anfrage-danke;Funktions-/Rechtsseite;Vielen Dank für Ihre Anfrage | Powertech Performance;Ihre Anfrage ist bei Powertech Performance eingegangen. Benjamin Lemmer meldet sich schnellstmöglich bei Ihnen zurück.;Danke für deine Anfrage!;Danke-Seite nach Formular-Anfrage;-;;navigational;Kontakt / Service / Recht;https://powertech-performance.com/pages/seitenuebersicht.html;https://powertech-performance.com/ | https://powertech-performance.com/blog/ | https://powertech-performance.com/pages/cookie-einstellungen.html | https://powertech-performance.com/pages/datenschutz.html | https://powertech-performance.com/pages/impressum.html | https://powertech-performance.com/pages/kontakt.html | https://powertech-performance.com/pages/seitenuebersicht.html;1;7;https://powertech-performance.com/anfrage-danke;noindex deklariert;Live-Host www widerspricht Canonical ohne www | Link zu fehlendem Abschnitt;"Host-Signale vereinheitlichen; Indexierungssignale konsistent halten";P3;;;;;;;Deine Privatsphäre ist uns wichtig | Cookie-Einstellungen;nein;noindex;"[{""src"": ""/images/logo-klein.png"", ""alt"": ""Powertech Performance Logo"", ""loading"": """", ""width"": ""52"", ""height"": ""52""}, {""src"": ""/images/logo-klein.png"", ""alt"": ""Powertech Performance Logo"", ""loading"": """", ""width"": """", ""height"": """"}]";[];[];"[{""id"": """", ""heading"": ""Danke für deine Anfrage!""}]";37;anfrage-danke.html;200;https://www.powertech-performance.com/anfrage-danke;;keine zugeordneten Messwerte;nur Technik / kein Rankingziel;"vermutet aus Seitenindex; Nebenkeywords sind Überschriftenthemen, keine Suchmessung"
https://powertech-performance.com/blog/1-step-2-step-oder-lackkorrektur-lackaufbereitung-im-vergleich/;Blog / Ratgeber;1-Step, 2-Step oder Lackkorrektur? Lackaufbereitung im Vergleich | Powertech Performance;Was ist der Unterschied zwischen 1-Step Politur, 2-Step Politur und Lackkorrektur? Finde das perfekte Verfahren für maximalen Tiefenglanz und Fahrzeugschutz.;1-Step, 2-Step oder Lackkorrektur? Lackaufbereitung im Vergleich;1-Step vs. 2-Step Politur vs. Lackkorrektur im Vergleich;Lackaufbereitung im Vergleich;1-Step, 2-Step oder komplette Lackkorrektur? Der ultimative Wegweiser zu perfektem Lackglanz | Die 1-Step Politur: Schneller Glanz und sanfte Auffrischung | Die 2-Step Politur: Die goldene Mitte für spürbare Perfektion;informativ / teilweise kommerziell;Lackaufbereitung;https://powertech-performance.com/blog/;https://powertech-performance.com/ | https://powertech-performance.com/blog/ | https://powertech-performance.com/pages/cookie-einstellungen.html | https://powertech-performance.com/pages/datenschutz.html | https://powertech-performance.com/pages/impressum.html | https://powertech-performance.com/pages/kontakt.html | https://powertech-performance.com/pages/seitenuebersicht.html;1;7;https://powertech-performance.com/blog/1-step-2-step-oder-lackkorrektur-lackaufbereitung-im-vergleich/;"lokal index erlaubt; Google-Status unbekannt";Live-Host www widerspricht Canonical ohne www | Nur eine verlinkende Seite | Link zu fehlendem Abschnitt;"Host-Signale vereinheitlichen; Kontextlinks ergänzen; Cluster-Intention prüfen";P2;;1;;;;1-Step, 2-Step oder komplette Lackkorrektur? Der ultimative Wegweiser zu perfektem Lackglanz | Die 1-Step Politur: Schneller Glanz und sanfte Auffrischung | Die 2-Step Politur: Die goldene Mitte für spürbare Perfektion | Die professionelle Lackkorrektur: Das Maximum an High-End Detailing | Der direkte Vergleich: Welche Behandlung braucht dein Fahrzeug? | Bereit für den perfekten Spiegelglanz?;Das zeichnet das 1-Step-Verfahren aus: | Wann ist eine Lackkorrektur notwendig? | Kostenlose Erstberatung | Unsere Leistungen | Jetzt Kontakt aufnehmen | Deine Privatsphäre ist uns wichtig | Cookie-Einstellungen;ja;;"[{""src"": ""/images/logo-klein.png"", ""alt"": ""Powertech Performance Logo"", ""loading"": """", ""width"": ""52"", ""height"": ""52""}, {""src"": ""/images/logo-klein.png"", ""alt"": ""Powertech Performance Logo"", ""loading"": """", ""width"": """", ""height"": """"}, {""src"": ""/images/logo-klein.png"", ""alt"": ""Powertech Performance Logo"", ""loading"": """", ""width"": """", ""height"": """"}]";[];[];"[{""id"": """", ""heading"": ""1-Step, 2-Step oder komplette Lackkorrektur? Der ultimative Wegweiser zu perfektem Lackglanz""}, {""id"": """", ""heading"": ""Die 1-Step Politur: Schneller Glanz und sanfte Auffrischung""}, {""id"": """", ""heading"": ""Bereit für den perfekten Spiegelglanz?""}]";511;blog/1-step-2-step-oder-lackkorrektur-lackaufbereitung-im-vergleich/index.html;200;https://www.powertech-performance.com/blog/1-step-2-step-oder-lackkorrektur-lackaufbereitung-im-vergleich/;https://www.powertech-performance.com/blog/1-step-2-step-oder-lackkorrektur-lackaufbereitung-im-vergleich/;"belegtes gleiches HTTP-Endziel; nur Seitenimpressionen";ja;"vermutet aus Seitenindex; Nebenkeywords sind Überschriftenthemen, keine Suchmessung"
https://powertech-performance.com/blog/1-step-politur-erklaert/;Blog / Ratgeber;1-Step Politur erklärt – Glanz für den Autolack | Powertech Performance;Was ist eine 1-Step Politur? Jetzt einfach erklärt. Vorteile, Ablauf und wie der Fahrzeuglack sichtbar aufgewertet wird.;1-Step Politur erklärt – Glanz für den Autolack;1-Step Politur erklärt;1-Step Politur;1-Step Politur erklärt | Was bedeutet 1-Step Politur? | Welche Schäden können verbessert werden?;informativ / teilweise kommerziell;Lackaufbereitung;https://powertech-performance.com/blog/;https://powertech-performance.com/ | https://powertech-performance.com/blog/ | https://powertech-performance.com/pages/cookie-einstellungen.html | https://powertech-performance.com/pages/datenschutz.html | https://powertech-performance.com/pages/impressum.html | https://powertech-performance.com/pages/kontakt.html | https://powertech-performance.com/pages/seitenuebersicht.html;1;7;https://powertech-performance.com/blog/1-step-politur-erklaert/;"lokal index erlaubt; Google-Status unbekannt";Live-Host www widerspricht Canonical ohne www | Nur eine verlinkende Seite | Link zu fehlendem Abschnitt;"Host-Signale vereinheitlichen; Kontextlinks ergänzen; Cluster-Intention prüfen";P2;;;;;;1-Step Politur erklärt | Was bedeutet 1-Step Politur? | Welche Schäden können verbessert werden? | Für welche Fahrzeuge eignet sich die Politur? | Wie läuft die Aufbereitung ab? | Vorteile der 1-Step Politur | Professionelle Autoaufbereitung in Erfurt;Kostenlose Erstberatung | Unsere Leistungen | Jetzt Kontakt aufnehmen | Deine Privatsphäre ist uns wichtig | Cookie-Einstellungen;ja;;"[{""src"": ""/images/logo-klein.png"", ""alt"": ""Powertech Performance Logo"", ""loading"": """", ""width"": ""52"", ""height"": ""52""}, {""src"": ""/images/logo-klein.png"", ""alt"": ""Powertech Performance Logo"", ""loading"": """", ""width"": """", ""height"": """"}, {""src"": ""/images/logo-klein.png"", ""alt"": ""Powertech Performance Logo"", ""loading"": """", ""width"": """", ""height"": """"}]";[];[];[];179;blog/1-step-politur-erklaert/index.html;200;https://www.powertech-performance.com/blog/1-step-politur-erklaert/;;keine zugeordneten Messwerte;ja;"vermutet aus Seitenindex; Nebenkeywords sind Überschriftenthemen, keine Suchmessung"
https://powertech-performance.com/blog/adblue-deaktivieren-vor-nachteile-wahrheit/;Blog / Ratgeber;Adblue deaktivieren vor und nachteile | Powertech Performance;Schluss mit AdBlue-Fehlern & teuren Reparaturen! Erfahre, warum das Deaktivieren dein Auto rettet. Alle Vor- & Nachteile im Faktencheck. Jetzt Termin in Erfurt sichern!;Adblue deaktivieren vor und nachteile;AdBlue deaktivieren: Vor- und Nachteile;AdBlue deaktivieren Vor- und Nachteile;Die AdBlue-Kostenfalle: Warum dein Diesel eine tickende Zeitbombe ist (und wie du sie entschärfst!) | Warum dein AdBlue-System dich ruinieren will | AdBlue Deaktivieren: Die Vorteile, die dir niemand verrät;informativ / teilweise kommerziell;AdBlue / SCR / DPF;https://powertech-performance.com/blog/;https://powertech-performance.com/ | https://powertech-performance.com/blog/ | https://powertech-performance.com/pages/cookie-einstellungen.html | https://powertech-performance.com/pages/datenschutz.html | https://powertech-performance.com/pages/impressum.html | https://powertech-performance.com/pages/kontakt.html | https://powertech-performance.com/pages/seitenuebersicht.html;1;7;https://powertech-performance.com/blog/adblue-deaktivieren-vor-nachteile-wahrheit/;"lokal index erlaubt; Google-Status unbekannt";"Live-Host www widerspricht Canonical ohne www | Nur eine verlinkende Seite | K7: mittel; gemischte Informations-/Angebotsintention, widersprüchliche Positionierung | Link zu fehlendem Abschnitt";"Host-Signale vereinheitlichen; Kontextlinks ergänzen; Cluster-Intention prüfen";P1;;7;;;;Die AdBlue-Kostenfalle: Warum dein Diesel eine tickende Zeitbombe ist (und wie du sie entschärfst!) | Warum dein AdBlue-System dich ruinieren will | AdBlue Deaktivieren: Die Vorteile, die dir niemand verrät | Die Nachteile: Was du wissen musst (Wir spielen mit offenen Karten) | Warum PowerTech Performance in Erfurt deine Nr. 1 Adresse ist | Häufige Fragen (FAQ) zur AdBlue Abschaltung | Fazit: Schluss mit der Bevormundung durch Technik!;Vorteil 1: Absolute Zuverlässigkeit (Nie wieder liegenbleiben!) | Vorteil 2: Massive Kostenersparnis | Vorteil 3: Keine Leistungsverluste mehr | Schadet das Deaktivieren meinem Motor? | Kann man das bei der HU (TÜV) sehen? | Kann ich AdBlue einfach leer fahren? | Für welche Marken bietet ihr das an? | Kostenlose Erstberatung | Unsere Leistungen | Jetzt Kontakt aufnehmen | Deine Privatsphäre ist uns wichtig | Cookie-Einstellungen;ja;;"[{""src"": ""/images/logo-klein.png"", ""alt"": ""Powertech Performance Logo"", ""loading"": """", ""width"": ""52"", ""height"": ""52""}, {""src"": ""/images/logo-klein.png"", ""alt"": ""Powertech Performance Logo"", ""loading"": """", ""width"": """", ""height"": """"}, {""src"": ""/images/logo-klein.png"", ""alt"": ""Powertech Performance Logo"", ""loading"": """", ""width"": """", ""height"": """"}]";[];[];[];1176;blog/adblue-deaktivieren-vor-nachteile-wahrheit/index.html;200;https://www.powertech-performance.com/blog/adblue-deaktivieren-vor-nachteile-wahrheit/;https://www.powertech-performance.com/blog/adblue-deaktivieren-vor-nachteile-wahrheit/;"belegtes gleiches HTTP-Endziel; nur Seitenimpressionen";ja;"vermutet aus Seitenindex; Nebenkeywords sind Überschriftenthemen, keine Suchmessung"
https://powertech-performance.com/blog/adblue-deaktivierung/;Blog / Ratgeber;AdBlue Deaktivierung – professionelle Lösung für Diesel-Fahrzeuge | Powertech Performance;Professionelle AdBlue-Deaktivierung. Dauerhafte Softwarelösung für Diesel-Fahrzeuge – sicher, rückrüstbar & ohne Ausbau.;AdBlue Deaktivierung – professionelle Lösung für Diesel-Fahrzeuge;AdBlue-Deaktivierung als Softwarelösung;AdBlue Deaktivierung;AdBlue-Störung? Fahrzeug im Notlauf? – Viele Diesel-Fahrer kennen das Problem | Was ist AdBlue überhaupt? | Typische Probleme mit AdBlue-Systemen;informativ / teilweise kommerziell;AdBlue / SCR / DPF;https://powertech-performance.com/blog/;https://powertech-performance.com/ | https://powertech-performance.com/blog/ | https://powertech-performance.com/pages/cookie-einstellungen.html | https://powertech-performance.com/pages/datenschutz.html | https://powertech-performance.com/pages/impressum.html | https://powertech-performance.com/pages/kontakt.html | https://powertech-performance.com/pages/seitenuebersicht.html;1;7;https://powertech-performance.com/blog/adblue-deaktivierung/;"lokal index erlaubt; Google-Status unbekannt";"Live-Host www widerspricht Canonical ohne www | Nur eine verlinkende Seite | K7: mittel; gemischte Informations-/Angebotsintention, widersprüchliche Positionierung | Link zu fehlendem Abschnitt";"Host-Signale vereinheitlichen; Kontextlinks ergänzen; Cluster-Intention prüfen";P1;;;;;;AdBlue-Störung? Fahrzeug im Notlauf? – Viele Diesel-Fahrer kennen das Problem | Was ist AdBlue überhaupt? | Typische Probleme mit AdBlue-Systemen | Professionelle AdBlue-Deaktivierung bei PowerTech Performance | Ablauf – Schritt für Schritt | Vorteile einer professionellen Lösung | Wichtiger Hinweis (rechtlicher Abschnitt) | Kontakt & Beratung;Kostenlose Erstberatung | Unsere Leistungen | Jetzt Kontakt aufnehmen | Deine Privatsphäre ist uns wichtig | Cookie-Einstellungen;ja;;"[{""src"": ""/images/logo-klein.png"", ""alt"": ""Powertech Performance Logo"", ""loading"": """", ""width"": ""52"", ""height"": ""52""}, {""src"": ""/images/logo-klein.png"", ""alt"": ""Powertech Performance Logo"", ""loading"": """", ""width"": """", ""height"": """"}, {""src"": ""/images/logo-klein.png"", ""alt"": ""Powertech Performance Logo"", ""loading"": """", ""width"": """", ""height"": """"}]";[];[];[];607;blog/adblue-deaktivierung/index.html;200;https://www.powertech-performance.com/blog/adblue-deaktivierung/;;keine zugeordneten Messwerte;ja;"vermutet aus Seitenindex; Nebenkeywords sind Überschriftenthemen, keine Suchmessung"
https://powertech-performance.com/blog/audi-r8-aufbereitung-erfurt-keramikversiegelung/;Blog / Ratgeber;Audi R8 Aufbereitung in Erfurt: High-End-Pflege & Werterhalt auf höchstem Niveau | Powertech Performance;Profi-Audi R8 Aufbereitung in Erfurt bei PowerTech Performance. Zertifizierte Lackkorrektur & Keramikversiegelung (bis 50.000km Schutz) für maximalen Werterhalt. Erfahren Sie, warum Perfektion bei Benjamin ab 1.000 € beginnt. Jetzt Termin sichern!;Audi R8 Aufbereitung in Erfurt: High-End-Pflege & Werterhalt auf höchstem Niveau;Audi R8 Aufbereitung & Keramikversiegelung;Audi R8 Aufbereitung Erfurt;Warum die Audi R8 Aufbereitung bei PowerTech Performance in Erfurt? | Vorsicht vor Billig-Anbietern: Warum Qualität beim R8 ihren Preis hat | Benjamin: Der einzige zertifizierte Aufbereiter im Raum Erfurt;informativ / teilweise kommerziell;Spezialfahrzeuge;https://powertech-performance.com/blog/;https://powertech-performance.com/ | https://powertech-performance.com/blog/ | https://powertech-performance.com/pages/cookie-einstellungen.html | https://powertech-performance.com/pages/datenschutz.html | https://powertech-performance.com/pages/impressum.html | https://powertech-performance.com/pages/kontakt.html | https://powertech-performance.com/pages/seitenuebersicht.html;1;7;https://powertech-performance.com/blog/audi-r8-aufbereitung-erfurt-keramikversiegelung/;"lokal index erlaubt; Google-Status unbekannt";Live-Host www widerspricht Canonical ohne www | Nur eine verlinkende Seite | Link zu fehlendem Abschnitt;"Host-Signale vereinheitlichen; Kontextlinks ergänzen; Cluster-Intention prüfen";P2;;;;;;Warum die Audi R8 Aufbereitung bei PowerTech Performance in Erfurt? | Vorsicht vor Billig-Anbietern: Warum Qualität beim R8 ihren Preis hat | Benjamin: Der einzige zertifizierte Aufbereiter im Raum Erfurt | Die Keramikversiegelung: Schutzschild für bis zu 50.000 km | Werterhalt durch professionelle Pflege | Ihr Termin bei PowerTech Performance;Die Vorteile unserer Keramikversiegelung im Detail: | Kostenlose Erstberatung | Unsere Leistungen | Jetzt Kontakt aufnehmen | Deine Privatsphäre ist uns wichtig | Cookie-Einstellungen;ja;;"[{""src"": ""/images/logo-klein.png"", ""alt"": ""Powertech Performance Logo"", ""loading"": """", ""width"": ""52"", ""height"": ""52""}, {""src"": ""/images/logo-klein.png"", ""alt"": ""Powertech Performance Logo"", ""loading"": """", ""width"": """", ""height"": """"}, {""src"": ""/images/logo-klein.png"", ""alt"": ""Powertech Performance Logo"", ""loading"": """", ""width"": """", ""height"": """"}]";[];[];"[{""id"": """", ""heading"": ""Warum die Audi R8 Aufbereitung bei PowerTech Performance in Erfurt?""}, {""id"": """", ""heading"": ""Vorsicht vor Billig-Anbietern: Warum Qualität beim R8 ihren Preis hat""}, {""id"": """", ""heading"": ""Benjamin: Der einzige zertifizierte Aufbereiter im Raum Erfurt""}, {""id"": """", ""heading"": ""Die Keramikversiegelung: Schutzschild für bis zu 50.000 km""}, {""id"": """", ""heading"": ""Werterhalt durch professionelle Pflege""}, {""id"": """", ""heading"": ""Ihr Termin bei PowerTech Performance""}]";570;blog/audi-r8-aufbereitung-erfurt-keramikversiegelung/index.html;200;https://www.powertech-performance.com/blog/audi-r8-aufbereitung-erfurt-keramikversiegelung/;;keine zugeordneten Messwerte;ja;"vermutet aus Seitenindex; Nebenkeywords sind Überschriftenthemen, keine Suchmessung"
https://powertech-performance.com/blog/aufbereiter-vs-detailer-unterschied/;Blog / Ratgeber;Aufbereiter vs. Detailer: Wo liegt der wahre Unterschied für Ihr Fahrzeug? | Powertech Performance;Was unterscheidet eine Autoaufbereitung vom professionellen Detailing? Erfahren Sie alles über Lackkorrektur, Keramikversiegelung und den perfekten Schutz.;Aufbereiter vs. Detailer: Wo liegt der wahre Unterschied für Ihr Fahrzeug?;Unterschied Aufbereiter vs. Detailer;Aufbereiter vs. Detailer Unterschied;Aufbereiter vs. Detailer: Wo liegt der wahre Unterschied für Ihr Fahrzeug? | Die klassische Autoaufbereitung: Sauberkeit und Effizienz | Automobiles Detailing: Die Perfektion bis ins kleinste Bauteil;informativ / teilweise kommerziell;Autoaufbereitung;https://powertech-performance.com/blog/;https://powertech-performance.com/ | https://powertech-performance.com/blog/ | https://powertech-performance.com/pages/cookie-einstellungen.html | https://powertech-performance.com/pages/datenschutz.html | https://powertech-performance.com/pages/impressum.html | https://powertech-performance.com/pages/kontakt.html | https://powertech-performance.com/pages/seitenuebersicht.html;1;7;https://powertech-performance.com/blog/aufbereiter-vs-detailer-unterschied/;"lokal index erlaubt; Google-Status unbekannt";Live-Host www widerspricht Canonical ohne www | Nur eine verlinkende Seite | Link zu fehlendem Abschnitt;"Host-Signale vereinheitlichen; Kontextlinks ergänzen; Cluster-Intention prüfen";P2;;1;;;;Aufbereiter vs. Detailer: Wo liegt der wahre Unterschied für Ihr Fahrzeug? | Die klassische Autoaufbereitung: Sauberkeit und Effizienz | Automobiles Detailing: Die Perfektion bis ins kleinste Bauteil | Der direkte Vergleich: Welcher Service passt zu Ihnen? | Bereit für das nächste Level an Glanz und Schutz?;Typische Leistungen der Aufbereitung: | Kostenlose Erstberatung | Unsere Leistungen | Jetzt Kontakt aufnehmen | Deine Privatsphäre ist uns wichtig | Cookie-Einstellungen;ja;;"[{""src"": ""/images/logo-klein.png"", ""alt"": ""Powertech Performance Logo"", ""loading"": """", ""width"": ""52"", ""height"": ""52""}, {""src"": ""/images/logo-klein.png"", ""alt"": ""Powertech Performance Logo"", ""loading"": """", ""width"": """", ""height"": """"}, {""src"": ""/images/logo-klein.png"", ""alt"": ""Powertech Performance Logo"", ""loading"": """", ""width"": """", ""height"": """"}]";[];[];"[{""id"": """", ""heading"": ""Aufbereiter vs. Detailer: Wo liegt der wahre Unterschied für Ihr Fahrzeug?""}, {""id"": """", ""heading"": """"}, {""id"": """", ""heading"": ""Bereit für das nächste Level an Glanz und Schutz?""}]";425;blog/aufbereiter-vs-detailer-unterschied/index.html;200;https://www.powertech-performance.com/blog/aufbereiter-vs-detailer-unterschied/;https://www.powertech-performance.com/blog/aufbereiter-vs-detailer-unterschied/;"belegtes gleiches HTTP-Endziel; nur Seitenimpressionen";ja;"vermutet aus Seitenindex; Nebenkeywords sind Überschriftenthemen, keine Suchmessung"
https://powertech-performance.com/blog/auto-selber-waschen-erfurt/;Blog / Ratgeber;🚗 Auto selber waschen in Erfurt – Hier findest du SB-Waschboxe | Powertech Performance;Entdecke SB-Waschanlagen in Erfurt, um dein Auto selber zu waschen. Mit Google-Maps-Links;🚗 Auto selber waschen in Erfurt – Hier findest du SB-Waschboxe;SB-Waschanlagen in Erfurt (Ratgeber);Auto selber waschen Erfurt;SB-Waschanlagen in Erfurt | Fazit;informativ / teilweise kommerziell;Autoaufbereitung;https://powertech-performance.com/blog/;https://powertech-performance.com/ | https://powertech-performance.com/blog/ | https://powertech-performance.com/pages/cookie-einstellungen.html | https://powertech-performance.com/pages/datenschutz.html | https://powertech-performance.com/pages/impressum.html | https://powertech-performance.com/pages/kontakt.html | https://powertech-performance.com/pages/seitenuebersicht.html;1;7;https://powertech-performance.com/blog/auto-selber-waschen-erfurt/;"lokal index erlaubt; Google-Status unbekannt";Live-Host www widerspricht Canonical ohne www | Nur eine verlinkende Seite | Link zu fehlendem Abschnitt;"Host-Signale vereinheitlichen; Kontextlinks ergänzen; Cluster-Intention prüfen";P2;;2;;;;SB-Waschanlagen in Erfurt | Fazit;Kostenlose Erstberatung | Unsere Leistungen | Jetzt Kontakt aufnehmen | Deine Privatsphäre ist uns wichtig | Cookie-Einstellungen;ja;;"[{""src"": ""/images/logo-klein.png"", ""alt"": ""Powertech Performance Logo"", ""loading"": """", ""width"": ""52"", ""height"": ""52""}, {""src"": ""/images/logo-klein.png"", ""alt"": ""Powertech Performance Logo"", ""loading"": """", ""width"": """", ""height"": """"}, {""src"": ""/images/logo-klein.png"", ""alt"": ""Powertech Performance Logo"", ""loading"": """", ""width"": """", ""height"": """"}]";[];[];[];148;blog/auto-selber-waschen-erfurt/index.html;200;https://www.powertech-performance.com/blog/auto-selber-waschen-erfurt/;https://www.powertech-performance.com/blog/auto-selber-waschen-erfurt/;"belegtes gleiches HTTP-Endziel; nur Seitenimpressionen";ja;"vermutet aus Seitenindex; Nebenkeywords sind Überschriftenthemen, keine Suchmessung"
https://powertech-performance.com/blog/blog-keramikversiegelung/;Blog / Ratgeber;Keramikversiegelung fürs Auto: Glanz, Schutz & Werterhalt | Powertech Performance;Stell dir vor, dein Auto sieht auch in drei Jahren noch so aus, als hättest du es gerade frisch abgeholt. Keine stumpfe Farbe, keine ausgeblichenen Stellen;Keramikversiegelung fürs Auto: Glanz, Schutz & Werterhalt;Keramikversiegelung fürs Auto (Ratgeber);Keramikversiegelung Auto;;informativ / teilweise kommerziell;Keramikversiegelung;https://powertech-performance.com/blog/;https://powertech-performance.com/ | https://powertech-performance.com/blog/ | https://powertech-performance.com/pages/cookie-einstellungen.html | https://powertech-performance.com/pages/datenschutz.html | https://powertech-performance.com/pages/impressum.html | https://powertech-performance.com/pages/kontakt.html | https://powertech-performance.com/pages/seitenuebersicht.html;1;7;https://powertech-performance.com/blog/blog-keramikversiegelung/;"lokal index erlaubt; Google-Status unbekannt";"Live-Host www widerspricht Canonical ohne www | Nur eine verlinkende Seite | K3: hoch; breite Leistungsversprechen überlappen | Link zu fehlendem Abschnitt";"Host-Signale vereinheitlichen; Kontextlinks ergänzen; Cluster-Intention prüfen";P1;;;;;;;Kostenlose Erstberatung | Unsere Leistungen | Jetzt Kontakt aufnehmen | Deine Privatsphäre ist uns wichtig | Cookie-Einstellungen;ja;;"[{""src"": ""/images/logo-klein.png"", ""alt"": ""Powertech Performance Logo"", ""loading"": """", ""width"": ""52"", ""height"": ""52""}, {""src"": ""/images/logo-klein.png"", ""alt"": ""Powertech Performance Logo"", ""loading"": """", ""width"": """", ""height"": """"}, {""src"": ""/images/logo-klein.png"", ""alt"": ""Powertech Performance Logo"", ""loading"": """", ""width"": """", ""height"": """"}]";[];[];[];291;blog/blog-keramikversiegelung/index.html;200;https://www.powertech-performance.com/blog/blog-keramikversiegelung/;;keine zugeordneten Messwerte;ja;"vermutet aus Seitenindex; Nebenkeywords sind Überschriftenthemen, keine Suchmessung"
https://powertech-performance.com/blog/boot-aufbereitung-keramikversiegelung-marine/;Blog / Ratgeber;Yacht- & Boot-Versiegelung: Maximaler Schutz gegen Salzwasser & Verwitterung | Powertech Performance;Schütze dein Boot mit High-End Keramikversiegelung. Schutz vor Salzwasser, Verwitterung und Algen. Benjamin von Powertech Performance macht dein Boot fit für die See.;Yacht- & Boot-Versiegelung: Maximaler Schutz gegen Salzwasser & Verwitterung;Yacht-/Boot-Versiegelung;Boot Keramikversiegelung;Marine-Performance: Warum eine Keramikversiegelung für dein Boot unverzichtbar ist | Die Außenversiegelung: Schutzschild gegen die Elemente | Sicherheit auf dem Deck: Halt trotz Versiegelung;informativ / teilweise kommerziell;Spezialfahrzeuge;https://powertech-performance.com/blog/;https://powertech-performance.com/ | https://powertech-performance.com/blog/ | https://powertech-performance.com/pages/cookie-einstellungen.html | https://powertech-performance.com/pages/datenschutz.html | https://powertech-performance.com/pages/impressum.html | https://powertech-performance.com/pages/kontakt.html | https://powertech-performance.com/pages/seitenuebersicht.html;1;7;https://powertech-performance.com/blog/boot-aufbereitung-keramikversiegelung-marine/;"lokal index erlaubt; Google-Status unbekannt";Live-Host www widerspricht Canonical ohne www | Nur eine verlinkende Seite | Link zu fehlendem Abschnitt;"Host-Signale vereinheitlichen; Kontextlinks ergänzen; Cluster-Intention prüfen";P2;;4;;;;Marine-Performance: Warum eine Keramikversiegelung für dein Boot unverzichtbar ist | Die Außenversiegelung: Schutzschild gegen die Elemente | Sicherheit auf dem Deck: Halt trotz Versiegelung | Kristallklare Sicht: Aufbereitung & Versiegelung der Scheiben | Werterhalt für deine Yacht | Sichere dir jetzt den Langzeitschutz für dein Boot!;Deine Vorteile auf dem Wasser: | Kostenlose Erstberatung | Unsere Leistungen | Jetzt Kontakt aufnehmen | Deine Privatsphäre ist uns wichtig | Cookie-Einstellungen;ja;;"[{""src"": ""/images/logo-klein.png"", ""alt"": ""Powertech Performance Logo"", ""loading"": """", ""width"": ""52"", ""height"": ""52""}, {""src"": ""/images/logo-klein.png"", ""alt"": ""Powertech Performance Logo"", ""loading"": """", ""width"": """", ""height"": """"}, {""src"": ""/images/logo-klein.png"", ""alt"": ""Powertech Performance Logo"", ""loading"": """", ""width"": """", ""height"": """"}]";[];[];"[{""id"": """", ""heading"": ""Die Außenversiegelung: Schutzschild gegen die Elemente""}, {""id"": """", ""heading"": ""Deine Vorteile auf dem Wasser:""}, {""id"": """", ""heading"": ""Sicherheit auf dem Deck: Halt trotz Versiegelung""}, {""id"": """", ""heading"": ""Kristallklare Sicht: Aufbereitung & Versiegelung der Scheiben""}, {""id"": """", ""heading"": ""Werterhalt für deine Yacht""}, {""id"": """", ""heading"": ""Sichere dir jetzt den Langzeitschutz für dein Boot!""}]";419;blog/boot-aufbereitung-keramikversiegelung-marine/index.html;200;https://www.powertech-performance.com/blog/boot-aufbereitung-keramikversiegelung-marine/;https://www.powertech-performance.com/blog/boot-aufbereitung-keramikversiegelung-marine/;"belegtes gleiches HTTP-Endziel; nur Seitenimpressionen";ja;"vermutet aus Seitenindex; Nebenkeywords sind Überschriftenthemen, keine Suchmessung"
https://powertech-performance.com/blog/chiptuning-raum-erfurt/;Blog / Ratgeber;Chiptuning Raum Erfurt – Mehr Leistung und Fahrspaß mit PowerTech Performance | Powertech Performance;Professionelles Chiptuning in Erfurt: Mehr Leistung, weniger Verbrauch. PowerTech Performance bietet individuelle Motoroptimierung mit Garantie.;Chiptuning Raum Erfurt – Mehr Leistung und Fahrspaß mit PowerTech Performance;Chiptuning im Raum Erfurt;Chiptuning Raum Erfurt;Warum immer mehr Autofahrer im Raum Erfurt auf professionelles Chiptuning setzen | Was ist Chiptuning? Einfach erklärt | Vorteile von professionellem Chiptuning im Raum Erfurt;informativ / teilweise kommerziell;Chiptuning;https://powertech-performance.com/blog/;https://powertech-performance.com/ | https://powertech-performance.com/blog/ | https://powertech-performance.com/pages/cookie-einstellungen.html | https://powertech-performance.com/pages/datenschutz.html | https://powertech-performance.com/pages/impressum.html | https://powertech-performance.com/pages/kontakt.html | https://powertech-performance.com/pages/seitenuebersicht.html;1;7;https://powertech-performance.com/blog/chiptuning-raum-erfurt/;"lokal index erlaubt; Google-Status unbekannt";"Live-Host www widerspricht Canonical ohne www | Nur eine verlinkende Seite | K2: hoch; gleiche kommerzielle Intention vermutet | Link zu fehlendem Abschnitt";"Host-Signale vereinheitlichen; Kontextlinks ergänzen; Cluster-Intention prüfen";P1;;;;;;Warum immer mehr Autofahrer im Raum Erfurt auf professionelles Chiptuning setzen | Was ist Chiptuning? Einfach erklärt | Vorteile von professionellem Chiptuning im Raum Erfurt | Warum PowerTech Performance der richtige Partner für Chiptuning im Raum Erfurt ist | So läuft das Chiptuning bei PowerTech Performance im Raum Erfurt ab | Chiptuning in Erfurt und Umgebung – Dein regionaler Experte | Kontakt & Beratung bei PowerTech Performance;Beispiele aus der Praxis: Leistungssteigerung bei BMW, VW, Audi & Mercedes | Kostenlose Erstberatung | Unsere Leistungen | Jetzt Kontakt aufnehmen | Deine Privatsphäre ist uns wichtig | Cookie-Einstellungen;ja;;"[{""src"": ""/images/logo-klein.png"", ""alt"": ""Powertech Performance Logo"", ""loading"": """", ""width"": ""52"", ""height"": ""52""}, {""src"": ""/images/logo-klein.png"", ""alt"": ""Powertech Performance Logo"", ""loading"": """", ""width"": """", ""height"": """"}, {""src"": ""/images/logo-klein.png"", ""alt"": ""Powertech Performance Logo"", ""loading"": """", ""width"": """", ""height"": """"}]";[];[];[];586;blog/chiptuning-raum-erfurt/index.html;200;https://www.powertech-performance.com/blog/chiptuning-raum-erfurt/;;keine zugeordneten Messwerte;ja;"vermutet aus Seitenindex; Nebenkeywords sind Überschriftenthemen, keine Suchmessung"
https://powertech-performance.com/blog/chiptuning-raumerfurt/;Blog / Ratgeber;Chiptuning im Raum Erfurt: Entfesseln Sie die wahre Leistung Ihres Fahrzeugs | Powertech Performance;Professionelles Chiptuning im Raum Erfurt für Ihr Fahrzeug. Mehr PS, höheres Drehmoment & weniger Verbrauch. Jetzt bei Powertech Performance beraten lassen!;Chiptuning im Raum Erfurt: Entfesseln Sie die wahre Leistung Ihres Fahrzeugs;Chiptuning im Raum Erfurt;Chiptuning Raum Erfurt;Was bringt eine professionelle Kennfeldoptimierung? | Ihr Ansprechpartner für Chiptuning im Raum Erfurt | Über Powertech Performance;informativ / teilweise kommerziell;Chiptuning;https://powertech-performance.com/blog/;https://powertech-performance.com/ | https://powertech-performance.com/blog/ | https://powertech-performance.com/pages/cookie-einstellungen.html | https://powertech-performance.com/pages/datenschutz.html | https://powertech-performance.com/pages/impressum.html | https://powertech-performance.com/pages/kontakt.html | https://powertech-performance.com/pages/seitenuebersicht.html;1;7;https://powertech-performance.com/blog/chiptuning-raumerfurt/;"lokal index erlaubt; Google-Status unbekannt";"Live-Host www widerspricht Canonical ohne www | Nur eine verlinkende Seite | K2: hoch; gleiche kommerzielle Intention vermutet | Link zu fehlendem Abschnitt";"Host-Signale vereinheitlichen; Kontextlinks ergänzen; Cluster-Intention prüfen";P1;;;;;;Was bringt eine professionelle Kennfeldoptimierung? | Ihr Ansprechpartner für Chiptuning im Raum Erfurt | Über Powertech Performance;Die Vorteile auf einen Blick: | Fazit | Kostenlose Erstberatung | Unsere Leistungen | Jetzt Kontakt aufnehmen | Deine Privatsphäre ist uns wichtig | Cookie-Einstellungen;ja;;"[{""src"": ""/images/logo-klein.png"", ""alt"": ""Powertech Performance Logo"", ""loading"": """", ""width"": ""52"", ""height"": ""52""}, {""src"": ""/images/logo-klein.png"", ""alt"": ""Powertech Performance Logo"", ""loading"": """", ""width"": """", ""height"": """"}, {""src"": ""/images/logo-klein.png"", ""alt"": ""Powertech Performance Logo"", ""loading"": """", ""width"": """", ""height"": """"}]";[];[];[];242;blog/chiptuning-raumerfurt/index.html;200;https://www.powertech-performance.com/blog/chiptuning-raumerfurt/;;keine zugeordneten Messwerte;ja;"vermutet aus Seitenindex; Nebenkeywords sind Überschriftenthemen, keine Suchmessung"
https://powertech-performance.com/blog/fahrzeugaufbereitung-erfurt/;Blog / Ratgeber;Fahrzeugaufbereitung Erfurt: Glänzendes Auto mit PowerTech Performance | Powertech Performance;Entdecke professionelle Fahrzeugaufbereitung Erfurt mit Keramikversiegelung. Jetzt Termin bei PowerTech Performance sichern!;Fahrzeugaufbereitung Erfurt: Glänzendes Auto mit PowerTech Performance;Fahrzeugaufbereitung Erfurt (Ratgeber);Fahrzeugaufbereitung Erfurt;Was ist Fahrzeugaufbereitung Erfurt eigentlich? | Warum solltest du deine Fahrzeugaufbereitung in Erfurt bei PowerTech Performance buchen? | Fahrzeugaufbereitung Erfurt direkt vor Ort – Deine Vorteile bei PowerTech Performance;informativ / teilweise kommerziell;Autoaufbereitung;https://powertech-performance.com/blog/;https://powertech-performance.com/ | https://powertech-performance.com/blog/ | https://powertech-performance.com/pages/cookie-einstellungen.html | https://powertech-performance.com/pages/datenschutz.html | https://powertech-performance.com/pages/impressum.html | https://powertech-performance.com/pages/kontakt.html | https://powertech-performance.com/pages/seitenuebersicht.html;1;7;https://powertech-performance.com/blog/fahrzeugaufbereitung-erfurt/;"lokal index erlaubt; Google-Status unbekannt";"Live-Host www widerspricht Canonical ohne www | Nur eine verlinkende Seite | K5: hoch; mehrere lokale Angebotsseiten | Link zu fehlendem Abschnitt";"Host-Signale vereinheitlichen; Kontextlinks ergänzen; Cluster-Intention prüfen";P1;;;;;;Was ist Fahrzeugaufbereitung Erfurt eigentlich? | Warum solltest du deine Fahrzeugaufbereitung in Erfurt bei PowerTech Performance buchen? | Fahrzeugaufbereitung Erfurt direkt vor Ort – Deine Vorteile bei PowerTech Performance | So buchst du deine professionelle Fahrzeugaufbereitung in Erfurt | Checkliste: Deine Vorteile der Fahrzeugaufbereitung bei PowerTech Performance;Die Unterschiede zur normalen Autowäsche | 1. Professionelle Lackpolitur für strahlenden Glanz | 2. Gründliche Innenraumreinigung für ein frisches Fahrgefühl | 3. Felgenreinigung und -schutz | 4. Innovative Keramikversiegelung für langanhaltenden Schutz | Warum ist der Standortvorteil so wichtig? | Kostenlose Erstberatung | Unsere Leistungen | Jetzt Kontakt aufnehmen | Deine Privatsphäre ist uns wichtig | Cookie-Einstellungen;ja;;"[{""src"": ""/images/logo-klein.png"", ""alt"": ""Powertech Performance Logo"", ""loading"": """", ""width"": ""52"", ""height"": ""52""}, {""src"": ""/images/logo-klein.png"", ""alt"": ""Powertech Performance Logo"", ""loading"": """", ""width"": """", ""height"": """"}, {""src"": ""/images/logo-klein.png"", ""alt"": ""Powertech Performance Logo"", ""loading"": """", ""width"": """", ""height"": """"}]";[];[];[];686;blog/fahrzeugaufbereitung-erfurt/index.html;200;https://www.powertech-performance.com/blog/fahrzeugaufbereitung-erfurt/;;keine zugeordneten Messwerte;ja;"vermutet aus Seitenindex; Nebenkeywords sind Überschriftenthemen, keine Suchmessung"
https://powertech-performance.com/blog/flugzeugaufbereitung-innenreinigung-erfurt/;Blog / Ratgeber;Flugzeugaufbereitung & Innenreinigung Erfurt | PowerTech Performance | Powertech Performance;Professionelle Flugzeugaufbereitung in Erfurt. PowerTech Performance bietet Flugzeuginnenreinigung & Außenpflege für Werterhalt und Glanz. Jetzt Termin anfragen!;Flugzeugaufbereitung & Innenreinigung Erfurt | PowerTech Performance;Flugzeugaufbereitung & Innenreinigung;Flugzeugaufbereitung Erfurt;Premium Flugzeugaufbereitung | Exterieur: Lackaufbereitung & Langzeitschutz | Interieur: Fachgerechte Reinigung ohne Risiko;informativ / teilweise kommerziell;Innenraumreinigung;https://powertech-performance.com/blog/;https://powertech-performance.com/ | https://powertech-performance.com/blog/ | https://powertech-performance.com/pages/cookie-einstellungen.html | https://powertech-performance.com/pages/datenschutz.html | https://powertech-performance.com/pages/impressum.html | https://powertech-performance.com/pages/kontakt.html | https://powertech-performance.com/pages/seitenuebersicht.html;1;7;https://powertech-performance.com/blog/flugzeugaufbereitung-innenreinigung-erfurt/;"lokal index erlaubt; Google-Status unbekannt";Live-Host www widerspricht Canonical ohne www | Nur eine verlinkende Seite | Link zu fehlendem Abschnitt;"Host-Signale vereinheitlichen; Kontextlinks ergänzen; Cluster-Intention prüfen";P2;;;;;;Premium Flugzeugaufbereitung | Exterieur: Lackaufbereitung & Langzeitschutz | Interieur: Fachgerechte Reinigung ohne Risiko | Warum PowerTech Performance?;"🛡️ Unser ""Safety-First"" Reinigungsverfahren | Interesse an einem kostenlosen Angebot? | Kostenlose Erstberatung | Unsere Leistungen | Jetzt Kontakt aufnehmen | Deine Privatsphäre ist uns wichtig | Cookie-Einstellungen";ja;;"[{""src"": ""/images/logo-klein.png"", ""alt"": ""Powertech Performance Logo"", ""loading"": """", ""width"": ""52"", ""height"": ""52""}, {""src"": ""/images/logo-klein.png"", ""alt"": ""Powertech Performance Logo"", ""loading"": """", ""width"": """", ""height"": """"}, {""src"": ""/images/logo-klein.png"", ""alt"": ""Powertech Performance Logo"", ""loading"": """", ""width"": """", ""height"": """"}]";[];[];"[{""id"": """", ""heading"": ""Exterieur: Lackaufbereitung & Langzeitschutz""}, {""id"": """", ""heading"": ""Interieur: Fachgerechte Reinigung ohne Risiko""}, {""id"": """", ""heading"": ""Warum PowerTech Performance?""}, {""id"": """", ""heading"": ""Interesse an einem kostenlosen Angebot?""}]";402;blog/flugzeugaufbereitung-innenreinigung-erfurt/index.html;200;https://www.powertech-performance.com/blog/flugzeugaufbereitung-innenreinigung-erfurt/;;keine zugeordneten Messwerte;ja;"vermutet aus Seitenindex; Nebenkeywords sind Überschriftenthemen, keine Suchmessung"
https://powertech-performance.com/blog/haltbarkeit-keramikversiegelung-lackschutz/;Blog / Ratgeber;Haltbarkeit einer Keramikversiegelung: Wie lange hält der Lackschutz wirklich? | Powertech Performance;Wie lange hält eine Keramikversiegelung auf dem Auto? Erfahren Sie alle Faktoren, reale Standzeiten und wie Sie den Premium-Schutz maximal verlängern.;Haltbarkeit einer Keramikversiegelung: Wie lange hält der Lackschutz wirklich?;Haltbarkeit einer Keramikversiegelung;Haltbarkeit Keramikversiegelung;Wie lange hält eine Keramikversiegelung wirklich? | Die Haltbarkeit: Das sind die entscheidenden Faktoren | Von Monaten bis Jahren: Der reale Zeithorizont;informativ / teilweise kommerziell;Keramikversiegelung;https://powertech-performance.com/blog/;https://powertech-performance.com/ | https://powertech-performance.com/blog/ | https://powertech-performance.com/pages/cookie-einstellungen.html | https://powertech-performance.com/pages/datenschutz.html | https://powertech-performance.com/pages/impressum.html | https://powertech-performance.com/pages/kontakt.html | https://powertech-performance.com/pages/seitenuebersicht.html;1;7;https://powertech-performance.com/blog/haltbarkeit-keramikversiegelung-lackschutz/;"lokal index erlaubt; Google-Status unbekannt";Live-Host www widerspricht Canonical ohne www | Nur eine verlinkende Seite | Link zu fehlendem Abschnitt;"Host-Signale vereinheitlichen; Kontextlinks ergänzen; Cluster-Intention prüfen";P2;;1;;;;Wie lange hält eine Keramikversiegelung wirklich? | Die Haltbarkeit: Das sind die entscheidenden Faktoren | Von Monaten bis Jahren: Der reale Zeithorizont | So maximieren Sie die Lebensdauer des Schutzes | Bereit für den ultimativen Langzeitschutz?;Was beeinflusst die Standzeit im Alltag? | Der Richtwert für Ihr Fahrzeug | Kostenlose Erstberatung | Unsere Leistungen | Jetzt Kontakt aufnehmen | Deine Privatsphäre ist uns wichtig | Cookie-Einstellungen;ja;;"[{""src"": ""/images/logo-klein.png"", ""alt"": ""Powertech Performance Logo"", ""loading"": """", ""width"": ""52"", ""height"": ""52""}, {""src"": ""/images/logo-klein.png"", ""alt"": ""Powertech Performance Logo"", ""loading"": """", ""width"": """", ""height"": """"}, {""src"": ""/images/logo-klein.png"", ""alt"": ""Powertech Performance Logo"", ""loading"": """", ""width"": """", ""height"": """"}]";[];[];[];382;blog/haltbarkeit-keramikversiegelung-lackschutz/index.html;200;https://www.powertech-performance.com/blog/haltbarkeit-keramikversiegelung-lackschutz/;https://www.powertech-performance.com/blog/haltbarkeit-keramikversiegelung-lackschutz/;"belegtes gleiches HTTP-Endziel; nur Seitenimpressionen";ja;"vermutet aus Seitenindex; Nebenkeywords sind Überschriftenthemen, keine Suchmessung"
https://powertech-performance.com/blog/harte-und-weiche-autolacke-der-geheime-schlssel-zur-perfekten-lackaufbereitung/;Blog / Ratgeber;Harte und weiche Autolacke: Der geheime Schlüssel zur perfekten Lackaufbereitung | Powertech Performance;Welche Autolacke sind hart, welche weich? Erfahren Sie, wie Automarken sich unterscheiden und warum die richtige Lackhärte über den perfekten Schutz entscheidet.;Harte und weiche Autolacke: Der geheime Schlüssel zur perfekten Lackaufbereitung;Harte und weiche Autolacke;harte und weiche Autolacke;Hart oder weich? Warum die richtige Lackkorrektur beim Detailing entscheidend ist | Welche Autofabrikate haben harte Lacke? | Welche Marken sind für weiche Lacke bekannt?;informativ / teilweise kommerziell;Lackaufbereitung;https://powertech-performance.com/blog/;https://powertech-performance.com/ | https://powertech-performance.com/blog/ | https://powertech-performance.com/pages/cookie-einstellungen.html | https://powertech-performance.com/pages/datenschutz.html | https://powertech-performance.com/pages/impressum.html | https://powertech-performance.com/pages/kontakt.html | https://powertech-performance.com/pages/seitenuebersicht.html;1;7;https://powertech-performance.com/blog/harte-und-weiche-autolacke-der-geheime-schlssel-zur-perfekten-lackaufbereitung/;"lokal index erlaubt; Google-Status unbekannt";"Live-Host www widerspricht Canonical ohne www | Nur eine verlinkende Seite | K1: hoch; Inhaltsduplikat bestätigt | Link zu fehlendem Abschnitt";"Host-Signale vereinheitlichen; Kontextlinks ergänzen; Cluster-Intention prüfen";P1;;1;;;;Hart oder weich? Warum die richtige Lackkorrektur beim Detailing entscheidend ist | Welche Autofabrikate haben harte Lacke? | Welche Marken sind für weiche Lacke bekannt? | Der beste Schutz: Keramikversiegelung für jede Lackart | Glanz und Schutz auf Experten-Niveau;Wichtiger Hinweis für die Politur | Kostenlose Erstberatung | Unsere Leistungen | Jetzt Kontakt aufnehmen | Deine Privatsphäre ist uns wichtig | Cookie-Einstellungen;ja;;"[{""src"": ""/images/logo-klein.png"", ""alt"": ""Powertech Performance Logo"", ""loading"": """", ""width"": ""52"", ""height"": ""52""}, {""src"": ""/images/logo-klein.png"", ""alt"": ""Powertech Performance Logo"", ""loading"": """", ""width"": """", ""height"": """"}, {""src"": ""/images/logo-klein.png"", ""alt"": ""Powertech Performance Logo"", ""loading"": """", ""width"": """", ""height"": """"}]";[];[];"[{""id"": """", ""heading"": ""Hart oder weich? Warum die richtige Lackkorrektur beim Detailing entscheidend ist""}, {""id"": """", ""heading"": """"}, {""id"": """", ""heading"": """"}, {""id"": """", ""heading"": """"}, {""id"": """", ""heading"": """"}, {""id"": """", ""heading"": ""Glanz und Schutz auf Experten-Niveau""}]";422;blog/harte-und-weiche-autolacke-der-geheime-schlssel-zur-perfekten-lackaufbereitung/index.html;200;https://www.powertech-performance.com/blog/harte-und-weiche-autolacke-der-geheime-schlssel-zur-perfekten-lackaufbereitung/;https://www.powertech-performance.com/blog/harte-und-weiche-autolacke-der-geheime-schlssel-zur-perfekten-lackaufbereitung/;"belegtes gleiches HTTP-Endziel; nur Seitenimpressionen";ja;"vermutet aus Seitenindex; Nebenkeywords sind Überschriftenthemen, keine Suchmessung"
https://powertech-performance.com/blog/harte-und-weiche-autolacke-der-geheime-schlssel-zur-perfekten-lackaufbereitung-2/;Blog / Ratgeber;Harte und weiche Autolacke: Der geheime Schlüssel zur perfekten Lackaufbereitung | Powertech Performance;Welche Autolacke sind hart, welche weich? Erfahren Sie, wie Automarken sich unterscheiden und warum die richtige Lackhärte über den perfekten Schutz entscheidet.;Harte und weiche Autolacke: Der geheime Schlüssel zur perfekten Lackaufbereitung;Harte und weiche Autolacke;harte und weiche Autolacke;Hart oder weich? Warum die richtige Lackkorrektur beim Detailing entscheidend ist | Welche Autofabrikate haben harte Lacke? | Welche Marken sind für weiche Lacke bekannt?;informativ / teilweise kommerziell;Lackaufbereitung;https://powertech-performance.com/blog/;https://powertech-performance.com/ | https://powertech-performance.com/blog/ | https://powertech-performance.com/pages/cookie-einstellungen.html | https://powertech-performance.com/pages/datenschutz.html | https://powertech-performance.com/pages/impressum.html | https://powertech-performance.com/pages/kontakt.html | https://powertech-performance.com/pages/seitenuebersicht.html;1;7;https://powertech-performance.com/blog/harte-und-weiche-autolacke-der-geheime-schlssel-zur-perfekten-lackaufbereitung-2/;"lokal index erlaubt; Google-Status unbekannt";"Live-Host www widerspricht Canonical ohne www | Nur eine verlinkende Seite | K1: hoch; Inhaltsduplikat bestätigt | Link zu fehlendem Abschnitt";"Host-Signale vereinheitlichen; Kontextlinks ergänzen; Cluster-Intention prüfen";P1;;1;;;;Hart oder weich? Warum die richtige Lackkorrektur beim Detailing entscheidend ist | Welche Autofabrikate haben harte Lacke? | Welche Marken sind für weiche Lacke bekannt? | Der beste Schutz: Keramikversiegelung für jede Lackart | Glanz und Schutz auf Experten-Niveau;Wichtiger Hinweis für die Politur | Kostenlose Erstberatung | Unsere Leistungen | Jetzt Kontakt aufnehmen | Deine Privatsphäre ist uns wichtig | Cookie-Einstellungen;ja;;"[{""src"": ""/images/logo-klein.png"", ""alt"": ""Powertech Performance Logo"", ""loading"": """", ""width"": ""52"", ""height"": ""52""}, {""src"": ""/images/logo-klein.png"", ""alt"": ""Powertech Performance Logo"", ""loading"": """", ""width"": """", ""height"": """"}, {""src"": ""/images/logo-klein.png"", ""alt"": ""Powertech Performance Logo"", ""loading"": """", ""width"": """", ""height"": """"}]";[];[];"[{""id"": """", ""heading"": ""Hart oder weich? Warum die richtige Lackkorrektur beim Detailing entscheidend ist""}, {""id"": """", ""heading"": """"}, {""id"": """", ""heading"": """"}, {""id"": """", ""heading"": """"}, {""id"": """", ""heading"": """"}, {""id"": """", ""heading"": ""Glanz und Schutz auf Experten-Niveau""}]";422;blog/harte-und-weiche-autolacke-der-geheime-schlssel-zur-perfekten-lackaufbereitung-2/index.html;200;https://www.powertech-performance.com/blog/harte-und-weiche-autolacke-der-geheime-schlssel-zur-perfekten-lackaufbereitung-2/;https://www.powertech-performance.com/blog/harte-und-weiche-autolacke-der-geheime-schlssel-zur-perfekten-lackaufbereitung-2/;"belegtes gleiches HTTP-Endziel; nur Seitenimpressionen";ja;"vermutet aus Seitenindex; Nebenkeywords sind Überschriftenthemen, keine Suchmessung"
https://powertech-performance.com/blog/harte-weiche-autolacke-lackaufbereitung/;Blog / Ratgeber;Harte und weiche Autolacke: Der geheime Schlüssel zur perfekten Lackaufbereitung | Powertech Performance;Welche Autolacke sind hart, welche weich? Erfahren Sie, wie Automarken sich unterscheiden und warum die richtige Lackhärte über den perfekten Schutz entscheidet.;Harte und weiche Autolacke: Der geheime Schlüssel zur perfekten Lackaufbereitung;Harte und weiche Autolacke;harte und weiche Autolacke;Hart oder weich? Warum die richtige Lackkorrektur beim Detailing entscheidend ist | Welche Autofabrikate haben harte Lacke? | Welche Marken sind für weiche Lacke bekannt?;informativ / teilweise kommerziell;Lackaufbereitung;https://powertech-performance.com/blog/;https://powertech-performance.com/ | https://powertech-performance.com/blog/ | https://powertech-performance.com/pages/cookie-einstellungen.html | https://powertech-performance.com/pages/datenschutz.html | https://powertech-performance.com/pages/impressum.html | https://powertech-performance.com/pages/kontakt.html | https://powertech-performance.com/pages/seitenuebersicht.html;1;7;https://powertech-performance.com/blog/harte-weiche-autolacke-lackaufbereitung/;"lokal index erlaubt; Google-Status unbekannt";"Live-Host www widerspricht Canonical ohne www | Nur eine verlinkende Seite | K1: hoch; Inhaltsduplikat bestätigt | Link zu fehlendem Abschnitt";"Host-Signale vereinheitlichen; Kontextlinks ergänzen; Cluster-Intention prüfen";P1;;2;;;;Hart oder weich? Warum die richtige Lackkorrektur beim Detailing entscheidend ist | Welche Autofabrikate haben harte Lacke? | Welche Marken sind für weiche Lacke bekannt? | Der beste Schutz: Keramikversiegelung für jede Lackart | Glanz und Schutz auf Experten-Niveau;Wichtiger Hinweis für die Politur | Kostenlose Erstberatung | Unsere Leistungen | Jetzt Kontakt aufnehmen | Deine Privatsphäre ist uns wichtig | Cookie-Einstellungen;ja;;"[{""src"": ""/images/logo-klein.png"", ""alt"": ""Powertech Performance Logo"", ""loading"": """", ""width"": ""52"", ""height"": ""52""}, {""src"": ""/images/logo-klein.png"", ""alt"": ""Powertech Performance Logo"", ""loading"": """", ""width"": """", ""height"": """"}, {""src"": ""/images/logo-klein.png"", ""alt"": ""Powertech Performance Logo"", ""loading"": """", ""width"": """", ""height"": """"}]";[];[];"[{""id"": """", ""heading"": ""Hart oder weich? Warum die richtige Lackkorrektur beim Detailing entscheidend ist""}, {""id"": """", ""heading"": """"}, {""id"": """", ""heading"": """"}, {""id"": """", ""heading"": """"}, {""id"": """", ""heading"": """"}, {""id"": """", ""heading"": ""Glanz und Schutz auf Experten-Niveau""}]";422;blog/harte-weiche-autolacke-lackaufbereitung/index.html;200;https://www.powertech-performance.com/blog/harte-weiche-autolacke-lackaufbereitung/;https://www.powertech-performance.com/blog/harte-weiche-autolacke-lackaufbereitung/;"belegtes gleiches HTTP-Endziel; nur Seitenimpressionen";ja;"vermutet aus Seitenindex; Nebenkeywords sind Überschriftenthemen, keine Suchmessung"
https://powertech-performance.com/blog/;Blogübersicht;Blog – Autoaufbereitung & Fahrzeugpflege | Powertech Performance;Tipps rund um Autoaufbereitung, Keramikversiegelung, Chiptuning und Fahrzeugpflege aus Erfurt – vom IHK-zertifizierten Profi Benjamin Lemmer.;Blog;Blog-Übersicht;Autoaufbereitung Blog;;informativ / teilweise kommerziell;Autoaufbereitung;https://powertech-performance.com/ads | https://powertech-performance.com/anfrage-danke | https://powertech-performance.com/blog/1-step-2-step-oder-lackkorrektur-lackaufbereitung-im-vergleich/ | https://powertech-performance.com/blog/1-step-politur-erklaert/ | https://powertech-performance.com/blog/adblue-deaktivieren-vor-nachteile-wahrheit/ | https://powertech-performance.com/blog/adblue-deaktivierung/ | https://powertech-performance.com/blog/audi-r8-aufbereitung-erfurt-keramikversiegelung/ | https://powertech-performance.com/blog/aufbereiter-vs-detailer-unterschied/ | https://powertech-performance.com/blog/auto-selber-waschen-erfurt/ | https://powertech-performance.com/blog/blog-keramikversiegelung/ | https://powertech-performance.com/blog/boot-aufbereitung-keramikversiegelung-marine/ | https://powertech-performance.com/blog/chiptuning-raum-erfurt/ | https://powertech-performance.com/blog/chiptuning-raumerfurt/ | https://powertech-performance.com/blog/fahrzeugaufbereitung-erfurt/ | https://powertech-performance.com/blog/flugzeugaufbereitung-innenreinigung-erfurt/ | https://powertech-performance.com/blog/haltbarkeit-keramikversiegelung-lackschutz/ | https://powertech-performance.com/blog/harte-und-weiche-autolacke-der-geheime-schlssel-zur-perfekten-lackaufbereitung-2/ | https://powertech-performance.com/blog/harte-und-weiche-autolacke-der-geheime-schlssel-zur-perfekten-lackaufbereitung/ | https://powertech-performance.com/blog/harte-weiche-autolacke-lackaufbereitung/ | https://powertech-performance.com/blog/innenreinigung-auto-in-der-naehe/ | https://powertech-performance.com/blog/keramik-fuer-auto-erfurt-vorteile-haltbarkeit/ | https://powertech-performance.com/blog/keramikversiegelung-erfurt-high-end-lackschutz-powertech-performance/ | https://powertech-performance.com/blog/keramikversiegelung-profi-lackschutz/ | https://powertech-performance.com/blog/lackierung-oldtimer-erfurt-lackaufbereitung-keramik/ | https://powertech-performance.com/blog/lackkorrektur-wofuer-gut-werterhalt/ | https://powertech-performance.com/blog/leasing-rueckgabe-aufbereitung-erfurt/ | https://powertech-performance.com/blog/leasingauto-aufbereiten/ | https://powertech-performance.com/blog/leasingrueckgabe-checkliste/ | https://powertech-performance.com/blog/motorradaufbereitung-keramikversiegelung-experte/ | https://powertech-performance.com/blog/motorwaesche-erfurt-vorteile-kosten/ | https://powertech-performance.com/blog/oldtimer-aufbereitung-erfurt-wertschonende-pflege/ | https://powertech-performance.com/blog/porsche-aufbereitung-erfurt-keramikversiegelung-zertifiziert/ | https://powertech-performance.com/blog/professionelle-cabrioverdeck-impraegnierung-und-reinigung/ | https://powertech-performance.com/blog/professionelle-innenreinigung-auto-in-der-naehe/ | https://powertech-performance.com/blog/professionelle-keramikversiegelung-erfurt/ | https://powertech-performance.com/blog/profi-keramikversiegelung/ | https://powertech-performance.com/blog/softwareoptimierung-dpf-off-erfurt/ | https://powertech-performance.com/blog/softwareoptimierung-erfurt/ | https://powertech-performance.com/blog/was-kostet-eine-auto-reinigung/ | https://powertech-performance.com/blog/wie-lange-dauert-adblue-off/ | https://powertech-performance.com/blog/wie-oft-auto-aufbereiten-lassen.html | https://powertech-performance.com/chiptuning | https://powertech-performance.com/eisenach | https://powertech-performance.com/fahrzeugaufbereitung-aus-erfurt | https://powertech-performance.com/gera | https://powertech-performance.com/glosar | https://powertech-performance.com/gotha | https://powertech-performance.com/jena | https://powertech-performance.com/luxus-aufbereitung | https://powertech-performance.com/nordhausen | https://powertech-performance.com/online-termin-buchen | https://powertech-performance.com/pages/kontakt.html | https://powertech-performance.com/pages/seitenuebersicht.html | https://powertech-performance.com/suhl;https://powertech-performance.com/ | https://powertech-performance.com/blog/1-step-2-step-oder-lackkorrektur-lackaufbereitung-im-vergleich/ | https://powertech-performance.com/blog/1-step-politur-erklaert/ | https://powertech-performance.com/blog/adblue-deaktivieren-vor-nachteile-wahrheit/ | https://powertech-performance.com/blog/adblue-deaktivierung/ | https://powertech-performance.com/blog/audi-r8-aufbereitung-erfurt-keramikversiegelung/ | https://powertech-performance.com/blog/aufbereiter-vs-detailer-unterschied/ | https://powertech-performance.com/blog/auto-selber-waschen-erfurt/ | https://powertech-performance.com/blog/blog-keramikversiegelung/ | https://powertech-performance.com/blog/boot-aufbereitung-keramikversiegelung-marine/ | https://powertech-performance.com/blog/chiptuning-raum-erfurt/ | https://powertech-performance.com/blog/chiptuning-raumerfurt/ | https://powertech-performance.com/blog/fahrzeugaufbereitung-erfurt/ | https://powertech-performance.com/blog/flugzeugaufbereitung-innenreinigung-erfurt/ | https://powertech-performance.com/blog/haltbarkeit-keramikversiegelung-lackschutz/ | https://powertech-performance.com/blog/harte-und-weiche-autolacke-der-geheime-schlssel-zur-perfekten-lackaufbereitung-2/ | https://powertech-performance.com/blog/harte-und-weiche-autolacke-der-geheime-schlssel-zur-perfekten-lackaufbereitung/ | https://powertech-performance.com/blog/harte-weiche-autolacke-lackaufbereitung/ | https://powertech-performance.com/blog/innenreinigung-auto-in-der-naehe/ | https://powertech-performance.com/blog/keramik-fuer-auto-erfurt-vorteile-haltbarkeit/ | https://powertech-performance.com/blog/keramikversiegelung-erfurt-high-end-lackschutz-powertech-performance/ | https://powertech-performance.com/blog/keramikversiegelung-profi-lackschutz/ | https://powertech-performance.com/blog/lackierung-oldtimer-erfurt-lackaufbereitung-keramik/ | https://powertech-performance.com/blog/lackkorrektur-wofuer-gut-werterhalt/ | https://powertech-performance.com/blog/leasing-rueckgabe-aufbereitung-erfurt/ | https://powertech-performance.com/blog/leasingauto-aufbereiten/ | https://powertech-performance.com/blog/leasingrueckgabe-checkliste/ | https://powertech-performance.com/blog/motorradaufbereitung-keramikversiegelung-experte/ | https://powertech-performance.com/blog/motorwaesche-erfurt-vorteile-kosten/ | https://powertech-performance.com/blog/oldtimer-aufbereitung-erfurt-wertschonende-pflege/ | https://powertech-performance.com/blog/porsche-aufbereitung-erfurt-keramikversiegelung-zertifiziert/ | https://powertech-performance.com/blog/professionelle-cabrioverdeck-impraegnierung-und-reinigung/ | https://powertech-performance.com/blog/professionelle-innenreinigung-auto-in-der-naehe/ | https://powertech-performance.com/blog/professionelle-keramikversiegelung-erfurt/ | https://powertech-performance.com/blog/profi-keramikversiegelung/ | https://powertech-performance.com/blog/softwareoptimierung-dpf-off-erfurt/ | https://powertech-performance.com/blog/softwareoptimierung-erfurt/ | https://powertech-performance.com/blog/was-kostet-eine-auto-reinigung/ | https://powertech-performance.com/blog/wie-lange-dauert-adblue-off/ | https://powertech-performance.com/blog/wie-oft-auto-aufbereiten-lassen.html | https://powertech-performance.com/pages/cookie-einstellungen.html | https://powertech-performance.com/pages/datenschutz.html | https://powertech-performance.com/pages/impressum.html | https://powertech-performance.com/pages/kontakt.html | https://powertech-performance.com/pages/seitenuebersicht.html;54;45;https://powertech-performance.com/blog/;"lokal index erlaubt; Google-Status unbekannt";Live-Host www widerspricht Canonical ohne www | Link zu fehlendem Abschnitt;"Host-Signale vereinheitlichen; Kontextlinks ergänzen; Cluster-Intention prüfen";P1;;1;;;;;Wie oft sollte man sein Auto professionell aufbereiten lassen? | AdBlue Probleme dauerhaft lösen: Ablauf und Dauer der Software-Optimierung | Adblue deaktivieren vor und nachteile | Professionelle Innenreinigung Auto in der Nähe bei PowerTech Performance | Professionelle Keramikversiegelung – Maximaler Schutz für dein Fahrzeug | Chiptuning Raum Erfurt – Mehr Leistung und Fahrspaß mit PowerTech Performance | 🚗 Auto selber waschen in Erfurt – Hier findest du SB-Waschboxe | Professionelle Softwareoptimierung & DPF-Management | Harte und weiche Autolacke: Der geheime Schlüssel zur perfekten Lackaufbereitung | Fahrzeugaufbereitung Erfurt: Glänzendes Auto mit PowerTech Performance | AdBlue Deaktivierung – professionelle Lösung für Diesel-Fahrzeuge | Keramikversiegelung in Erfurt: Exklusiver Lackschutz für maximalen Glanz | Flugzeugaufbereitung & Innenreinigung Erfurt | PowerTech Performance | Harte und weiche Autolacke: Der geheime Schlüssel zur perfekten Lackaufbereitung | Harte und weiche Autolacke: Der geheime Schlüssel zur perfekten Lackaufbereitung | Chiptuning im Raum Erfurt: Entfesseln Sie die wahre Leistung Ihres Fahrzeugs | Aufbereiter vs. Detailer: Wo liegt der wahre Unterschied für Ihr Fahrzeug? | Was Ihr Oldtimer Ihnen verschweigt: Warum eine einfache Politur Ihren Klassiker ruinieren kann | Haltbarkeit einer Keramikversiegelung: Wie lange hält der Lackschutz wirklich? | Leasingauto zurückgeben – warum sich eine professionelle Aufbereitung wirklich lohnt | Softwareoptimierung Erfurt: Mehr Leistung und Effizienz für dein Fahrzeug | Motorwäsche | Leasingrückgabe Checkliste – So vermeiden Sie unnötige Kosten | Profi Keramikversiegelung – der ultimative Lackschutz für dein Fahrzeug | Oldtimer Aufbereitung Erfurt | Werterhalt & High-End Pflege | Motorradaufbereitung & Keramikschutz | Powertech Performance Benjamin | Professionelle Cabrioverdeck Imprägnierung & Reinigung | Powertech Performance | Lackkorrektur: Wofür ist das gut? | PowerTech Performance | 1-Step Politur erklärt – Glanz für den Autolack | 1-Step, 2-Step oder Lackkorrektur? Lackaufbereitung im Vergleich | Was kostet eine Auto Innenreinigung? | Keramikversiegelung vom Profi: Warum dein Fahrzeug mehr verdient als nur Standard-Pflege | Yacht- & Boot-Versiegelung: Maximaler Schutz gegen Salzwasser & Verwitterung | Keramik für Auto in Erfurt | Bis 50.000km Schutz & Glanz | Porsche Aufbereitung in Erfurt: Werterhalt & Perfektion für Ihren Sportwagen | Audi R8 Aufbereitung in Erfurt: High-End-Pflege & Werterhalt auf höchstem Niveau | Leasing-Rückgabe: So vermeiden Sie hohe Nachzahlungen | Professionelle Innenreinigung Auto in der Nähe | Keramikversiegelung fürs Auto: Glanz, Schutz & Werterhalt | Deine Privatsphäre ist uns wichtig | Cookie-Einstellungen;ja;;"[{""src"": ""/images/logo-klein.png"", ""alt"": ""Powertech Performance Logo"", ""loading"": """", ""width"": ""52"", ""height"": ""52""}, {""src"": ""/images/logo-klein.png"", ""alt"": ""Powertech Performance Logo"", ""loading"": """", ""width"": """", ""height"": """"}]";[];[];"[{""id"": """", ""heading"": ""Blog""}, {""id"": """", ""heading"": ""Wie oft sollte man sein Auto professionell aufbereiten lassen?""}]";1379;blog/index.html;200;https://www.powertech-performance.com/blog/;https://www.powertech-performance.com/blog/;"belegtes gleiches HTTP-Endziel; nur Seitenimpressionen";ja;"vermutet aus Seitenindex; Nebenkeywords sind Überschriftenthemen, keine Suchmessung"
https://powertech-performance.com/blog/innenreinigung-auto-in-der-naehe/;Blog / Ratgeber;Professionelle Innenreinigung Auto in der Nähe bei PowerTech Performance | Powertech Performance;Finde deine Innenreinigung Auto in der Nähe bei PowerTech Performance für erstklassige Pflege und Werterhalt deines Fahrzeugs.;Professionelle Innenreinigung Auto in der Nähe bei PowerTech Performance;Innenreinigung Auto in der Nähe;Innenreinigung Auto in der Nähe;Warum ist eine professionelle Innenreinigung so wichtig? | Wie findest du die beste Innenreinigung Auto in der Nähe? | Die Vorteile einer Innenreinigung bei PowerTech Performance;informativ / teilweise kommerziell;Innenraumreinigung;https://powertech-performance.com/blog/;https://powertech-performance.com/ | https://powertech-performance.com/blog/ | https://powertech-performance.com/pages/cookie-einstellungen.html | https://powertech-performance.com/pages/datenschutz.html | https://powertech-performance.com/pages/impressum.html | https://powertech-performance.com/pages/kontakt.html | https://powertech-performance.com/pages/seitenuebersicht.html;1;7;https://powertech-performance.com/blog/innenreinigung-auto-in-der-naehe/;"lokal index erlaubt; Google-Status unbekannt";"Live-Host www widerspricht Canonical ohne www | Nur eine verlinkende Seite | K4: hoch; gleiche lokale Leistungsintention | Link zu fehlendem Abschnitt";"Host-Signale vereinheitlichen; Kontextlinks ergänzen; Cluster-Intention prüfen";P1;;;;;;Warum ist eine professionelle Innenreinigung so wichtig? | Wie findest du die beste Innenreinigung Auto in der Nähe? | Die Vorteile einer Innenreinigung bei PowerTech Performance | Wie läuft eine Innenreinigung bei PowerTech Performance ab? | Warum regelmäßige Innenreinigung den Wert deines Autos erhält | Fazit: Innenreinigung Auto in der Nähe mit PowerTech Performance;Kostenlose Erstberatung | Unsere Leistungen | Jetzt Kontakt aufnehmen | Deine Privatsphäre ist uns wichtig | Cookie-Einstellungen;ja;;"[{""src"": ""/images/logo-klein.png"", ""alt"": ""Powertech Performance Logo"", ""loading"": """", ""width"": ""52"", ""height"": ""52""}, {""src"": ""/images/logo-klein.png"", ""alt"": ""Powertech Performance Logo"", ""loading"": """", ""width"": """", ""height"": """"}, {""src"": ""/images/logo-klein.png"", ""alt"": ""Powertech Performance Logo"", ""loading"": """", ""width"": """", ""height"": """"}]";[];[];[];667;blog/innenreinigung-auto-in-der-naehe/index.html;200;https://www.powertech-performance.com/blog/innenreinigung-auto-in-der-naehe/;;keine zugeordneten Messwerte;ja;"vermutet aus Seitenindex; Nebenkeywords sind Überschriftenthemen, keine Suchmessung"
https://powertech-performance.com/blog/keramik-fuer-auto-erfurt-vorteile-haltbarkeit/;Blog / Ratgeber;Keramik für Auto in Erfurt | Bis 50.000km Schutz & Glanz | Powertech Performance;Was bringt eine Keramik für das Auto? Benjamin von PowerTech Performance Erfurt erklärt Vorteile, Kosten und den Schutz bis 50.000km. Qualität ab 1.000 €.;Keramik für Auto in Erfurt | Bis 50.000km Schutz & Glanz;Keramik für Auto: Vorteile & Haltbarkeit;Keramik für Auto Erfurt;Keramik für das Auto: Lohnt sich die High-End-Versiegelung? | Was bewirkt eine Keramik für Ihr Auto? | Die Vorteile: Warum Sie sich für eine Keramik entscheiden sollten;informativ / teilweise kommerziell;Keramikversiegelung;https://powertech-performance.com/blog/;https://powertech-performance.com/ | https://powertech-performance.com/blog/ | https://powertech-performance.com/pages/cookie-einstellungen.html | https://powertech-performance.com/pages/datenschutz.html | https://powertech-performance.com/pages/impressum.html | https://powertech-performance.com/pages/kontakt.html | https://powertech-performance.com/pages/seitenuebersicht.html;1;7;https://powertech-performance.com/blog/keramik-fuer-auto-erfurt-vorteile-haltbarkeit/;"lokal index erlaubt; Google-Status unbekannt";"Live-Host www widerspricht Canonical ohne www | Nur eine verlinkende Seite | K3: hoch; breite Leistungsversprechen überlappen | Link zu fehlendem Abschnitt";"Host-Signale vereinheitlichen; Kontextlinks ergänzen; Cluster-Intention prüfen";P1;;;;;;Keramik für das Auto: Lohnt sich die High-End-Versiegelung? | Was bewirkt eine Keramik für Ihr Auto? | Die Vorteile: Warum Sie sich für eine Keramik entscheiden sollten | Qualität vom Profi in Erfurt: Warum Benjamin den Unterschied macht | Der Prozess: So kommt die Keramik auf Ihr Auto | Ihr Experte für Keramik-Versiegelungen in Erfurt;Kostenlose Erstberatung | Unsere Leistungen | Jetzt Kontakt aufnehmen | Deine Privatsphäre ist uns wichtig | Cookie-Einstellungen;ja;;"[{""src"": ""/images/logo-klein.png"", ""alt"": ""Powertech Performance Logo"", ""loading"": """", ""width"": ""52"", ""height"": ""52""}, {""src"": ""/images/logo-klein.png"", ""alt"": ""Powertech Performance Logo"", ""loading"": """", ""width"": """", ""height"": """"}, {""src"": ""/images/logo-klein.png"", ""alt"": ""Powertech Performance Logo"", ""loading"": """", ""width"": """", ""height"": """"}]";[];[];"[{""id"": """", ""heading"": ""Was bewirkt eine Keramik für Ihr Auto?""}, {""id"": """", ""heading"": ""Die Vorteile: Warum Sie sich für eine Keramik entscheiden sollten""}, {""id"": """", ""heading"": ""Qualität vom Profi in Erfurt: Warum Benjamin den Unterschied macht""}, {""id"": """", ""heading"": ""Der Prozess: So kommt die Keramik auf Ihr Auto""}, {""id"": """", ""heading"": ""Ihr Experte für Keramik-Versiegelungen in Erfurt""}]";458;blog/keramik-fuer-auto-erfurt-vorteile-haltbarkeit/index.html;200;https://www.powertech-performance.com/blog/keramik-fuer-auto-erfurt-vorteile-haltbarkeit/;;keine zugeordneten Messwerte;ja;"vermutet aus Seitenindex; Nebenkeywords sind Überschriftenthemen, keine Suchmessung"
https://powertech-performance.com/blog/keramikversiegelung-erfurt-high-end-lackschutz-powertech-performance/;Blog / Ratgeber;Keramikversiegelung in Erfurt: Exklusiver Lackschutz für maximalen Glanz | Powertech Performance;Dauerhafter Schutz & extremer Tiefenglanz für Ihr Auto. Entdecken Sie die professionelle Keramikversiegelung in Erfurt bei PowerTech Performance. Jetzt anfragen!;Keramikversiegelung in Erfurt: Exklusiver Lackschutz für maximalen Glanz;Keramikversiegelung Erfurt – High-End-Lackschutz;Keramikversiegelung Erfurt;Keramikversiegelung in Erfurt: Der unsichtbare Schutzschild für Ihr Fahrzeug | Was ist eine Keramikversiegelung und wie funktioniert sie? | Professionelles Detailing: Der Schlüssel zum perfekten Ergebnis;informativ / teilweise kommerziell;Keramikversiegelung;https://powertech-performance.com/blog/;https://powertech-performance.com/ | https://powertech-performance.com/blog/ | https://powertech-performance.com/pages/cookie-einstellungen.html | https://powertech-performance.com/pages/datenschutz.html | https://powertech-performance.com/pages/impressum.html | https://powertech-performance.com/pages/kontakt.html | https://powertech-performance.com/pages/seitenuebersicht.html;1;7;https://powertech-performance.com/blog/keramikversiegelung-erfurt-high-end-lackschutz-powertech-performance/;"lokal index erlaubt; Google-Status unbekannt";"Live-Host www widerspricht Canonical ohne www | Nur eine verlinkende Seite | K3: hoch; breite Leistungsversprechen überlappen | Link zu fehlendem Abschnitt";"Host-Signale vereinheitlichen; Kontextlinks ergänzen; Cluster-Intention prüfen";P1;;;;;;Keramikversiegelung in Erfurt: Der unsichtbare Schutzschild für Ihr Fahrzeug | Was ist eine Keramikversiegelung und wie funktioniert sie? | Professionelles Detailing: Der Schlüssel zum perfekten Ergebnis | Fahrzeugveredelung in Thüringen: Gönnen Sie Ihrem Auto das Beste | Bereit für den ultimativen Lackschutz?;Die unschlagbaren Vorteile auf einen Blick: | Kostenlose Erstberatung | Unsere Leistungen | Jetzt Kontakt aufnehmen | Deine Privatsphäre ist uns wichtig | Cookie-Einstellungen;ja;;"[{""src"": ""/images/logo-klein.png"", ""alt"": ""Powertech Performance Logo"", ""loading"": """", ""width"": ""52"", ""height"": ""52""}, {""src"": ""/images/logo-klein.png"", ""alt"": ""Powertech Performance Logo"", ""loading"": """", ""width"": """", ""height"": """"}, {""src"": ""/images/logo-klein.png"", ""alt"": ""Powertech Performance Logo"", ""loading"": """", ""width"": """", ""height"": """"}]";[];[];"[{""id"": """", ""heading"": ""Keramikversiegelung in Erfurt: Der unsichtbare Schutzschild für Ihr Fahrzeug""}, {""id"": """", ""heading"": """"}, {""id"": """", ""heading"": """"}, {""id"": """", ""heading"": """"}, {""id"": """", ""heading"": """"}, {""id"": """", ""heading"": """"}, {""id"": """", ""heading"": ""Bereit für den ultimativen Lackschutz?""}]";470;blog/keramikversiegelung-erfurt-high-end-lackschutz-powertech-performance/index.html;200;https://www.powertech-performance.com/blog/keramikversiegelung-erfurt-high-end-lackschutz-powertech-performance/;;keine zugeordneten Messwerte;ja;"vermutet aus Seitenindex; Nebenkeywords sind Überschriftenthemen, keine Suchmessung"
https://powertech-performance.com/blog/keramikversiegelung-profi-lackschutz/;Blog / Ratgeber;Keramikversiegelung vom Profi: Warum dein Fahrzeug mehr verdient als nur Standard-Pflege | Powertech Performance;Schütze dein Fahrzeug mit einer professionellen Keramikversiegelung von Powertech Performance. Benjamin erklärt die Vorteile von Lackschutz, Glanz und Werterhalt. Jetzt beraten lassen!;Keramikversiegelung vom Profi: Warum dein Fahrzeug mehr verdient als nur Standard-Pflege;Keramikversiegelung vom Profi;Keramikversiegelung Profi;Keramikversiegelung vom Profi: Der ultimative Schutz für dein Fahrzeug | Was ist eine Keramikversiegelung eigentlich? | Warum zum Profi und nicht DIY?;informativ / teilweise kommerziell;Keramikversiegelung;https://powertech-performance.com/blog/;https://powertech-performance.com/ | https://powertech-performance.com/blog/ | https://powertech-performance.com/pages/cookie-einstellungen.html | https://powertech-performance.com/pages/datenschutz.html | https://powertech-performance.com/pages/impressum.html | https://powertech-performance.com/pages/kontakt.html | https://powertech-performance.com/pages/seitenuebersicht.html;1;7;https://powertech-performance.com/blog/keramikversiegelung-profi-lackschutz/;"lokal index erlaubt; Google-Status unbekannt";"Live-Host www widerspricht Canonical ohne www | Nur eine verlinkende Seite | K3: hoch; breite Leistungsversprechen überlappen | Link zu fehlendem Abschnitt";"Host-Signale vereinheitlichen; Kontextlinks ergänzen; Cluster-Intention prüfen";P1;;;;;;Keramikversiegelung vom Profi: Der ultimative Schutz für dein Fahrzeug | Was ist eine Keramikversiegelung eigentlich? | Warum zum Profi und nicht DIY? | Innenraum-Schutz: Keramik hört außen nicht auf;Kostenlose Erstberatung | Unsere Leistungen | Jetzt Kontakt aufnehmen | Deine Privatsphäre ist uns wichtig | Cookie-Einstellungen;ja;;"[{""src"": ""/images/logo-klein.png"", ""alt"": ""Powertech Performance Logo"", ""loading"": """", ""width"": ""52"", ""height"": ""52""}, {""src"": ""/images/logo-klein.png"", ""alt"": ""Powertech Performance Logo"", ""loading"": """", ""width"": """", ""height"": """"}, {""src"": ""/images/logo-klein.png"", ""alt"": ""Powertech Performance Logo"", ""loading"": """", ""width"": """", ""height"": """"}]";[];[];[];230;blog/keramikversiegelung-profi-lackschutz/index.html;200;https://www.powertech-performance.com/blog/keramikversiegelung-profi-lackschutz/;;keine zugeordneten Messwerte;ja;"vermutet aus Seitenindex; Nebenkeywords sind Überschriftenthemen, keine Suchmessung"
https://powertech-performance.com/blog/lackierung-oldtimer-erfurt-lackaufbereitung-keramik/;Blog / Ratgeber;Was Ihr Oldtimer Ihnen verschweigt: Warum eine einfache Politur Ihren Klassiker ruinieren kann | Powertech Performance;Lackierung Oldtimer Erfurt, Lackaufbereitung Erfurt, Oldtimer Restauration Lack, Keramikversiegelung Oldtimer, PowerTech Performance, Autopflege Erfurt Klassiker, Werterhalt Oldtimer Thüringen;Was Ihr Oldtimer Ihnen verschweigt: Warum eine einfache Politur Ihren Klassiker ruinieren kann;Oldtimer-Lackpflege: Warum Politur den Lack ruinieren kann;Lackierung Oldtimer Erfurt;"Der schleichende Tod Ihres Investments | Die Illusion der Glätte: Lackaufbereitung vs. Lackierung Oldtimer Erfurt | Der ""Panzer"" aus Glas: Warum Keramik die einzige Antwort ist";informativ / teilweise kommerziell;Spezialfahrzeuge;https://powertech-performance.com/blog/;https://powertech-performance.com/ | https://powertech-performance.com/blog/ | https://powertech-performance.com/pages/cookie-einstellungen.html | https://powertech-performance.com/pages/datenschutz.html | https://powertech-performance.com/pages/impressum.html | https://powertech-performance.com/pages/kontakt.html | https://powertech-performance.com/pages/seitenuebersicht.html;1;7;https://powertech-performance.com/blog/lackierung-oldtimer-erfurt-lackaufbereitung-keramik/;"lokal index erlaubt; Google-Status unbekannt";Live-Host www widerspricht Canonical ohne www | Nur eine verlinkende Seite | Link zu fehlendem Abschnitt;"Host-Signale vereinheitlichen; Kontextlinks ergänzen; Cluster-Intention prüfen";P2;;;;;;"Der schleichende Tod Ihres Investments | Die Illusion der Glätte: Lackaufbereitung vs. Lackierung Oldtimer Erfurt | Der ""Panzer"" aus Glas: Warum Keramik die einzige Antwort ist | Das PowerTech-Versprechen in Erfurt | Handeln Sie, bevor der Rost das letzte Wort hat";JETZT ANRUFEN: Kostenlosen Besichtigungstermin vereinbaren | Kostenlose Erstberatung | Unsere Leistungen | Jetzt Kontakt aufnehmen | Deine Privatsphäre ist uns wichtig | Cookie-Einstellungen;ja;;"[{""src"": ""/images/logo-klein.png"", ""alt"": ""Powertech Performance Logo"", ""loading"": """", ""width"": ""52"", ""height"": ""52""}, {""src"": ""/images/logo-klein.png"", ""alt"": ""Powertech Performance Logo"", ""loading"": """", ""width"": """", ""height"": """"}, {""src"": ""/images/logo-klein.png"", ""alt"": ""Powertech Performance Logo"", ""loading"": """", ""width"": """", ""height"": """"}]";[];[];"[{""id"": """", ""heading"": ""Der schleichende Tod Ihres Investments""}, {""id"": """", ""heading"": ""Die Illusion der Glätte: Lackaufbereitung vs. Lackierung Oldtimer Erfurt""}, {""id"": """", ""heading"": ""Der \""Panzer\"" aus Glas: Warum Keramik die einzige Antwort ist""}, {""id"": """", ""heading"": ""Das PowerTech-Versprechen in Erfurt""}, {""id"": """", ""heading"": ""Handeln Sie, bevor der Rost das letzte Wort hat""}]";423;blog/lackierung-oldtimer-erfurt-lackaufbereitung-keramik/index.html;200;https://www.powertech-performance.com/blog/lackierung-oldtimer-erfurt-lackaufbereitung-keramik/;;keine zugeordneten Messwerte;ja;"vermutet aus Seitenindex; Nebenkeywords sind Überschriftenthemen, keine Suchmessung"
https://powertech-performance.com/blog/lackkorrektur-wofuer-gut-werterhalt/;Blog / Ratgeber;Lackkorrektur: Wofür ist das gut? | PowerTech Performance | Powertech Performance;Was bringt eine professionelle Lackkorrektur wirklich? Erfahren Sie alles über maximalen Tiefenglanz, Kratzerentfernung, Werterhalt und perfekten Lackschutz.;Lackkorrektur: Wofür ist das gut? | PowerTech Performance;Wofür ist eine Lackkorrektur gut;Lackkorrektur;Lackkorrektur: Wofür ist sie gut und wann lohnt sie sich? | Mehr als nur Glanz: Die Tiefenwirkung einer Lackkorrektur | Die wichtigsten Vorteile auf einen Blick;informativ / teilweise kommerziell;Lackaufbereitung;https://powertech-performance.com/blog/;https://powertech-performance.com/ | https://powertech-performance.com/blog/ | https://powertech-performance.com/pages/cookie-einstellungen.html | https://powertech-performance.com/pages/datenschutz.html | https://powertech-performance.com/pages/impressum.html | https://powertech-performance.com/pages/kontakt.html | https://powertech-performance.com/pages/seitenuebersicht.html;1;7;https://powertech-performance.com/blog/lackkorrektur-wofuer-gut-werterhalt/;"lokal index erlaubt; Google-Status unbekannt";Live-Host www widerspricht Canonical ohne www | Nur eine verlinkende Seite | Link zu fehlendem Abschnitt;"Host-Signale vereinheitlichen; Kontextlinks ergänzen; Cluster-Intention prüfen";P2;;;;;;Lackkorrektur: Wofür ist sie gut und wann lohnt sie sich? | Mehr als nur Glanz: Die Tiefenwirkung einer Lackkorrektur | Die wichtigsten Vorteile auf einen Blick | Wann ist eine Lackkorrektur sinnvoll? | Präzision im Detail: Der Ablauf beim Profi | Bereit für den perfekten Spiegelglanz?;Kostenlose Erstberatung | Unsere Leistungen | Jetzt Kontakt aufnehmen | Deine Privatsphäre ist uns wichtig | Cookie-Einstellungen;ja;;"[{""src"": ""/images/logo-klein.png"", ""alt"": ""Powertech Performance Logo"", ""loading"": """", ""width"": ""52"", ""height"": ""52""}, {""src"": ""/images/logo-klein.png"", ""alt"": ""Powertech Performance Logo"", ""loading"": """", ""width"": """", ""height"": """"}, {""src"": ""/images/logo-klein.png"", ""alt"": ""Powertech Performance Logo"", ""loading"": """", ""width"": """", ""height"": """"}]";[];[];"[{""id"": """", ""heading"": ""Lackkorrektur: Wofür ist sie gut und wann lohnt sie sich?""}, {""id"": """", ""heading"": ""Mehr als nur Glanz: Die Tiefenwirkung einer Lackkorrektur""}, {""id"": """", ""heading"": ""Die wichtigsten Vorteile auf einen Blick""}, {""id"": """", ""heading"": ""Wann ist eine Lackkorrektur sinnvoll?""}, {""id"": """", ""heading"": ""Präzision im Detail: Der Ablauf beim Profi""}, {""id"": """", ""heading"": ""Bereit für den perfekten Spiegelglanz?""}]";425;blog/lackkorrektur-wofuer-gut-werterhalt/index.html;200;https://www.powertech-performance.com/blog/lackkorrektur-wofuer-gut-werterhalt/;;keine zugeordneten Messwerte;ja;"vermutet aus Seitenindex; Nebenkeywords sind Überschriftenthemen, keine Suchmessung"
https://powertech-performance.com/blog/leasing-rueckgabe-aufbereitung-erfurt/;Blog / Ratgeber;Leasing-Rückgabe: So vermeiden Sie hohe Nachzahlungen | Powertech Performance;Hohe Nachzahlung bei Leasingrückgabe vermeiden? PowerTech Performance in Erfurt bereitet Ihr Auto professionell auf. Jetzt Termin vereinbaren & Geld sparen!;Leasing-Rückgabe: So vermeiden Sie hohe Nachzahlungen;Leasing-Rückgabe: Nachzahlungen vermeiden;Leasing-Rückgabe Aufbereitung;Das Problem: Normale Gebrauchsspuren oder Schaden? | Die Lösung: Professionelle Aufbereitung vor der Rückgabe | Ihr Experte in Erfurt: PowerTech Performance;informativ / teilweise kommerziell;Leasingrückgabe;https://powertech-performance.com/blog/;https://powertech-performance.com/ | https://powertech-performance.com/blog/ | https://powertech-performance.com/pages/cookie-einstellungen.html | https://powertech-performance.com/pages/datenschutz.html | https://powertech-performance.com/pages/impressum.html | https://powertech-performance.com/pages/kontakt.html | https://powertech-performance.com/pages/seitenuebersicht.html;1;7;https://powertech-performance.com/blog/leasing-rueckgabe-aufbereitung-erfurt/;"lokal index erlaubt; Google-Status unbekannt";"Live-Host www widerspricht Canonical ohne www | Nur eine verlinkende Seite | K6: mittel; ähnliche kommerzielle Intention | Link zu fehlendem Abschnitt";"Host-Signale vereinheitlichen; Kontextlinks ergänzen; Cluster-Intention prüfen";P1;;;;;;Das Problem: Normale Gebrauchsspuren oder Schaden? | Die Lösung: Professionelle Aufbereitung vor der Rückgabe | Ihr Experte in Erfurt: PowerTech Performance;Warum sich das lohnt: | Kontakt und Anfahrt | Kostenlose Erstberatung | Unsere Leistungen | Jetzt Kontakt aufnehmen | Deine Privatsphäre ist uns wichtig | Cookie-Einstellungen;ja;;"[{""src"": ""/images/logo-klein.png"", ""alt"": ""Powertech Performance Logo"", ""loading"": """", ""width"": ""52"", ""height"": ""52""}, {""src"": ""/images/logo-klein.png"", ""alt"": ""Powertech Performance Logo"", ""loading"": """", ""width"": """", ""height"": """"}, {""src"": ""/images/logo-klein.png"", ""alt"": ""Powertech Performance Logo"", ""loading"": """", ""width"": """", ""height"": """"}]";[];[];[];248;blog/leasing-rueckgabe-aufbereitung-erfurt/index.html;200;https://www.powertech-performance.com/blog/leasing-rueckgabe-aufbereitung-erfurt/;;keine zugeordneten Messwerte;ja;"vermutet aus Seitenindex; Nebenkeywords sind Überschriftenthemen, keine Suchmessung"
https://powertech-performance.com/blog/leasingauto-aufbereiten/;Blog / Ratgeber;Leasingauto zurückgeben – warum sich eine professionelle Aufbereitung wirklich lohnt | Powertech Performance;Leasingauto zurückgeben? Mit professioneller Aufbereitung vermeiden Sie teure Nachzahlungen bei der Leasingrückgabe. Jetzt informieren.;Leasingauto zurückgeben – warum sich eine professionelle Aufbereitung wirklich lohnt;Leasingauto zurückgeben – Aufbereitung lohnt sich;Leasingauto aufbereiten;Was wird bei der Leasingrückgabe geprüft? | Warum eine Aufbereitung günstiger ist als Nachzahlungen | Was beinhaltet eine Leasing-Aufbereitung?;informativ / teilweise kommerziell;Leasingrückgabe;https://powertech-performance.com/blog/;https://powertech-performance.com/ | https://powertech-performance.com/blog/ | https://powertech-performance.com/pages/cookie-einstellungen.html | https://powertech-performance.com/pages/datenschutz.html | https://powertech-performance.com/pages/impressum.html | https://powertech-performance.com/pages/kontakt.html | https://powertech-performance.com/pages/seitenuebersicht.html;1;7;https://powertech-performance.com/blog/leasingauto-aufbereiten/;"lokal index erlaubt; Google-Status unbekannt";"Live-Host www widerspricht Canonical ohne www | Nur eine verlinkende Seite | K6: mittel; ähnliche kommerzielle Intention | Link zu fehlendem Abschnitt";"Host-Signale vereinheitlichen; Kontextlinks ergänzen; Cluster-Intention prüfen";P1;;;;;;Was wird bei der Leasingrückgabe geprüft? | Warum eine Aufbereitung günstiger ist als Nachzahlungen | Was beinhaltet eine Leasing-Aufbereitung? | Wann sollte man das Leasingauto aufbereiten lassen? | Selbst reinigen oder Profi beauftragen? | Fazit: Kleine Investition, große Ersparnis;Außenaufbereitung | Innenaufbereitung | Kostenlose Erstberatung | Unsere Leistungen | Jetzt Kontakt aufnehmen | Deine Privatsphäre ist uns wichtig | Cookie-Einstellungen;ja;;"[{""src"": ""/images/logo-klein.png"", ""alt"": ""Powertech Performance Logo"", ""loading"": """", ""width"": ""52"", ""height"": ""52""}, {""src"": ""/images/logo-klein.png"", ""alt"": ""Powertech Performance Logo"", ""loading"": """", ""width"": """", ""height"": """"}, {""src"": ""/images/logo-klein.png"", ""alt"": ""Powertech Performance Logo"", ""loading"": """", ""width"": """", ""height"": """"}]";[];[];[];321;blog/leasingauto-aufbereiten/index.html;200;https://www.powertech-performance.com/blog/leasingauto-aufbereiten/;;keine zugeordneten Messwerte;ja;"vermutet aus Seitenindex; Nebenkeywords sind Überschriftenthemen, keine Suchmessung"
https://powertech-performance.com/blog/leasingrueckgabe-checkliste/;Blog / Ratgeber;Leasingrückgabe Checkliste – So vermeiden Sie unnötige Kosten | Powertech Performance;Leasingrückgabe leicht gemacht: Mit dieser Checkliste vermeiden Sie unnötige Kosten und geben Ihr Fahrzeug stressfrei zurück. Jetzt vorbereiten!;Leasingrückgabe Checkliste – So vermeiden Sie unnötige Kosten;Checkliste für die Leasingrückgabe;Leasingrückgabe Checkliste; | 1. Vertrag prüfen | 2. Fahrzeug gründlich reinigen;informativ / teilweise kommerziell;Leasingrückgabe;https://powertech-performance.com/blog/;https://powertech-performance.com/ | https://powertech-performance.com/blog/ | https://powertech-performance.com/pages/cookie-einstellungen.html | https://powertech-performance.com/pages/datenschutz.html | https://powertech-performance.com/pages/impressum.html | https://powertech-performance.com/pages/kontakt.html | https://powertech-performance.com/pages/seitenuebersicht.html;1;7;https://powertech-performance.com/blog/leasingrueckgabe-checkliste/;"lokal index erlaubt; Google-Status unbekannt";Live-Host www widerspricht Canonical ohne www | Nur eine verlinkende Seite | Link zu fehlendem Abschnitt;"Host-Signale vereinheitlichen; Kontextlinks ergänzen; Cluster-Intention prüfen";P2;;;;;; | 1. Vertrag prüfen | 2. Fahrzeug gründlich reinigen | 3. Schäden überprüfen | 4. Technik kontrollieren | 5. Service & Wartung | 6. Zubehör vollständig? | 7. Kilometerstand prüfen | 8. Übergabeprotokoll erstellen | Fazit;Kostenlose Erstberatung | Unsere Leistungen | Jetzt Kontakt aufnehmen | Deine Privatsphäre ist uns wichtig | Cookie-Einstellungen;ja;;"[{""src"": ""/images/logo-klein.png"", ""alt"": ""Powertech Performance Logo"", ""loading"": """", ""width"": ""52"", ""height"": ""52""}, {""src"": ""/images/logo-klein.png"", ""alt"": ""Powertech Performance Logo"", ""loading"": """", ""width"": """", ""height"": """"}, {""src"": ""/images/logo-klein.png"", ""alt"": ""Powertech Performance Logo"", ""loading"": """", ""width"": """", ""height"": """"}]";[];[];[];187;blog/leasingrueckgabe-checkliste/index.html;200;https://www.powertech-performance.com/blog/leasingrueckgabe-checkliste/;;keine zugeordneten Messwerte;ja;"vermutet aus Seitenindex; Nebenkeywords sind Überschriftenthemen, keine Suchmessung"
https://powertech-performance.com/blog/motorradaufbereitung-keramikversiegelung-experte/;Blog / Ratgeber;Motorradaufbereitung & Keramikschutz | Powertech Performance Benjamin | Powertech Performance;Bring dein Bike zum Strahlen! Benjamin von Powertech Performance bietet High-End Motorradaufbereitung, Lackkorrektur und Langzeit-Keramikversiegelung. Jetzt Termin anfragen!;Motorradaufbereitung & Keramikschutz | Powertech Performance Benjamin;Motorradaufbereitung & Keramikschutz;Motorradaufbereitung Keramikversiegelung;Glanz auf zwei Rädern: Warum dein Motorrad mehr als nur eine Wäsche verdient | Die Herausforderung: Warum ein Motorrad kein kleines Auto ist | Der Powertech-Prozess: Perfektion in jedem Schritt;informativ / teilweise kommerziell;Spezialfahrzeuge;https://powertech-performance.com/blog/;https://powertech-performance.com/ | https://powertech-performance.com/blog/ | https://powertech-performance.com/pages/cookie-einstellungen.html | https://powertech-performance.com/pages/datenschutz.html | https://powertech-performance.com/pages/impressum.html | https://powertech-performance.com/pages/kontakt.html | https://powertech-performance.com/pages/seitenuebersicht.html;1;7;https://powertech-performance.com/blog/motorradaufbereitung-keramikversiegelung-experte/;"lokal index erlaubt; Google-Status unbekannt";Live-Host www widerspricht Canonical ohne www | Nur eine verlinkende Seite | Link zu fehlendem Abschnitt;"Host-Signale vereinheitlichen; Kontextlinks ergänzen; Cluster-Intention prüfen";P2;;2;;;;Glanz auf zwei Rädern: Warum dein Motorrad mehr als nur eine Wäsche verdient | Die Herausforderung: Warum ein Motorrad kein kleines Auto ist | Der Powertech-Prozess: Perfektion in jedem Schritt | Das Highlight: Die Keramikversiegelung | Bereit für das nächste Level?;1. Die Tiefenreinigung (Kontaktlos & Manuell) | 2. Die Lackkorrektur (Politur) | 3. Die Veredelung der Oberflächen | Kostenlose Erstberatung | Unsere Leistungen | Jetzt Kontakt aufnehmen | Deine Privatsphäre ist uns wichtig | Cookie-Einstellungen;ja;;"[{""src"": ""/images/logo-klein.png"", ""alt"": ""Powertech Performance Logo"", ""loading"": """", ""width"": ""52"", ""height"": ""52""}, {""src"": ""/images/logo-klein.png"", ""alt"": ""Powertech Performance Logo"", ""loading"": """", ""width"": """", ""height"": """"}, {""src"": ""/images/logo-klein.png"", ""alt"": ""Powertech Performance Logo"", ""loading"": """", ""width"": """", ""height"": """"}]";[];[];"[{""id"": """", ""heading"": ""Die Herausforderung: Warum ein Motorrad kein kleines Auto ist""}, {""id"": """", ""heading"": ""Der Powertech-Prozess: Perfektion in jedem Schritt""}, {""id"": """", ""heading"": ""Das Highlight: Die Keramikversiegelung""}, {""id"": """", ""heading"": ""Bereit für das nächste Level?""}]";407;blog/motorradaufbereitung-keramikversiegelung-experte/index.html;200;https://www.powertech-performance.com/blog/motorradaufbereitung-keramikversiegelung-experte/;https://www.powertech-performance.com/blog/motorradaufbereitung-keramikversiegelung-experte/;"belegtes gleiches HTTP-Endziel; nur Seitenimpressionen";ja;"vermutet aus Seitenindex; Nebenkeywords sind Überschriftenthemen, keine Suchmessung"
https://powertech-performance.com/blog/motorwaesche-erfurt-vorteile-kosten/;Blog / Ratgeber;Motorwäsche | Powertech Performance;Gönnen Sie Ihrem Motor Profi-Pflege bei PowerTech Performance Erfurt. Schutz vor Korrosion, Werterhalt & saubere Technik. Jetzt Termin vereinbaren!;Motorwäsche;Motorwäsche: Vorteile & Kosten;Motorwäsche Erfurt;Motorwäsche: Warum sie für Ihr Fahrzeug überlebenswichtig ist | 1. Die unterschätzten Vorteile einer professionellen Reinigung | 2. Der Prozess bei PowerTech Performance;informativ / teilweise kommerziell;Motorraumwäsche;https://powertech-performance.com/blog/;https://powertech-performance.com/ | https://powertech-performance.com/blog/ | https://powertech-performance.com/pages/cookie-einstellungen.html | https://powertech-performance.com/pages/datenschutz.html | https://powertech-performance.com/pages/impressum.html | https://powertech-performance.com/pages/kontakt.html | https://powertech-performance.com/pages/seitenuebersicht.html;1;7;https://powertech-performance.com/blog/motorwaesche-erfurt-vorteile-kosten/;"lokal index erlaubt; Google-Status unbekannt";Live-Host www widerspricht Canonical ohne www | Nur eine verlinkende Seite | Link zu fehlendem Abschnitt;"Host-Signale vereinheitlichen; Kontextlinks ergänzen; Cluster-Intention prüfen";P2;;;;;;Motorwäsche: Warum sie für Ihr Fahrzeug überlebenswichtig ist | 1. Die unterschätzten Vorteile einer professionellen Reinigung | 2. Der Prozess bei PowerTech Performance | 3. Zeitaufwand und Investition | 4. FAQ – Häufig gestellte Fragen;Werterhalt und Prävention | Thermische Entlastung | Sicherheit durch Durchblick | Kontakt und Terminvereinbarung | Kostenlose Erstberatung | Unsere Leistungen | Jetzt Kontakt aufnehmen | Deine Privatsphäre ist uns wichtig | Cookie-Einstellungen;ja;;"[{""src"": ""/images/logo-klein.png"", ""alt"": ""Powertech Performance Logo"", ""loading"": """", ""width"": ""52"", ""height"": ""52""}, {""src"": ""/images/logo-klein.png"", ""alt"": ""Powertech Performance Logo"", ""loading"": """", ""width"": """", ""height"": """"}, {""src"": ""/images/logo-klein.png"", ""alt"": ""Powertech Performance Logo"", ""loading"": """", ""width"": """", ""height"": """"}]";[];[];[];450;blog/motorwaesche-erfurt-vorteile-kosten/index.html;200;https://www.powertech-performance.com/blog/motorwaesche-erfurt-vorteile-kosten/;;keine zugeordneten Messwerte;ja;"vermutet aus Seitenindex; Nebenkeywords sind Überschriftenthemen, keine Suchmessung"
https://powertech-performance.com/blog/oldtimer-aufbereitung-erfurt-wertschonende-pflege/;Blog / Ratgeber;Oldtimer Aufbereitung Erfurt | Werterhalt & High-End Pflege | Powertech Performance;Exklusive Oldtimer-Aufbereitung in Erfurt bei PowerTech Performance. Benjamin bewahrt die Patina & schützt den Originallack Ihres Klassikers. Werterhalt & Keramikschutz bis 50.000km ab 1.000 €. Jetzt anfragen!;Oldtimer Aufbereitung Erfurt | Werterhalt & High-End Pflege;Oldtimer-Aufbereitung: Werterhalt & Pflege;Oldtimer Aufbereitung Erfurt;Oldtimer Aufbereitung in Erfurt: Den Charme bewahren, den Wert steigern | Warum die Oldtimer-Aufbereitung bei PowerTech Performance? | Benjamin: Expertise für historische Schätze im Raum Erfurt;informativ / teilweise kommerziell;Spezialfahrzeuge;https://powertech-performance.com/blog/;https://powertech-performance.com/ | https://powertech-performance.com/blog/ | https://powertech-performance.com/pages/cookie-einstellungen.html | https://powertech-performance.com/pages/datenschutz.html | https://powertech-performance.com/pages/impressum.html | https://powertech-performance.com/pages/kontakt.html | https://powertech-performance.com/pages/seitenuebersicht.html;1;7;https://powertech-performance.com/blog/oldtimer-aufbereitung-erfurt-wertschonende-pflege/;"lokal index erlaubt; Google-Status unbekannt";Live-Host www widerspricht Canonical ohne www | Nur eine verlinkende Seite | Link zu fehlendem Abschnitt;"Host-Signale vereinheitlichen; Kontextlinks ergänzen; Cluster-Intention prüfen";P2;;1;;;;Oldtimer Aufbereitung in Erfurt: Den Charme bewahren, den Wert steigern | Warum die Oldtimer-Aufbereitung bei PowerTech Performance? | Benjamin: Expertise für historische Schätze im Raum Erfurt | Kein Platz für Billig-Pflege: Qualität ab 1.000 € | Modernster Schutz für klassische Formen: Keramik bis 50.000 km | Ihr Klassiker in Erfurter Meisterhand;Die Vorteile für Ihren Oldtimer: | Kostenlose Erstberatung | Unsere Leistungen | Jetzt Kontakt aufnehmen | Deine Privatsphäre ist uns wichtig | Cookie-Einstellungen;ja;;"[{""src"": ""/images/logo-klein.png"", ""alt"": ""Powertech Performance Logo"", ""loading"": """", ""width"": ""52"", ""height"": ""52""}, {""src"": ""/images/logo-klein.png"", ""alt"": ""Powertech Performance Logo"", ""loading"": """", ""width"": """", ""height"": """"}, {""src"": ""/images/logo-klein.png"", ""alt"": ""Powertech Performance Logo"", ""loading"": """", ""width"": """", ""height"": """"}]";[];[];"[{""id"": """", ""heading"": ""Warum die Oldtimer-Aufbereitung bei PowerTech Performance?""}, {""id"": """", ""heading"": ""Benjamin: Expertise für historische Schätze im Raum Erfurt""}, {""id"": """", ""heading"": ""Kein Platz für Billig-Pflege: Qualität ab 1.000 €""}, {""id"": """", ""heading"": ""Modernster Schutz für klassische Formen: Keramik bis 50.000 km""}, {""id"": """", ""heading"": ""Ihr Klassiker in Erfurter Meisterhand""}]";479;blog/oldtimer-aufbereitung-erfurt-wertschonende-pflege/index.html;200;https://www.powertech-performance.com/blog/oldtimer-aufbereitung-erfurt-wertschonende-pflege/;https://www.powertech-performance.com/blog/oldtimer-aufbereitung-erfurt-wertschonende-pflege/;"belegtes gleiches HTTP-Endziel; nur Seitenimpressionen";ja;"vermutet aus Seitenindex; Nebenkeywords sind Überschriftenthemen, keine Suchmessung"
https://powertech-performance.com/blog/porsche-aufbereitung-erfurt-keramikversiegelung-zertifiziert/;Blog / Ratgeber;Porsche Aufbereitung in Erfurt: Werterhalt & Perfektion für Ihren Sportwagen | Powertech Performance;Exklusive Porsche Aufbereitung in Erfurt bei PowerTech Performance. Benjamin ist Ihr zertifizierter Profi für 911, Taycan & Co. Lackkorrektur & Keramikschutz bis 50.000km. Werterhalt ab 1.000 €. Hier informieren!;Porsche Aufbereitung in Erfurt: Werterhalt & Perfektion für Ihren Sportwagen;Porsche Aufbereitung: Werterhalt & Perfektion;Porsche Aufbereitung Erfurt;Warum die Porsche Aufbereitung bei PowerTech Performance in Erfurt? | Benjamin: Zertifizierte Expertise, die im Raum Erfurt einzigartig ist | Investition in die Wertstabilität: Qualität statt Billig-Service;informativ / teilweise kommerziell;Spezialfahrzeuge;https://powertech-performance.com/blog/;https://powertech-performance.com/ | https://powertech-performance.com/blog/ | https://powertech-performance.com/pages/cookie-einstellungen.html | https://powertech-performance.com/pages/datenschutz.html | https://powertech-performance.com/pages/impressum.html | https://powertech-performance.com/pages/kontakt.html | https://powertech-performance.com/pages/seitenuebersicht.html;1;7;https://powertech-performance.com/blog/porsche-aufbereitung-erfurt-keramikversiegelung-zertifiziert/;"lokal index erlaubt; Google-Status unbekannt";Live-Host www widerspricht Canonical ohne www | Nur eine verlinkende Seite | Link zu fehlendem Abschnitt;"Host-Signale vereinheitlichen; Kontextlinks ergänzen; Cluster-Intention prüfen";P2;;;;;;Warum die Porsche Aufbereitung bei PowerTech Performance in Erfurt? | Benjamin: Zertifizierte Expertise, die im Raum Erfurt einzigartig ist | Investition in die Wertstabilität: Qualität statt Billig-Service | High-End Keramikversiegelung: Schutz bis zu 50.000 km | Ihr Porsche in den besten Händen;Ihre Vorteile auf einen Blick: | Kostenlose Erstberatung | Unsere Leistungen | Jetzt Kontakt aufnehmen | Deine Privatsphäre ist uns wichtig | Cookie-Einstellungen;ja;;"[{""src"": ""/images/logo-klein.png"", ""alt"": ""Powertech Performance Logo"", ""loading"": """", ""width"": ""52"", ""height"": ""52""}, {""src"": ""/images/logo-klein.png"", ""alt"": ""Powertech Performance Logo"", ""loading"": """", ""width"": """", ""height"": """"}, {""src"": ""/images/logo-klein.png"", ""alt"": ""Powertech Performance Logo"", ""loading"": """", ""width"": """", ""height"": """"}]";[];[];"[{""id"": """", ""heading"": ""Warum die Porsche Aufbereitung bei PowerTech Performance in Erfurt?""}, {""id"": """", ""heading"": ""Benjamin: Zertifizierte Expertise, die im Raum Erfurt einzigartig ist""}, {""id"": """", ""heading"": ""Investition in die Wertstabilität: Qualität statt Billig-Service""}, {""id"": """", ""heading"": ""High-End Keramikversiegelung: Schutz bis zu 50.000 km""}, {""id"": """", ""heading"": ""Ihr Porsche in den besten Händen""}]";406;blog/porsche-aufbereitung-erfurt-keramikversiegelung-zertifiziert/index.html;200;https://www.powertech-performance.com/blog/porsche-aufbereitung-erfurt-keramikversiegelung-zertifiziert/;;keine zugeordneten Messwerte;ja;"vermutet aus Seitenindex; Nebenkeywords sind Überschriftenthemen, keine Suchmessung"
https://powertech-performance.com/blog/professionelle-cabrioverdeck-impraegnierung-und-reinigung/;Blog / Ratgeber;Professionelle Cabrioverdeck Imprägnierung & Reinigung | Powertech Performance | Powertech Performance;Verlängern Sie die Lebensdauer Ihres Cabriodachs. Wir bieten fachgerechte Tiefenreinigung & High-End-Imprägnierung mit extremem Abperleffekt & UV-Schutz. Jetzt Termin sichern!;Professionelle Cabrioverdeck Imprägnierung & Reinigung | Powertech Performance;Cabrioverdeck Imprägnierung & Reinigung;Cabrioverdeck Imprägnierung;Professionelle Cabrioverdeck Imprägnierung | Mehr als nur Schutz – Eine Verjüngungskur für Ihr Cabrio | Warum Powertech Performance den Unterschied macht;informativ / teilweise kommerziell;Spezialfahrzeuge;https://powertech-performance.com/blog/;https://powertech-performance.com/ | https://powertech-performance.com/blog/ | https://powertech-performance.com/pages/cookie-einstellungen.html | https://powertech-performance.com/pages/datenschutz.html | https://powertech-performance.com/pages/impressum.html | https://powertech-performance.com/pages/kontakt.html | https://powertech-performance.com/pages/seitenuebersicht.html;1;7;https://powertech-performance.com/blog/professionelle-cabrioverdeck-impraegnierung-und-reinigung/;"lokal index erlaubt; Google-Status unbekannt";Live-Host www widerspricht Canonical ohne www | Nur eine verlinkende Seite | Link zu fehlendem Abschnitt;"Host-Signale vereinheitlichen; Kontextlinks ergänzen; Cluster-Intention prüfen";P2;;;;;;Professionelle Cabrioverdeck Imprägnierung | Mehr als nur Schutz – Eine Verjüngungskur für Ihr Cabrio | Warum Powertech Performance den Unterschied macht | Unser Premium-Service im Detail | Geben Sie Ihrem Cabrio das Beste.;1. Porentiefe Reinheit | 2. Hydrophobe Exzellenz | 3. UV-Stabilisatoren | Kostenlose Erstberatung | Unsere Leistungen | Jetzt Kontakt aufnehmen | Deine Privatsphäre ist uns wichtig | Cookie-Einstellungen;ja;;"[{""src"": ""/images/logo-klein.png"", ""alt"": ""Powertech Performance Logo"", ""loading"": """", ""width"": ""52"", ""height"": ""52""}, {""src"": ""/images/logo-klein.png"", ""alt"": ""Powertech Performance Logo"", ""loading"": """", ""width"": """", ""height"": """"}, {""src"": ""/images/logo-klein.png"", ""alt"": ""Powertech Performance Logo"", ""loading"": """", ""width"": """", ""height"": """"}]";[];[];"[{""id"": """", ""heading"": ""Professionelle Cabrioverdeck Imprägnierung""}]";312;blog/professionelle-cabrioverdeck-impraegnierung-und-reinigung/index.html;200;https://www.powertech-performance.com/blog/professionelle-cabrioverdeck-impraegnierung-und-reinigung/;;keine zugeordneten Messwerte;ja;"vermutet aus Seitenindex; Nebenkeywords sind Überschriftenthemen, keine Suchmessung"
https://powertech-performance.com/blog/professionelle-innenreinigung-auto-in-der-naehe/;Blog / Ratgeber;Professionelle Innenreinigung Auto in der Nähe | Powertech Performance;Entdecken Sie die Vorteile einer professionellen Innenreinigung Auto in der Nähe. Saubere Sitze, frischer Duft und Werterhalt für Ihr Fahrzeug.;Professionelle Innenreinigung Auto in der Nähe;Professionelle Innenreinigung Auto in der Nähe;Innenreinigung Auto in der Nähe;Warum eine gründliche Innenreinigung wichtig ist | Die Vorteile auf einen Blick | Mehr als nur saugen und wischen;informativ / teilweise kommerziell;Innenraumreinigung;https://powertech-performance.com/blog/;https://powertech-performance.com/ | https://powertech-performance.com/blog/ | https://powertech-performance.com/pages/cookie-einstellungen.html | https://powertech-performance.com/pages/datenschutz.html | https://powertech-performance.com/pages/impressum.html | https://powertech-performance.com/pages/kontakt.html | https://powertech-performance.com/pages/seitenuebersicht.html;1;7;https://powertech-performance.com/blog/professionelle-innenreinigung-auto-in-der-naehe/;"lokal index erlaubt; Google-Status unbekannt";"Live-Host www widerspricht Canonical ohne www | Nur eine verlinkende Seite | K4: hoch; gleiche lokale Leistungsintention | Link zu fehlendem Abschnitt";"Host-Signale vereinheitlichen; Kontextlinks ergänzen; Cluster-Intention prüfen";P1;;;;;;Warum eine gründliche Innenreinigung wichtig ist | Die Vorteile auf einen Blick | Mehr als nur saugen und wischen | Fazit;Kostenlose Erstberatung | Unsere Leistungen | Jetzt Kontakt aufnehmen | Deine Privatsphäre ist uns wichtig | Cookie-Einstellungen;ja;;"[{""src"": ""/images/logo-klein.png"", ""alt"": ""Powertech Performance Logo"", ""loading"": """", ""width"": ""52"", ""height"": ""52""}, {""src"": ""/images/logo-klein.png"", ""alt"": ""Powertech Performance Logo"", ""loading"": """", ""width"": """", ""height"": """"}, {""src"": ""/images/logo-klein.png"", ""alt"": ""Powertech Performance Logo"", ""loading"": """", ""width"": """", ""height"": """"}]";[];[];[];200;blog/professionelle-innenreinigung-auto-in-der-naehe/index.html;200;https://www.powertech-performance.com/blog/professionelle-innenreinigung-auto-in-der-naehe/;;keine zugeordneten Messwerte;ja;"vermutet aus Seitenindex; Nebenkeywords sind Überschriftenthemen, keine Suchmessung"
https://powertech-performance.com/blog/professionelle-keramikversiegelung-erfurt/;Blog / Ratgeber;Professionelle Keramikversiegelung – Maximaler Schutz für dein Fahrzeug | Powertech Performance;Professionelle Keramikversiegelung mit 2 Jahren oder 50.000 km Garantie. Maximaler Lackschutz, extremer Glanz. Jetzt Termin sichern;Professionelle Keramikversiegelung – Maximaler Schutz für dein Fahrzeug;Professionelle Keramikversiegelung mit Garantie;Professionelle Keramikversiegelung;Was ist eine professionelle Keramikversiegelung? | Warum eine professionelle Keramikversiegelung? | Unsere Garantie auf professionelle Keramikversiegelung;informativ / teilweise kommerziell;Keramikversiegelung;https://powertech-performance.com/blog/;https://powertech-performance.com/ | https://powertech-performance.com/blog/ | https://powertech-performance.com/pages/cookie-einstellungen.html | https://powertech-performance.com/pages/datenschutz.html | https://powertech-performance.com/pages/impressum.html | https://powertech-performance.com/pages/kontakt.html | https://powertech-performance.com/pages/seitenuebersicht.html;1;7;https://powertech-performance.com/blog/professionelle-keramikversiegelung-erfurt/;"lokal index erlaubt; Google-Status unbekannt";"Live-Host www widerspricht Canonical ohne www | Nur eine verlinkende Seite | K3: hoch; breite Leistungsversprechen überlappen | Link zu fehlendem Abschnitt";"Host-Signale vereinheitlichen; Kontextlinks ergänzen; Cluster-Intention prüfen";P1;;;;;;Was ist eine professionelle Keramikversiegelung? | Warum eine professionelle Keramikversiegelung? | Unsere Garantie auf professionelle Keramikversiegelung | Für wen lohnt sich eine professionelle Keramikversiegelung? | Der Ablauf einer professionellen Keramikversiegelung | Jetzt professionelle Keramikversiegelung sichern;Kostenlose Erstberatung | Unsere Leistungen | Jetzt Kontakt aufnehmen | Deine Privatsphäre ist uns wichtig | Cookie-Einstellungen;ja;;"[{""src"": ""/images/logo-klein.png"", ""alt"": ""Powertech Performance Logo"", ""loading"": """", ""width"": ""52"", ""height"": ""52""}, {""src"": ""/images/logo-klein.png"", ""alt"": ""Powertech Performance Logo"", ""loading"": """", ""width"": """", ""height"": """"}, {""src"": ""/images/logo-klein.png"", ""alt"": ""Powertech Performance Logo"", ""loading"": """", ""width"": """", ""height"": """"}]";[];[];[];332;blog/professionelle-keramikversiegelung-erfurt/index.html;200;https://www.powertech-performance.com/blog/professionelle-keramikversiegelung-erfurt/;;keine zugeordneten Messwerte;ja;"vermutet aus Seitenindex; Nebenkeywords sind Überschriftenthemen, keine Suchmessung"
https://powertech-performance.com/blog/profi-keramikversiegelung/;Blog / Ratgeber;Profi Keramikversiegelung – der ultimative Lackschutz für dein Fahrzeug | Powertech Performance;Profi Keramikversiegelung schützt dein Auto langfristig vor Kratzern, UV-Strahlung & Schmutz. PowerTech Performance – Perfektion für deinen Lack.;Profi Keramikversiegelung – der ultimative Lackschutz für dein Fahrzeug;Profi-Keramikversiegelung als Lackschutz;Profi Keramikversiegelung;Warum Keramikversiegelung der perfekte Schutz für dein Fahrzeug ist | Was ist eine Keramikversiegelung? | Die Vorteile einer professionellen Keramikversiegelung;informativ / teilweise kommerziell;Keramikversiegelung;https://powertech-performance.com/blog/;https://powertech-performance.com/ | https://powertech-performance.com/blog/ | https://powertech-performance.com/pages/cookie-einstellungen.html | https://powertech-performance.com/pages/datenschutz.html | https://powertech-performance.com/pages/impressum.html | https://powertech-performance.com/pages/kontakt.html | https://powertech-performance.com/pages/seitenuebersicht.html;1;7;https://powertech-performance.com/blog/profi-keramikversiegelung/;"lokal index erlaubt; Google-Status unbekannt";"Live-Host www widerspricht Canonical ohne www | Nur eine verlinkende Seite | K3: hoch; breite Leistungsversprechen überlappen | Link zu fehlendem Abschnitt";"Host-Signale vereinheitlichen; Kontextlinks ergänzen; Cluster-Intention prüfen";P1;;;;;;Warum Keramikversiegelung der perfekte Schutz für dein Fahrzeug ist | Was ist eine Keramikversiegelung? | Die Vorteile einer professionellen Keramikversiegelung | Warum PowerTech Performance? | Ablauf der Profi-Keramikversiegelung bei PowerTech Performance | Typische Fahrzeuge und Kunden für die Profi Keramikversiegelung | Keramikversiegelung vs. Wachs – der entscheidende Unterschied | Kontakt und Beratung bei PowerTech Performance;Kostenlose Erstberatung | Unsere Leistungen | Jetzt Kontakt aufnehmen | Deine Privatsphäre ist uns wichtig | Cookie-Einstellungen;ja;;"[{""src"": ""/images/logo-klein.png"", ""alt"": ""Powertech Performance Logo"", ""loading"": """", ""width"": ""52"", ""height"": ""52""}, {""src"": ""/images/logo-klein.png"", ""alt"": ""Powertech Performance Logo"", ""loading"": """", ""width"": """", ""height"": """"}, {""src"": ""/images/logo-klein.png"", ""alt"": ""Powertech Performance Logo"", ""loading"": """", ""width"": """", ""height"": """"}]";[];[];[];680;blog/profi-keramikversiegelung/index.html;200;https://www.powertech-performance.com/blog/profi-keramikversiegelung/;;keine zugeordneten Messwerte;ja;"vermutet aus Seitenindex; Nebenkeywords sind Überschriftenthemen, keine Suchmessung"
https://powertech-performance.com/blog/softwareoptimierung-dpf-off-erfurt/;Blog / Ratgeber;Professionelle Softwareoptimierung & DPF-Management | Powertech Performance;Professionelle Kennfeldoptimierung, Stage 1+2 & DPF Off in Erfurt. Benjamin Lemmer: Maximale Leistung & softwareseitige Deaktivierung für Motorsport & Export.;Professionelle Softwareoptimierung & DPF-Management;Softwareoptimierung & DPF-Management;DPF Off Erfurt;Benjamin Lemmer | Softwareoptimierung;informativ / teilweise kommerziell;AdBlue / SCR / DPF;https://powertech-performance.com/blog/;https://powertech-performance.com/ | https://powertech-performance.com/blog/ | https://powertech-performance.com/pages/cookie-einstellungen.html | https://powertech-performance.com/pages/datenschutz.html | https://powertech-performance.com/pages/impressum.html | https://powertech-performance.com/pages/kontakt.html | https://powertech-performance.com/pages/seitenuebersicht.html;1;7;https://powertech-performance.com/blog/softwareoptimierung-dpf-off-erfurt/;"lokal index erlaubt; Google-Status unbekannt";Live-Host www widerspricht Canonical ohne www | Nur eine verlinkende Seite | Link zu fehlendem Abschnitt;"Host-Signale vereinheitlichen; Kontextlinks ergänzen; Cluster-Intention prüfen";P2;;;;;;Benjamin Lemmer | Softwareoptimierung;Unsere Leistungen im Überblick: | Der technische Ablauf bei DPF-Deaktivierungen: | Kontakt & Terminvereinbarung | Kostenlose Erstberatung | Unsere Leistungen | Jetzt Kontakt aufnehmen | Deine Privatsphäre ist uns wichtig | Cookie-Einstellungen;ja;;"[{""src"": ""/images/logo-klein.png"", ""alt"": ""Powertech Performance Logo"", ""loading"": """", ""width"": ""52"", ""height"": ""52""}, {""src"": ""/images/logo-klein.png"", ""alt"": ""Powertech Performance Logo"", ""loading"": """", ""width"": """", ""height"": """"}, {""src"": ""/images/logo-klein.png"", ""alt"": ""Powertech Performance Logo"", ""loading"": """", ""width"": """", ""height"": """"}]";[];[];[];153;blog/softwareoptimierung-dpf-off-erfurt/index.html;200;https://www.powertech-performance.com/blog/softwareoptimierung-dpf-off-erfurt/;;keine zugeordneten Messwerte;ja;"vermutet aus Seitenindex; Nebenkeywords sind Überschriftenthemen, keine Suchmessung"
https://powertech-performance.com/blog/softwareoptimierung-erfurt/;Blog / Ratgeber;Softwareoptimierung Erfurt: Mehr Leistung und Effizienz für dein Fahrzeug | Powertech Performance;Entdecke die Vorteile der Softwareoptimierung Erfurt für mehr Leistung, Effizienz und Fahrspaß. Jetzt Termin zur Optimierung sichern!;Softwareoptimierung Erfurt: Mehr Leistung und Effizienz für dein Fahrzeug;Softwareoptimierung: Mehr Leistung & Effizienz;Softwareoptimierung Erfurt;Was ist eine Softwareoptimierung Erfurt und warum lohnt sie sich? | Vorteile und Ablauf einer Softwareoptimierung Erfurt | Unterschied zwischen Stage 1 und Stage 2 Optimierungen;informativ / teilweise kommerziell;Chiptuning;https://powertech-performance.com/blog/;https://powertech-performance.com/ | https://powertech-performance.com/blog/ | https://powertech-performance.com/pages/cookie-einstellungen.html | https://powertech-performance.com/pages/datenschutz.html | https://powertech-performance.com/pages/impressum.html | https://powertech-performance.com/pages/kontakt.html | https://powertech-performance.com/pages/seitenuebersicht.html;1;7;https://powertech-performance.com/blog/softwareoptimierung-erfurt/;"lokal index erlaubt; Google-Status unbekannt";"Live-Host www widerspricht Canonical ohne www | Nur eine verlinkende Seite | K2: hoch; gleiche kommerzielle Intention vermutet | Link zu fehlendem Abschnitt";"Host-Signale vereinheitlichen; Kontextlinks ergänzen; Cluster-Intention prüfen";P1;;;;;;Was ist eine Softwareoptimierung Erfurt und warum lohnt sie sich? | Vorteile und Ablauf einer Softwareoptimierung Erfurt | Unterschied zwischen Stage 1 und Stage 2 Optimierungen | AGR (Abgasrückführung) On/Off – Warum Kunden dies anfragen | Start-Stopp-Automatik deaktivieren – Wann macht das Sinn? | Öldruck-Anpassungen bei Leistungssteigerungen | Aufhebung oder Anpassung von Endgeschwindigkeits-Drosseln | Fazit: Warum du auf Softwareoptimierung Erfurt vertrauen solltest;Vorteile der Softwareoptimierung Erfurt im Überblick | Ablauf einer Softwareoptimierung Erfurt | Stage 1 Optimierung | Stage 2 Optimierung | Kostenlose Erstberatung | Unsere Leistungen | Jetzt Kontakt aufnehmen | Deine Privatsphäre ist uns wichtig | Cookie-Einstellungen;ja;;"[{""src"": ""/images/logo-klein.png"", ""alt"": ""Powertech Performance Logo"", ""loading"": """", ""width"": ""52"", ""height"": ""52""}, {""src"": ""/images/logo-klein.png"", ""alt"": ""Powertech Performance Logo"", ""loading"": """", ""width"": """", ""height"": """"}, {""src"": ""/images/logo-klein.png"", ""alt"": ""Powertech Performance Logo"", ""loading"": """", ""width"": """", ""height"": """"}]";[];[];[];905;blog/softwareoptimierung-erfurt/index.html;200;https://www.powertech-performance.com/blog/softwareoptimierung-erfurt/;;keine zugeordneten Messwerte;ja;"vermutet aus Seitenindex; Nebenkeywords sind Überschriftenthemen, keine Suchmessung"
https://powertech-performance.com/blog/was-kostet-eine-auto-reinigung/;Blog / Ratgeber;Was kostet eine Auto Innenreinigung? | Powertech Performance;Eine Auto Innenreinigung ist mehr als nur Sauberkeit – sie ist Werterhalt, Pflege und Komfort. Erfahre, warum hochwertige Aufbereitung keine Standardpreise kennt und jedes Fahrzeug ein individuelles Konzept verdient.;Was kostet eine Auto Innenreinigung?;Kosten einer Auto-Innenreinigung;was kostet Auto Innenreinigung;Warum eine pauschale Antwort nicht seriös ist | Welche Faktoren spielen eine Rolle? | Der Unterschied zwischen Standard und Premium;informativ / teilweise kommerziell;Innenraumreinigung;https://powertech-performance.com/blog/;https://powertech-performance.com/ | https://powertech-performance.com/blog/ | https://powertech-performance.com/pages/cookie-einstellungen.html | https://powertech-performance.com/pages/datenschutz.html | https://powertech-performance.com/pages/impressum.html | https://powertech-performance.com/pages/kontakt.html | https://powertech-performance.com/pages/seitenuebersicht.html;1;7;https://powertech-performance.com/blog/was-kostet-eine-auto-reinigung/;"lokal index erlaubt; Google-Status unbekannt";Live-Host www widerspricht Canonical ohne www | Nur eine verlinkende Seite | Link zu fehlendem Abschnitt;"Host-Signale vereinheitlichen; Kontextlinks ergänzen; Cluster-Intention prüfen";P2;;;;;;Warum eine pauschale Antwort nicht seriös ist | Welche Faktoren spielen eine Rolle? | Der Unterschied zwischen Standard und Premium | Investition statt Kosten | Fazit: Was kostet eine Auto Innenreinigung?;Kostenlose Erstberatung | Unsere Leistungen | Jetzt Kontakt aufnehmen | Deine Privatsphäre ist uns wichtig | Cookie-Einstellungen;ja;;"[{""src"": ""/images/logo-klein.png"", ""alt"": ""Powertech Performance Logo"", ""loading"": """", ""width"": ""52"", ""height"": ""52""}, {""src"": ""/images/logo-klein.png"", ""alt"": ""Powertech Performance Logo"", ""loading"": """", ""width"": """", ""height"": """"}, {""src"": ""/images/logo-klein.png"", ""alt"": ""Powertech Performance Logo"", ""loading"": """", ""width"": """", ""height"": """"}]";[];[];[];257;blog/was-kostet-eine-auto-reinigung/index.html;200;https://www.powertech-performance.com/blog/was-kostet-eine-auto-reinigung/;;keine zugeordneten Messwerte;ja;"vermutet aus Seitenindex; Nebenkeywords sind Überschriftenthemen, keine Suchmessung"
https://powertech-performance.com/blog/wie-lange-dauert-adblue-off/;Blog / Ratgeber;AdBlue Probleme dauerhaft lösen: Ablauf und Dauer der Software-Optimierung | Powertech Performance;Wie lange dauert eine AdBlue Deaktivierung? ⏱️ Erfahre alles über den Ablauf, die Zeitspanne von nur 1–2 Stunden und wie du Fehlermeldungen dauerhaft stoppst.;AdBlue Probleme dauerhaft lösen: Ablauf und Dauer der Software-Optimierung;Dauer der AdBlue-Deaktivierung;wie lange dauert AdBlue Off;AdBlue Deaktivierung: Dauer, Ablauf und wichtige Fakten im Überblick | Wie lange dauert AdBlue Off in der Praxis? | Warum das System so oft Probleme macht;informativ / teilweise kommerziell;AdBlue / SCR / DPF;https://powertech-performance.com/blog/;https://powertech-performance.com/ | https://powertech-performance.com/blog/ | https://powertech-performance.com/pages/cookie-einstellungen.html | https://powertech-performance.com/pages/datenschutz.html | https://powertech-performance.com/pages/impressum.html | https://powertech-performance.com/pages/kontakt.html | https://powertech-performance.com/pages/seitenuebersicht.html;1;7;https://powertech-performance.com/blog/wie-lange-dauert-adblue-off/;"lokal index erlaubt; Google-Status unbekannt";"Live-Host www widerspricht Canonical ohne www | Nur eine verlinkende Seite | K7: mittel; gemischte Informations-/Angebotsintention, widersprüchliche Positionierung | Link zu fehlendem Abschnitt";"Host-Signale vereinheitlichen; Kontextlinks ergänzen; Cluster-Intention prüfen";P1;;6;;;;AdBlue Deaktivierung: Dauer, Ablauf und wichtige Fakten im Überblick | Wie lange dauert AdBlue Off in der Praxis? | Warum das System so oft Probleme macht | Vorteile einer professionellen Software-Optimierung | Probleme mit AdBlue dauerhaft lösen?;Der genaue zeitliche Ablauf im Überblick: | Kostenlose Erstberatung | Unsere Leistungen | Jetzt Kontakt aufnehmen | Deine Privatsphäre ist uns wichtig | Cookie-Einstellungen;ja;;"[{""src"": ""/images/logo-klein.png"", ""alt"": ""Powertech Performance Logo"", ""loading"": """", ""width"": ""52"", ""height"": ""52""}, {""src"": ""/images/logo-klein.png"", ""alt"": ""Powertech Performance Logo"", ""loading"": """", ""width"": """", ""height"": """"}, {""src"": ""/images/logo-klein.png"", ""alt"": ""Powertech Performance Logo"", ""loading"": """", ""width"": """", ""height"": """"}]";[];[];[];371;blog/wie-lange-dauert-adblue-off/index.html;200;https://www.powertech-performance.com/blog/wie-lange-dauert-adblue-off/;https://www.powertech-performance.com/blog/wie-lange-dauert-adblue-off/;"belegtes gleiches HTTP-Endziel; nur Seitenimpressionen";ja;"vermutet aus Seitenindex; Nebenkeywords sind Überschriftenthemen, keine Suchmessung"
https://powertech-performance.com/blog/wie-oft-auto-aufbereiten-lassen.html;Blog / Ratgeber;Wie oft sollte man sein Auto professionell aufbereiten lassen? | Powertech Performance;Wie oft lohnt sich eine professionelle Autoaufbereitung wirklich? Benjamin Lemmer erklärt den passenden Rhythmus für Alltagsauto, Zweitwagen und Fahrzeuge vor dem Verkauf.;Wie oft sollte man sein Auto professionell aufbereiten lassen?;Empfohlener Rhythmus für Autoaufbereitung;wie oft Auto aufbereiten lassen;Der Unterschied zwischen Pflege und Aufbereitung | Der passende Rhythmus für Ihr Fahrzeug | Was passiert, wenn man zu lange wartet?;informativ / teilweise kommerziell;Autoaufbereitung;https://powertech-performance.com/blog/;https://powertech-performance.com/ | https://powertech-performance.com/blog/ | https://powertech-performance.com/pages/cookie-einstellungen.html | https://powertech-performance.com/pages/datenschutz.html | https://powertech-performance.com/pages/impressum.html | https://powertech-performance.com/pages/kontakt.html | https://powertech-performance.com/pages/seitenuebersicht.html;1;7;https://powertech-performance.com/blog/wie-oft-auto-aufbereiten-lassen.html;"lokal index erlaubt; Google-Status unbekannt";Live-Host www widerspricht Canonical ohne www | Nur eine verlinkende Seite | Link zu fehlendem Abschnitt;"Host-Signale vereinheitlichen; Kontextlinks ergänzen; Cluster-Intention prüfen";P2;;9;;;;Der Unterschied zwischen Pflege und Aufbereitung | Der passende Rhythmus für Ihr Fahrzeug | Was passiert, wenn man zu lange wartet? | Unser Fazit;Kostenlose Erstberatung | Unsere Leistungen | Neueste Artikel | Deine Privatsphäre ist uns wichtig | Cookie-Einstellungen;ja;;"[{""src"": ""/images/logo-klein.png"", ""alt"": ""Powertech Performance Logo"", ""loading"": """", ""width"": ""52"", ""height"": ""52""}, {""src"": ""/images/logo-klein.png"", ""alt"": ""Powertech Performance Logo"", ""loading"": """", ""width"": """", ""height"": """"}, {""src"": ""/images/logo-klein.png"", ""alt"": ""Powertech Performance Logo"", ""loading"": """", ""width"": """", ""height"": """"}]";[];[];[];315;blog/wie-oft-auto-aufbereiten-lassen.html;200;https://www.powertech-performance.com/blog/wie-oft-auto-aufbereiten-lassen.html;https://www.powertech-performance.com/blog/wie-oft-auto-aufbereiten-lassen.html;"belegtes gleiches HTTP-Endziel; nur Seitenimpressionen";ja;"vermutet aus Seitenindex; Nebenkeywords sind Überschriftenthemen, keine Suchmessung"
https://powertech-performance.com/chiptuning;Leistungs-/Landingpage;Chiptuning & Fahrzeugoptimierung in Erfurt | Powertech Performance;Professionelles Chiptuning in Erfurt: Stage 1 & 2, AdBlue-/AGR-Lösungen und Öldruck-Optimierung von Benjamin Lemmer.;Spüre die verborgene Kraft deines Motors – Chiptuning in Erfurt;Chiptuning & Fahrzeugoptimierung;Chiptuning Erfurt;Unsere Leistungen | Jetzt unverbindlich beraten lassen | Häufige Fragen;kommerziell / lokal;Chiptuning;https://powertech-performance.com/pages/seitenuebersicht.html;https://powertech-performance.com/ | https://powertech-performance.com/blog/ | https://powertech-performance.com/pages/cookie-einstellungen.html | https://powertech-performance.com/pages/datenschutz.html | https://powertech-performance.com/pages/impressum.html | https://powertech-performance.com/pages/kontakt.html | https://powertech-performance.com/pages/seitenuebersicht.html;1;7;https://powertech-performance.com/chiptuning;"lokal index erlaubt; Google-Status unbekannt";"Live-Host www widerspricht Canonical ohne www | Nur eine verlinkende Seite | Nur aus robots-gesperrter Seitenübersicht erreichbar | K2: hoch; gleiche kommerzielle Intention vermutet | Link zu fehlendem Abschnitt";"Host-Signale vereinheitlichen; Kontextlinks ergänzen; Cluster-Intention prüfen";P1;;;;;;Unsere Leistungen | Jetzt unverbindlich beraten lassen | Häufige Fragen;Stage 1 & 2 | AdBlue- und AGR | Oildruck | Deine Privatsphäre ist uns wichtig | Cookie-Einstellungen;ja;;"[{""src"": ""/images/logo-klein.png"", ""alt"": ""Powertech Performance Logo"", ""loading"": """", ""width"": ""52"", ""height"": ""52""}, {""src"": ""/images/logo-klein.png"", ""alt"": ""Powertech Performance Logo"", ""loading"": """", ""width"": """", ""height"": """"}]";[];[];"[{""id"": ""hero"", ""heading"": ""Spüre die verborgene Kraft deines Motors – Chiptuning in Erfurt""}, {""id"": ""leistungen"", ""heading"": ""Unsere Leistungen""}, {""id"": """", ""heading"": ""Jetzt unverbindlich beraten lassen""}, {""id"": ""faq"", ""heading"": ""Häufige Fragen""}]";433;chiptuning.html;200;https://www.powertech-performance.com/chiptuning;;keine zugeordneten Messwerte;ja;"vermutet aus Seitenindex; Nebenkeywords sind Überschriftenthemen, keine Suchmessung"
https://powertech-performance.com/eisenach;Einzugsgebietsseite;Autoaufbereitung Eisenach – Fahrzeugpflege & Werterhalt | Powertech Performance;Professionelle Autoaufbereitung für Eisenach: Glanz, Schutz und Werterhalt für Ihr Fahrzeug. Jetzt individuelles Angebot sichern.;Ihr Fahrzeug, unser Anspruch: Perfekte Autoaufbereitung für Eisenach;Autoaufbereitung Eisenach (Standort-Landingpage);Autoaufbereitung Eisenach;Weil jedes Auto eine Geschichte erzählt – und wir helfen, sie zu bewahren. | Hol dir den Glanz zurück – mit unserer Profi-Autoaufbereitung. | Über uns – Fahrzeugpflege auf höchstem Niveau mit Benjamin Lemmer;kommerziell / lokal;Einzugsgebiet;https://powertech-performance.com/pages/seitenuebersicht.html;https://powertech-performance.com/ | https://powertech-performance.com/blog/ | https://powertech-performance.com/pages/cookie-einstellungen.html | https://powertech-performance.com/pages/datenschutz.html | https://powertech-performance.com/pages/impressum.html | https://powertech-performance.com/pages/kontakt.html | https://powertech-performance.com/pages/seitenuebersicht.html;1;7;https://powertech-performance.com/eisenach;"lokal index erlaubt; Google-Status unbekannt";Live-Host www widerspricht Canonical ohne www | Nur eine verlinkende Seite | Nur aus robots-gesperrter Seitenübersicht erreichbar;"Host-Signale vereinheitlichen; Kontextlinks ergänzen; Cluster-Intention prüfen";P2;;;;;;Weil jedes Auto eine Geschichte erzählt – und wir helfen, sie zu bewahren. | Hol dir den Glanz zurück – mit unserer Profi-Autoaufbereitung. | Über uns – Fahrzeugpflege auf höchstem Niveau mit Benjamin Lemmer | Autoaufbereitung vom Feinsten – Glänzt. Schützt. Begeistert. | Häufig gestellte Fragen Fahrzeugaufbereitung;Lackversiegelung | Lackaufbereitung | Textilreinigung | Ozonbehandlung | Felgenreinigung | Fachberatung | Anfrage stellen | Auto vorstellen | Angebot erhalten | Ihr Ansprechpartner | Deine Privatsphäre ist uns wichtig | Cookie-Einstellungen;ja;;"[{""src"": ""/images/logo-klein.png"", ""alt"": ""Powertech Performance Logo"", ""loading"": """", ""width"": ""52"", ""height"": ""52""}, {""src"": ""/images/service-lackversiegelung.png"", ""alt"": ""Lackversiegelung"", ""loading"": ""lazy"", ""width"": """", ""height"": """"}, {""src"": ""/images/service-lackaufbereitung.png"", ""alt"": ""Lackaufbereitung"", ""loading"": ""lazy"", ""width"": """", ""height"": """"}, {""src"": ""/images/service-textilreinigung.png"", ""alt"": ""Textilreinigung"", ""loading"": ""lazy"", ""width"": """", ""height"": """"}, {""src"": ""/images/service-ozonbehandlung.png"", ""alt"": ""Ozonbehandlung"", ""loading"": ""lazy"", ""width"": """", ""height"": """"}, {""src"": ""/images/service-felgenreinigung.png"", ""alt"": ""Felgenreinigung"", ""loading"": ""lazy"", ""width"": """", ""height"": """"}, {""src"": ""/images/service-fachberatung.png"", ""alt"": ""Fachberatung"", ""loading"": ""lazy"", ""width"": """", ""height"": """"}, {""src"": ""/images/trust-fahrzeug.jpg"", ""alt"": ""Aufbereitetes Fahrzeug"", ""loading"": ""lazy"", ""width"": """", ""height"": """"}, {""src"": ""/images/benjamin-lemmer.jpg"", ""alt"": ""Benjamin Lemmer"", ""loading"": ""lazy"", ""width"": """", ""height"": """"}, {""src"": ""/images/galerie-1.jpg"", ""alt"": ""Fahrzeugaufbereitung – Referenzbild"", ""loading"": ""lazy"", ""width"": """", ""height"": """"}, {""src"": ""/images/galerie-2.jpg"", ""alt"": ""Fahrzeugaufbereitung – Referenzbild"", ""loading"": ""lazy"", ""width"": """", ""height"": """"}, {""src"": ""/images/galerie-3.jpg"", ""alt"": ""Fahrzeugaufbereitung – Referenzbild"", ""loading"": ""lazy"", ""width"": """", ""height"": """"}, {""src"": ""/images/galerie-4.jpg"", ""alt"": ""Fahrzeugaufbereitung – Referenzbild"", ""loading"": ""lazy"", ""width"": """", ""height"": """"}, {""src"": ""/images/logo-klein.png"", ""alt"": ""Powertech Performance Logo"", ""loading"": """", ""width"": """", ""height"": """"}, {""src"": ""/images/logo-klein.png"", ""alt"": ""Powertech Performance Logo"", ""loading"": """", ""width"": """", ""height"": """"}]";[];[];"[{""id"": ""hero"", ""heading"": ""Ihr Fahrzeug, unser Anspruch: Perfekte Autoaufbereitung für Eisenach""}, {""id"": ""leistungen"", ""heading"": ""Lackversiegelung""}, {""id"": """", ""heading"": ""Weil jedes Auto eine Geschichte erzählt – und wir helfen, sie zu bewahren.""}, {""id"": """", ""heading"": ""Hol dir den Glanz zurück – mit unserer Profi-Autoaufbereitung.""}, {""id"": """", ""heading"": ""Anfrage stellen""}, {""id"": ""ueber-uns"", ""heading"": ""Über uns – Fahrzeugpflege auf höchstem Niveau mit Benjamin Lemmer""}, {""id"": """", ""heading"": ""Autoaufbereitung vom Feinsten – Glänzt. Schützt. Begeistert.""}, {""id"": ""kontakt"", ""heading"": ""Ihr Ansprechpartner""}, {""id"": ""faq"", ""heading"": ""Häufig gestellte Fragen Fahrzeugaufbereitung""}]";1083;eisenach.html;200;https://www.powertech-performance.com/eisenach;;keine zugeordneten Messwerte;ja;"vermutet aus Seitenindex; Nebenkeywords sind Überschriftenthemen, keine Suchmessung"
https://powertech-performance.com/fahrzeugaufbereitung-aus-erfurt;Leistungs-/Landingpage;Fahrzeugaufbereitung aus Erfurt – Fahrzeugpflege & Werterhalt | Powertech Performance;Professionelle Autoaufbereitung in Erfurt: Glanz, Schutz und Werterhalt für Ihr Fahrzeug. Jetzt individuelles Angebot sichern.;Ihr Fahrzeug, unser Anspruch: Perfekte Autoaufbereitung in Erfurt;Fahrzeugaufbereitung Erfurt (Service-Landingpage);Fahrzeugaufbereitung Erfurt;Weil jedes Auto eine Geschichte erzählt – und wir helfen, sie zu bewahren. | Hol dir den Glanz zurück – mit unserer Profi-Autoaufbereitung. | Über uns – Fahrzeugpflege auf höchstem Niveau mit Benjamin Lemmer;kommerziell / lokal;Autoaufbereitung;https://powertech-performance.com/pages/seitenuebersicht.html;https://powertech-performance.com/ | https://powertech-performance.com/blog/ | https://powertech-performance.com/pages/cookie-einstellungen.html | https://powertech-performance.com/pages/datenschutz.html | https://powertech-performance.com/pages/impressum.html | https://powertech-performance.com/pages/kontakt.html | https://powertech-performance.com/pages/seitenuebersicht.html;1;7;https://powertech-performance.com/fahrzeugaufbereitung-aus-erfurt;"lokal index erlaubt; Google-Status unbekannt";"Live-Host www widerspricht Canonical ohne www | Nur eine verlinkende Seite | Nur aus robots-gesperrter Seitenübersicht erreichbar | K5: hoch; mehrere lokale Angebotsseiten";"Host-Signale vereinheitlichen; Kontextlinks ergänzen; Cluster-Intention prüfen";P1;;;;;;Weil jedes Auto eine Geschichte erzählt – und wir helfen, sie zu bewahren. | Hol dir den Glanz zurück – mit unserer Profi-Autoaufbereitung. | Über uns – Fahrzeugpflege auf höchstem Niveau mit Benjamin Lemmer | Autoaufbereitung vom Feinsten – Glänzt. Schützt. Begeistert. | Häufig gestellte Fragen Fahrzeugaufbereitung;Lackversiegelung | Lackaufbereitung | Textilreinigung | Ozonbehandlung | Felgenreinigung | Fachberatung | Anfrage stellen | Auto vorstellen | Angebot erhalten | Ihr Ansprechpartner | Deine Privatsphäre ist uns wichtig | Cookie-Einstellungen;ja;;"[{""src"": ""/images/logo-klein.png"", ""alt"": ""Powertech Performance Logo"", ""loading"": """", ""width"": ""52"", ""height"": ""52""}, {""src"": ""/images/service-lackversiegelung.png"", ""alt"": ""Lackversiegelung"", ""loading"": ""lazy"", ""width"": """", ""height"": """"}, {""src"": ""/images/service-lackaufbereitung.png"", ""alt"": ""Lackaufbereitung"", ""loading"": ""lazy"", ""width"": """", ""height"": """"}, {""src"": ""/images/service-textilreinigung.png"", ""alt"": ""Textilreinigung"", ""loading"": ""lazy"", ""width"": """", ""height"": """"}, {""src"": ""/images/service-ozonbehandlung.png"", ""alt"": ""Ozonbehandlung"", ""loading"": ""lazy"", ""width"": """", ""height"": """"}, {""src"": ""/images/service-felgenreinigung.png"", ""alt"": ""Felgenreinigung"", ""loading"": ""lazy"", ""width"": """", ""height"": """"}, {""src"": ""/images/service-fachberatung.png"", ""alt"": ""Fachberatung"", ""loading"": ""lazy"", ""width"": """", ""height"": """"}, {""src"": ""/images/trust-fahrzeug.jpg"", ""alt"": ""Aufbereitetes Fahrzeug"", ""loading"": ""lazy"", ""width"": """", ""height"": """"}, {""src"": ""/images/benjamin-lemmer.jpg"", ""alt"": ""Benjamin Lemmer"", ""loading"": ""lazy"", ""width"": """", ""height"": """"}, {""src"": ""/images/galerie-1.jpg"", ""alt"": ""Fahrzeugaufbereitung – Referenzbild"", ""loading"": ""lazy"", ""width"": """", ""height"": """"}, {""src"": ""/images/galerie-2.jpg"", ""alt"": ""Fahrzeugaufbereitung – Referenzbild"", ""loading"": ""lazy"", ""width"": """", ""height"": """"}, {""src"": ""/images/galerie-3.jpg"", ""alt"": ""Fahrzeugaufbereitung – Referenzbild"", ""loading"": ""lazy"", ""width"": """", ""height"": """"}, {""src"": ""/images/galerie-4.jpg"", ""alt"": ""Fahrzeugaufbereitung – Referenzbild"", ""loading"": ""lazy"", ""width"": """", ""height"": """"}, {""src"": ""/images/logo-klein.png"", ""alt"": ""Powertech Performance Logo"", ""loading"": """", ""width"": """", ""height"": """"}, {""src"": ""/images/logo-klein.png"", ""alt"": ""Powertech Performance Logo"", ""loading"": """", ""width"": """", ""height"": """"}]";[];[];"[{""id"": ""hero"", ""heading"": ""Ihr Fahrzeug, unser Anspruch: Perfekte Autoaufbereitung in Erfurt""}, {""id"": ""leistungen"", ""heading"": ""Lackversiegelung""}, {""id"": """", ""heading"": ""Weil jedes Auto eine Geschichte erzählt – und wir helfen, sie zu bewahren.""}, {""id"": """", ""heading"": ""Hol dir den Glanz zurück – mit unserer Profi-Autoaufbereitung.""}, {""id"": """", ""heading"": ""Anfrage stellen""}, {""id"": ""ueber-uns"", ""heading"": ""Über uns – Fahrzeugpflege auf höchstem Niveau mit Benjamin Lemmer""}, {""id"": """", ""heading"": ""Autoaufbereitung vom Feinsten – Glänzt. Schützt. Begeistert.""}, {""id"": ""kontakt"", ""heading"": ""Ihr Ansprechpartner""}, {""id"": ""faq"", ""heading"": ""Häufig gestellte Fragen Fahrzeugaufbereitung""}]";1083;fahrzeugaufbereitung-aus-erfurt.html;200;https://www.powertech-performance.com/fahrzeugaufbereitung-aus-erfurt;;keine zugeordneten Messwerte;ja;"vermutet aus Seitenindex; Nebenkeywords sind Überschriftenthemen, keine Suchmessung"
https://powertech-performance.com/gera;Einzugsgebietsseite;Autoaufbereitung Gera – Fahrzeugpflege & Werterhalt | Powertech Performance;Professionelle Autoaufbereitung für Gera: Glanz, Schutz und Werterhalt für Ihr Fahrzeug. Jetzt individuelles Angebot sichern.;Ihr Fahrzeug, unser Anspruch: Perfekte Autoaufbereitung für Gera;Autoaufbereitung Gera (Standort-Landingpage);Autoaufbereitung Gera;Weil jedes Auto eine Geschichte erzählt – und wir helfen, sie zu bewahren. | Hol dir den Glanz zurück – mit unserer Profi-Autoaufbereitung. | Über uns – Fahrzeugpflege auf höchstem Niveau mit Benjamin Lemmer;kommerziell / lokal;Einzugsgebiet;https://powertech-performance.com/pages/seitenuebersicht.html;https://powertech-performance.com/ | https://powertech-performance.com/blog/ | https://powertech-performance.com/pages/cookie-einstellungen.html | https://powertech-performance.com/pages/datenschutz.html | https://powertech-performance.com/pages/impressum.html | https://powertech-performance.com/pages/kontakt.html | https://powertech-performance.com/pages/seitenuebersicht.html;1;7;https://powertech-performance.com/gera;"lokal index erlaubt; Google-Status unbekannt";Live-Host www widerspricht Canonical ohne www | Nur eine verlinkende Seite | Nur aus robots-gesperrter Seitenübersicht erreichbar;"Host-Signale vereinheitlichen; Kontextlinks ergänzen; Cluster-Intention prüfen";P2;;;;;;Weil jedes Auto eine Geschichte erzählt – und wir helfen, sie zu bewahren. | Hol dir den Glanz zurück – mit unserer Profi-Autoaufbereitung. | Über uns – Fahrzeugpflege auf höchstem Niveau mit Benjamin Lemmer | Autoaufbereitung vom Feinsten – Glänzt. Schützt. Begeistert. | Häufig gestellte Fragen Fahrzeugaufbereitung;Lackversiegelung | Lackaufbereitung | Textilreinigung | Ozonbehandlung | Felgenreinigung | Fachberatung | Anfrage stellen | Auto vorstellen | Angebot erhalten | Ihr Ansprechpartner | Deine Privatsphäre ist uns wichtig | Cookie-Einstellungen;ja;;"[{""src"": ""/images/logo-klein.png"", ""alt"": ""Powertech Performance Logo"", ""loading"": """", ""width"": ""52"", ""height"": ""52""}, {""src"": ""/images/service-lackversiegelung.png"", ""alt"": ""Lackversiegelung"", ""loading"": ""lazy"", ""width"": """", ""height"": """"}, {""src"": ""/images/service-lackaufbereitung.png"", ""alt"": ""Lackaufbereitung"", ""loading"": ""lazy"", ""width"": """", ""height"": """"}, {""src"": ""/images/service-textilreinigung.png"", ""alt"": ""Textilreinigung"", ""loading"": ""lazy"", ""width"": """", ""height"": """"}, {""src"": ""/images/service-ozonbehandlung.png"", ""alt"": ""Ozonbehandlung"", ""loading"": ""lazy"", ""width"": """", ""height"": """"}, {""src"": ""/images/service-felgenreinigung.png"", ""alt"": ""Felgenreinigung"", ""loading"": ""lazy"", ""width"": """", ""height"": """"}, {""src"": ""/images/service-fachberatung.png"", ""alt"": ""Fachberatung"", ""loading"": ""lazy"", ""width"": """", ""height"": """"}, {""src"": ""/images/trust-fahrzeug.jpg"", ""alt"": ""Aufbereitetes Fahrzeug"", ""loading"": ""lazy"", ""width"": """", ""height"": """"}, {""src"": ""/images/benjamin-lemmer.jpg"", ""alt"": ""Benjamin Lemmer"", ""loading"": ""lazy"", ""width"": """", ""height"": """"}, {""src"": ""/images/galerie-1.jpg"", ""alt"": ""Fahrzeugaufbereitung – Referenzbild"", ""loading"": ""lazy"", ""width"": """", ""height"": """"}, {""src"": ""/images/galerie-2.jpg"", ""alt"": ""Fahrzeugaufbereitung – Referenzbild"", ""loading"": ""lazy"", ""width"": """", ""height"": """"}, {""src"": ""/images/galerie-3.jpg"", ""alt"": ""Fahrzeugaufbereitung – Referenzbild"", ""loading"": ""lazy"", ""width"": """", ""height"": """"}, {""src"": ""/images/galerie-4.jpg"", ""alt"": ""Fahrzeugaufbereitung – Referenzbild"", ""loading"": ""lazy"", ""width"": """", ""height"": """"}, {""src"": ""/images/logo-klein.png"", ""alt"": ""Powertech Performance Logo"", ""loading"": """", ""width"": """", ""height"": """"}, {""src"": ""/images/logo-klein.png"", ""alt"": ""Powertech Performance Logo"", ""loading"": """", ""width"": """", ""height"": """"}]";[];[];"[{""id"": ""hero"", ""heading"": ""Ihr Fahrzeug, unser Anspruch: Perfekte Autoaufbereitung für Gera""}, {""id"": ""leistungen"", ""heading"": ""Lackversiegelung""}, {""id"": """", ""heading"": ""Weil jedes Auto eine Geschichte erzählt – und wir helfen, sie zu bewahren.""}, {""id"": """", ""heading"": ""Hol dir den Glanz zurück – mit unserer Profi-Autoaufbereitung.""}, {""id"": """", ""heading"": ""Anfrage stellen""}, {""id"": ""ueber-uns"", ""heading"": ""Über uns – Fahrzeugpflege auf höchstem Niveau mit Benjamin Lemmer""}, {""id"": """", ""heading"": ""Autoaufbereitung vom Feinsten – Glänzt. Schützt. Begeistert.""}, {""id"": ""kontakt"", ""heading"": ""Ihr Ansprechpartner""}, {""id"": ""faq"", ""heading"": ""Häufig gestellte Fragen Fahrzeugaufbereitung""}]";1083;gera.html;200;https://www.powertech-performance.com/gera;;keine zugeordneten Messwerte;ja;"vermutet aus Seitenindex; Nebenkeywords sind Überschriftenthemen, keine Suchmessung"
https://powertech-performance.com/glosar;Glossar;Glossar – Autoaufbereitung in Erfurt | Powertech Performance;Alle wichtigen Begriffe rund um Autoaufbereitung, Keramikversiegelung und Fahrzeugpflege einfach erklärt.;Glossar – Autoaufbereitung in Erfurt;Glossar: Fachbegriffe Autoaufbereitung;Autoaufbereitung Glossar;Noch Fragen zu einem Begriff?;kommerziell / lokal;Autoaufbereitung;https://powertech-performance.com/pages/seitenuebersicht.html;https://powertech-performance.com/ | https://powertech-performance.com/blog/ | https://powertech-performance.com/pages/cookie-einstellungen.html | https://powertech-performance.com/pages/datenschutz.html | https://powertech-performance.com/pages/impressum.html | https://powertech-performance.com/pages/kontakt.html | https://powertech-performance.com/pages/seitenuebersicht.html;1;7;https://powertech-performance.com/glosar;"lokal index erlaubt; Google-Status unbekannt";Live-Host www widerspricht Canonical ohne www | Nur eine verlinkende Seite | Nur aus robots-gesperrter Seitenübersicht erreichbar | Link zu fehlendem Abschnitt;"Host-Signale vereinheitlichen; Kontextlinks ergänzen; Cluster-Intention prüfen";P2;;;;;;Noch Fragen zu einem Begriff?;Autoaufbereitung | Luxus-Aufbereitung | Keramikversiegelung | Lackversiegelung | Nanoversiegelung | Innenraumreinigung | Textilreinigung | Handwäsche | Lackaufbereitung | Politur | Hologramme | Swirls | Detailing | Werterhalt | Felgenreinigung | Scheibenversiegelung | Lederpflege | Geruchsentfernung | Softwareoptimierung | Deine Privatsphäre ist uns wichtig | Cookie-Einstellungen;ja;;"[{""src"": ""/images/logo-klein.png"", ""alt"": ""Powertech Performance Logo"", ""loading"": """", ""width"": ""52"", ""height"": ""52""}, {""src"": ""/images/logo-klein.png"", ""alt"": ""Powertech Performance Logo"", ""loading"": """", ""width"": """", ""height"": """"}]";[];[];"[{""id"": """", ""heading"": ""Glossar – Autoaufbereitung in Erfurt""}, {""id"": """", ""heading"": ""Autoaufbereitung""}, {""id"": """", ""heading"": ""Noch Fragen zu einem Begriff?""}]";272;glosar.html;200;https://www.powertech-performance.com/glosar;;keine zugeordneten Messwerte;ja;"vermutet aus Seitenindex; Nebenkeywords sind Überschriftenthemen, keine Suchmessung"
https://powertech-performance.com/googlef244febb7a81d9de.html;Verifizierungsdatei;;;;;;;kommerziell / lokal;Autoaufbereitung;;;0;0;;"Verifizierung; kein SEO-Ziel";kein Inhalts-SEO-Ziel;"Host-Signale vereinheitlichen; Indexierungssignale konsistent halten";P3;;;;;;;;nein;;[];[];[];[];2;googlef244febb7a81d9de.html;200;https://www.powertech-performance.com/googlef244febb7a81d9de.html;;keine zugeordneten Messwerte;nur Technik / kein Rankingziel;"vermutet aus Seitenindex; Nebenkeywords sind Überschriftenthemen, keine Suchmessung"
https://powertech-performance.com/gotha;Einzugsgebietsseite;Autoaufbereitung Gotha – Fahrzeugpflege & Werterhalt | Powertech Performance;Professionelle Autoaufbereitung für Gotha: Glanz, Schutz und Werterhalt für Ihr Fahrzeug. Jetzt individuelles Angebot sichern.;Ihr Fahrzeug, unser Anspruch: Perfekte Autoaufbereitung für Gotha;Autoaufbereitung Gotha (Standort-Landingpage);Autoaufbereitung Gotha;Weil jedes Auto eine Geschichte erzählt – und wir helfen, sie zu bewahren. | Hol dir den Glanz zurück – mit unserer Profi-Autoaufbereitung. | Über uns – Fahrzeugpflege auf höchstem Niveau mit Benjamin Lemmer;kommerziell / lokal;Einzugsgebiet;https://powertech-performance.com/pages/seitenuebersicht.html;https://powertech-performance.com/ | https://powertech-performance.com/blog/ | https://powertech-performance.com/pages/cookie-einstellungen.html | https://powertech-performance.com/pages/datenschutz.html | https://powertech-performance.com/pages/impressum.html | https://powertech-performance.com/pages/kontakt.html | https://powertech-performance.com/pages/seitenuebersicht.html;1;7;https://powertech-performance.com/gotha;"lokal index erlaubt; Google-Status unbekannt";Live-Host www widerspricht Canonical ohne www | Nur eine verlinkende Seite | Nur aus robots-gesperrter Seitenübersicht erreichbar;"Host-Signale vereinheitlichen; Kontextlinks ergänzen; Cluster-Intention prüfen";P2;;;;;;Weil jedes Auto eine Geschichte erzählt – und wir helfen, sie zu bewahren. | Hol dir den Glanz zurück – mit unserer Profi-Autoaufbereitung. | Über uns – Fahrzeugpflege auf höchstem Niveau mit Benjamin Lemmer | Autoaufbereitung vom Feinsten – Glänzt. Schützt. Begeistert. | Häufig gestellte Fragen Fahrzeugaufbereitung;Lackversiegelung | Lackaufbereitung | Textilreinigung | Ozonbehandlung | Felgenreinigung | Fachberatung | Anfrage stellen | Auto vorstellen | Angebot erhalten | Ihr Ansprechpartner | Deine Privatsphäre ist uns wichtig | Cookie-Einstellungen;ja;;"[{""src"": ""/images/logo-klein.png"", ""alt"": ""Powertech Performance Logo"", ""loading"": """", ""width"": ""52"", ""height"": ""52""}, {""src"": ""/images/service-lackversiegelung.png"", ""alt"": ""Lackversiegelung"", ""loading"": ""lazy"", ""width"": """", ""height"": """"}, {""src"": ""/images/service-lackaufbereitung.png"", ""alt"": ""Lackaufbereitung"", ""loading"": ""lazy"", ""width"": """", ""height"": """"}, {""src"": ""/images/service-textilreinigung.png"", ""alt"": ""Textilreinigung"", ""loading"": ""lazy"", ""width"": """", ""height"": """"}, {""src"": ""/images/service-ozonbehandlung.png"", ""alt"": ""Ozonbehandlung"", ""loading"": ""lazy"", ""width"": """", ""height"": """"}, {""src"": ""/images/service-felgenreinigung.png"", ""alt"": ""Felgenreinigung"", ""loading"": ""lazy"", ""width"": """", ""height"": """"}, {""src"": ""/images/service-fachberatung.png"", ""alt"": ""Fachberatung"", ""loading"": ""lazy"", ""width"": """", ""height"": """"}, {""src"": ""/images/trust-fahrzeug.jpg"", ""alt"": ""Aufbereitetes Fahrzeug"", ""loading"": ""lazy"", ""width"": """", ""height"": """"}, {""src"": ""/images/benjamin-lemmer.jpg"", ""alt"": ""Benjamin Lemmer"", ""loading"": ""lazy"", ""width"": """", ""height"": """"}, {""src"": ""/images/galerie-1.jpg"", ""alt"": ""Fahrzeugaufbereitung – Referenzbild"", ""loading"": ""lazy"", ""width"": """", ""height"": """"}, {""src"": ""/images/galerie-2.jpg"", ""alt"": ""Fahrzeugaufbereitung – Referenzbild"", ""loading"": ""lazy"", ""width"": """", ""height"": """"}, {""src"": ""/images/galerie-3.jpg"", ""alt"": ""Fahrzeugaufbereitung – Referenzbild"", ""loading"": ""lazy"", ""width"": """", ""height"": """"}, {""src"": ""/images/galerie-4.jpg"", ""alt"": ""Fahrzeugaufbereitung – Referenzbild"", ""loading"": ""lazy"", ""width"": """", ""height"": """"}, {""src"": ""/images/logo-klein.png"", ""alt"": ""Powertech Performance Logo"", ""loading"": """", ""width"": """", ""height"": """"}, {""src"": ""/images/logo-klein.png"", ""alt"": ""Powertech Performance Logo"", ""loading"": """", ""width"": """", ""height"": """"}]";[];[];"[{""id"": ""hero"", ""heading"": ""Ihr Fahrzeug, unser Anspruch: Perfekte Autoaufbereitung für Gotha""}, {""id"": ""leistungen"", ""heading"": ""Lackversiegelung""}, {""id"": """", ""heading"": ""Weil jedes Auto eine Geschichte erzählt – und wir helfen, sie zu bewahren.""}, {""id"": """", ""heading"": ""Hol dir den Glanz zurück – mit unserer Profi-Autoaufbereitung.""}, {""id"": """", ""heading"": ""Anfrage stellen""}, {""id"": ""ueber-uns"", ""heading"": ""Über uns – Fahrzeugpflege auf höchstem Niveau mit Benjamin Lemmer""}, {""id"": """", ""heading"": ""Autoaufbereitung vom Feinsten – Glänzt. Schützt. Begeistert.""}, {""id"": ""kontakt"", ""heading"": ""Ihr Ansprechpartner""}, {""id"": ""faq"", ""heading"": ""Häufig gestellte Fragen Fahrzeugaufbereitung""}]";1083;gotha.html;200;https://www.powertech-performance.com/gotha;;keine zugeordneten Messwerte;ja;"vermutet aus Seitenindex; Nebenkeywords sind Überschriftenthemen, keine Suchmessung"
https://powertech-performance.com/;Startseite;Autoaufbereitung Erfurt – Fahrzeugpflege & Werterhalt | Powertech Performance;Autoaufbereitung in Erfurt und im Umkreis von 150 km: Lackkorrektur, Keramikversiegelung, Innenraum-Detailing und Fahrzeugpflege von Powertech Performance.;Autoaufbereitung mit Tiefenglanz.;Startseite / Autoaufbereitung Erfurt Übersicht;Autoaufbereitung Erfurt;Keine Standardwäsche. Ein Finish, das zum Fahrzeug passt. | Jetzt mit echtem Bildpaar statt nur Abdunklung. | Raum Erfurt, Umkreis 150 km und darüber hinaus.;kommerziell / lokal;Autoaufbereitung;https://powertech-performance.com/adblue-service | https://powertech-performance.com/ads | https://powertech-performance.com/anfrage-danke | https://powertech-performance.com/blog/ | https://powertech-performance.com/blog/1-step-2-step-oder-lackkorrektur-lackaufbereitung-im-vergleich/ | https://powertech-performance.com/blog/1-step-politur-erklaert/ | https://powertech-performance.com/blog/adblue-deaktivieren-vor-nachteile-wahrheit/ | https://powertech-performance.com/blog/adblue-deaktivierung/ | https://powertech-performance.com/blog/audi-r8-aufbereitung-erfurt-keramikversiegelung/ | https://powertech-performance.com/blog/aufbereiter-vs-detailer-unterschied/ | https://powertech-performance.com/blog/auto-selber-waschen-erfurt/ | https://powertech-performance.com/blog/blog-keramikversiegelung/ | https://powertech-performance.com/blog/boot-aufbereitung-keramikversiegelung-marine/ | https://powertech-performance.com/blog/chiptuning-raum-erfurt/ | https://powertech-performance.com/blog/chiptuning-raumerfurt/ | https://powertech-performance.com/blog/fahrzeugaufbereitung-erfurt/ | https://powertech-performance.com/blog/flugzeugaufbereitung-innenreinigung-erfurt/ | https://powertech-performance.com/blog/haltbarkeit-keramikversiegelung-lackschutz/ | https://powertech-performance.com/blog/harte-und-weiche-autolacke-der-geheime-schlssel-zur-perfekten-lackaufbereitung-2/ | https://powertech-performance.com/blog/harte-und-weiche-autolacke-der-geheime-schlssel-zur-perfekten-lackaufbereitung/ | https://powertech-performance.com/blog/harte-weiche-autolacke-lackaufbereitung/ | https://powertech-performance.com/blog/innenreinigung-auto-in-der-naehe/ | https://powertech-performance.com/blog/keramik-fuer-auto-erfurt-vorteile-haltbarkeit/ | https://powertech-performance.com/blog/keramikversiegelung-erfurt-high-end-lackschutz-powertech-performance/ | https://powertech-performance.com/blog/keramikversiegelung-profi-lackschutz/ | https://powertech-performance.com/blog/lackierung-oldtimer-erfurt-lackaufbereitung-keramik/ | https://powertech-performance.com/blog/lackkorrektur-wofuer-gut-werterhalt/ | https://powertech-performance.com/blog/leasing-rueckgabe-aufbereitung-erfurt/ | https://powertech-performance.com/blog/leasingauto-aufbereiten/ | https://powertech-performance.com/blog/leasingrueckgabe-checkliste/ | https://powertech-performance.com/blog/motorradaufbereitung-keramikversiegelung-experte/ | https://powertech-performance.com/blog/motorwaesche-erfurt-vorteile-kosten/ | https://powertech-performance.com/blog/oldtimer-aufbereitung-erfurt-wertschonende-pflege/ | https://powertech-performance.com/blog/porsche-aufbereitung-erfurt-keramikversiegelung-zertifiziert/ | https://powertech-performance.com/blog/professionelle-cabrioverdeck-impraegnierung-und-reinigung/ | https://powertech-performance.com/blog/professionelle-innenreinigung-auto-in-der-naehe/ | https://powertech-performance.com/blog/professionelle-keramikversiegelung-erfurt/ | https://powertech-performance.com/blog/profi-keramikversiegelung/ | https://powertech-performance.com/blog/softwareoptimierung-dpf-off-erfurt/ | https://powertech-performance.com/blog/softwareoptimierung-erfurt/ | https://powertech-performance.com/blog/was-kostet-eine-auto-reinigung/ | https://powertech-performance.com/blog/wie-lange-dauert-adblue-off/ | https://powertech-performance.com/blog/wie-oft-auto-aufbereiten-lassen.html | https://powertech-performance.com/chiptuning | https://powertech-performance.com/eisenach | https://powertech-performance.com/fahrzeugaufbereitung-aus-erfurt | https://powertech-performance.com/gera | https://powertech-performance.com/glosar | https://powertech-performance.com/gotha | https://powertech-performance.com/jena | https://powertech-performance.com/luxus-aufbereitung | https://powertech-performance.com/nordhausen | https://powertech-performance.com/online-termin-buchen | https://powertech-performance.com/pages/agb.html | https://powertech-performance.com/pages/cookie-einstellungen.html | https://powertech-performance.com/pages/datenschutz.html | https://powertech-performance.com/pages/impressum.html | https://powertech-performance.com/pages/kontakt.html | https://powertech-performance.com/pages/seitenuebersicht.html | https://powertech-performance.com/suhl;https://powertech-performance.com/pages/cookie-einstellungen.html | https://powertech-performance.com/pages/datenschutz.html | https://powertech-performance.com/pages/impressum.html;60;3;https://powertech-performance.com/;"lokal index erlaubt; Google-Status unbekannt";"Live-Host www widerspricht Canonical ohne www | K5: hoch; mehrere lokale Angebotsseiten";"Host-Signale vereinheitlichen; Kontextlinks ergänzen; Cluster-Intention prüfen";P1;;130;;;;Keine Standardwäsche. Ein Finish, das zum Fahrzeug passt. | Jetzt mit echtem Bildpaar statt nur Abdunklung. | Raum Erfurt, Umkreis 150 km und darüber hinaus. | Kundenfeedback, direkt aus dem Chat. | Einfach anfragen, sauber abstimmen, starkes Ergebnis abholen. | Bereit für den neuen Look?;Lackkorrektur | Keramikversiegelung | Innenraumreinigung | Lederpflege & Pinselarbeit | Cockpit & Leasing | Felgenreinigung & Versiegelung | Trockeneisreinigung | Motorraumwäsche | Mehrstufiges Finish | Anfrage | Beratung | Aufbereitung | Abholung | Deine Privatsphäre ist uns wichtig | Cookie-Einstellungen;ja;;"[{""src"": ""/images/logo-klein.png"", ""alt"": ""Powertech Performance Logo"", ""loading"": """", ""width"": ""48"", ""height"": ""48""}, {""src"": ""/images/home2-slider-after.png"", ""alt"": """", ""loading"": """", ""width"": """", ""height"": """"}, {""src"": ""/images/home2-slider-before.png"", ""alt"": ""KI-generiertes Vorher-Bild eines matten, verschmutzten Fahrzeugs"", ""loading"": ""lazy"", ""width"": """", ""height"": """"}, {""src"": ""/images/home2-slider-after.png"", ""alt"": ""KI-generiertes Nachher-Bild eines professionell aufbereiteten Fahrzeugs"", ""loading"": ""lazy"", ""width"": """", ""height"": """"}, {""src"": ""/images/iphone-testimonial-frame.png"", ""alt"": """", ""loading"": ""lazy"", ""width"": ""941"", ""height"": ""1672""}, {""src"": ""/images/testimonial-chat-keramikversiegelung.webp"", ""alt"": ""Chatverlauf mit Kundenfeedback zur Keramikversiegelung"", ""loading"": ""lazy"", ""width"": ""941"", ""height"": ""1672""}, {""src"": ""/images/testimonial-chat-fahrzeugaufbereitung.webp"", ""alt"": ""Chatverlauf mit Kundenfeedback zur Fahrzeugaufbereitung"", ""loading"": ""lazy"", ""width"": ""941"", ""height"": ""1672""}, {""src"": ""/images/testimonial-chat-fahrzeugfinish.webp"", ""alt"": ""Chatverlauf mit Kundenfeedback zum Fahrzeugfinish"", ""loading"": ""lazy"", ""width"": ""941"", ""height"": ""1672""}, {""src"": ""/images/testimonial-chat-innenraumreinigung.webp"", ""alt"": ""Chatverlauf mit Kundenfeedback zur Innenraumreinigung"", ""loading"": ""lazy"", ""width"": ""941"", ""height"": ""1672""}, {""src"": ""/images/testimonial-chat-aufbereitung.webp"", ""alt"": ""Chatverlauf mit Kundenfeedback zur Aufbereitung"", ""loading"": ""lazy"", ""width"": ""941"", ""height"": ""1672""}, {""src"": ""/images/testimonial-chat-lackpflege.webp"", ""alt"": ""Chatverlauf mit Kundenfeedback zur Lackpflege"", ""loading"": ""lazy"", ""width"": ""941"", ""height"": ""1672""}, {""src"": ""/images/testimonial-chat-autoaufbereitung.webp"", ""alt"": ""Chatverlauf mit Kundenfeedback zur Autoaufbereitung"", ""loading"": ""lazy"", ""width"": ""941"", ""height"": ""1672""}, {""src"": ""/images/benjamin-lemmer.jpg"", ""alt"": ""Benjamin Lemmer"", ""loading"": ""lazy"", ""width"": """", ""height"": """"}, {""src"": ""/images/logo-klein.png"", ""alt"": ""Powertech Performance Logo"", ""loading"": """", ""width"": ""44"", ""height"": ""44""}]";"[{""label"": ""Lackkorrektur mit Poliermaschine"", ""classes"": [""service-media"", ""service-1""]}, {""label"": ""Keramikversiegelung auf Fahrzeuglack"", ""classes"": [""service-media"", ""service-2""]}, {""label"": ""Sauberer Innenraum nach Aufbereitung"", ""classes"": [""service-media"", ""service-3""]}, {""label"": ""Detailpinsel bei Lederpflege und Kunststoffreinigung"", ""classes"": [""service-media"", ""service-4""]}, {""label"": ""Cockpit Aufbereitung für Leasingfahrzeuge"", ""classes"": [""service-media"", ""service-5""]}, {""label"": ""Felgenreinigung und Felgenversiegelung"", ""classes"": [""service-media"", ""service-6""]}, {""label"": ""Trockeneisreinigung am Fahrzeugunterboden"", ""classes"": [""service-media"", ""service-7""]}, {""label"": ""Motorraumwäsche und Motorraumdetails"", ""classes"": [""service-media"", ""service-8""]}, {""label"": ""Mehrstufige Lackaufbereitung bis zum Finish"", ""classes"": [""service-media"", ""service-9""]}]";[];"[{""id"": ""top"", ""heading"": ""Autoaufbereitung mit Tiefenglanz.""}, {""id"": """", ""heading"": """"}, {""id"": ""leistungen"", ""heading"": ""Keine Standardwäsche. Ein Finish, das zum Fahrzeug passt.""}, {""id"": ""finish"", ""heading"": ""Jetzt mit echtem Bildpaar statt nur Abdunklung.""}, {""id"": ""standort"", ""heading"": ""Raum Erfurt, Umkreis 150 km und darüber hinaus.""}, {""id"": ""referenzen"", ""heading"": ""Kundenfeedback, direkt aus dem Chat.""}, {""id"": ""ablauf"", ""heading"": ""Einfach anfragen, sauber abstimmen, starkes Ergebnis abholen.""}, {""id"": ""kontakt"", ""heading"": ""Bereit für den neuen Look?""}]";511;index.html;200;https://www.powertech-performance.com/;https://www.powertech-performance.com/;"belegtes gleiches HTTP-Endziel; nur Seitenimpressionen";ja;"vermutet aus Seitenindex; Nebenkeywords sind Überschriftenthemen, keine Suchmessung"
https://powertech-performance.com/jena;Einzugsgebietsseite;Autoaufbereitung Jena – Fahrzeugpflege & Werterhalt | Powertech Performance;Professionelle Autoaufbereitung für Jena: Glanz, Schutz und Werterhalt für Ihr Fahrzeug. Jetzt individuelles Angebot sichern.;Ihr Fahrzeug, unser Anspruch: Perfekte Autoaufbereitung für Jena;Autoaufbereitung Jena (Standort-Landingpage);Autoaufbereitung Jena;Weil jedes Auto eine Geschichte erzählt – und wir helfen, sie zu bewahren. | Hol dir den Glanz zurück – mit unserer Profi-Autoaufbereitung. | Über uns – Fahrzeugpflege auf höchstem Niveau mit Benjamin Lemmer;kommerziell / lokal;Einzugsgebiet;https://powertech-performance.com/pages/seitenuebersicht.html;https://powertech-performance.com/ | https://powertech-performance.com/blog/ | https://powertech-performance.com/pages/cookie-einstellungen.html | https://powertech-performance.com/pages/datenschutz.html | https://powertech-performance.com/pages/impressum.html | https://powertech-performance.com/pages/kontakt.html | https://powertech-performance.com/pages/seitenuebersicht.html;1;7;https://powertech-performance.com/jena;"lokal index erlaubt; Google-Status unbekannt";Live-Host www widerspricht Canonical ohne www | Nur eine verlinkende Seite | Nur aus robots-gesperrter Seitenübersicht erreichbar;"Host-Signale vereinheitlichen; Kontextlinks ergänzen; Cluster-Intention prüfen";P2;;;;;;Weil jedes Auto eine Geschichte erzählt – und wir helfen, sie zu bewahren. | Hol dir den Glanz zurück – mit unserer Profi-Autoaufbereitung. | Über uns – Fahrzeugpflege auf höchstem Niveau mit Benjamin Lemmer | Autoaufbereitung vom Feinsten – Glänzt. Schützt. Begeistert. | Häufig gestellte Fragen Fahrzeugaufbereitung;Lackversiegelung | Lackaufbereitung | Textilreinigung | Ozonbehandlung | Felgenreinigung | Fachberatung | Anfrage stellen | Auto vorstellen | Angebot erhalten | Ihr Ansprechpartner | Deine Privatsphäre ist uns wichtig | Cookie-Einstellungen;ja;;"[{""src"": ""/images/logo-klein.png"", ""alt"": ""Powertech Performance Logo"", ""loading"": """", ""width"": ""52"", ""height"": ""52""}, {""src"": ""/images/service-lackversiegelung.png"", ""alt"": ""Lackversiegelung"", ""loading"": ""lazy"", ""width"": """", ""height"": """"}, {""src"": ""/images/service-lackaufbereitung.png"", ""alt"": ""Lackaufbereitung"", ""loading"": ""lazy"", ""width"": """", ""height"": """"}, {""src"": ""/images/service-textilreinigung.png"", ""alt"": ""Textilreinigung"", ""loading"": ""lazy"", ""width"": """", ""height"": """"}, {""src"": ""/images/service-ozonbehandlung.png"", ""alt"": ""Ozonbehandlung"", ""loading"": ""lazy"", ""width"": """", ""height"": """"}, {""src"": ""/images/service-felgenreinigung.png"", ""alt"": ""Felgenreinigung"", ""loading"": ""lazy"", ""width"": """", ""height"": """"}, {""src"": ""/images/service-fachberatung.png"", ""alt"": ""Fachberatung"", ""loading"": ""lazy"", ""width"": """", ""height"": """"}, {""src"": ""/images/trust-fahrzeug.jpg"", ""alt"": ""Aufbereitetes Fahrzeug"", ""loading"": ""lazy"", ""width"": """", ""height"": """"}, {""src"": ""/images/benjamin-lemmer.jpg"", ""alt"": ""Benjamin Lemmer"", ""loading"": ""lazy"", ""width"": """", ""height"": """"}, {""src"": ""/images/galerie-1.jpg"", ""alt"": ""Fahrzeugaufbereitung – Referenzbild"", ""loading"": ""lazy"", ""width"": """", ""height"": """"}, {""src"": ""/images/galerie-2.jpg"", ""alt"": ""Fahrzeugaufbereitung – Referenzbild"", ""loading"": ""lazy"", ""width"": """", ""height"": """"}, {""src"": ""/images/galerie-3.jpg"", ""alt"": ""Fahrzeugaufbereitung – Referenzbild"", ""loading"": ""lazy"", ""width"": """", ""height"": """"}, {""src"": ""/images/galerie-4.jpg"", ""alt"": ""Fahrzeugaufbereitung – Referenzbild"", ""loading"": ""lazy"", ""width"": """", ""height"": """"}, {""src"": ""/images/logo-klein.png"", ""alt"": ""Powertech Performance Logo"", ""loading"": """", ""width"": """", ""height"": """"}, {""src"": ""/images/logo-klein.png"", ""alt"": ""Powertech Performance Logo"", ""loading"": """", ""width"": """", ""height"": """"}]";[];[];"[{""id"": ""hero"", ""heading"": ""Ihr Fahrzeug, unser Anspruch: Perfekte Autoaufbereitung für Jena""}, {""id"": ""leistungen"", ""heading"": ""Lackversiegelung""}, {""id"": """", ""heading"": ""Weil jedes Auto eine Geschichte erzählt – und wir helfen, sie zu bewahren.""}, {""id"": """", ""heading"": ""Hol dir den Glanz zurück – mit unserer Profi-Autoaufbereitung.""}, {""id"": """", ""heading"": ""Anfrage stellen""}, {""id"": ""ueber-uns"", ""heading"": ""Über uns – Fahrzeugpflege auf höchstem Niveau mit Benjamin Lemmer""}, {""id"": """", ""heading"": ""Autoaufbereitung vom Feinsten – Glänzt. Schützt. Begeistert.""}, {""id"": ""kontakt"", ""heading"": ""Ihr Ansprechpartner""}, {""id"": ""faq"", ""heading"": ""Häufig gestellte Fragen Fahrzeugaufbereitung""}]";1083;jena.html;200;https://www.powertech-performance.com/jena;;keine zugeordneten Messwerte;ja;"vermutet aus Seitenindex; Nebenkeywords sind Überschriftenthemen, keine Suchmessung"
https://powertech-performance.com/luxus-aufbereitung;Leistungs-/Landingpage;Keramikversiegelung mit 2 Jahren Garantie in Erfurt | Powertech Performance;Keramikversiegelung mit Garantie – Glanz und Schutz für 2 Jahre. Premium-Autoaufbereitung in Erfurt von Benjamin Lemmer.;Keramikversiegelung mit Garantie – Glanz und Schutz für 2 Jahre. In Erfurt.;Premium-Keramikversiegelung mit Garantie;Keramikversiegelung Erfurt Garantie;Weil jedes Auto eine Geschichte erzählt – und wir helfen, sie zu bewahren. | Hol dir den Glanz zurück – mit unserer Profi-Autoaufbereitung. | Über uns – Fahrzeugpflege auf höchstem Niveau mit Benjamin Lemmer;kommerziell / lokal;Keramikversiegelung;https://powertech-performance.com/pages/seitenuebersicht.html;https://powertech-performance.com/ | https://powertech-performance.com/blog/ | https://powertech-performance.com/pages/cookie-einstellungen.html | https://powertech-performance.com/pages/datenschutz.html | https://powertech-performance.com/pages/impressum.html | https://powertech-performance.com/pages/kontakt.html | https://powertech-performance.com/pages/seitenuebersicht.html;1;7;https://powertech-performance.com/luxus-aufbereitung;"lokal index erlaubt; Google-Status unbekannt";"Live-Host www widerspricht Canonical ohne www | Nur eine verlinkende Seite | Nur aus robots-gesperrter Seitenübersicht erreichbar | K3: hoch; breite Leistungsversprechen überlappen";"Host-Signale vereinheitlichen; Kontextlinks ergänzen; Cluster-Intention prüfen";P1;;;;;;Weil jedes Auto eine Geschichte erzählt – und wir helfen, sie zu bewahren. | Hol dir den Glanz zurück – mit unserer Profi-Autoaufbereitung. | Über uns – Fahrzeugpflege auf höchstem Niveau mit Benjamin Lemmer | Autoaufbereitung vom Feinsten – Glänzt. Schützt. Begeistert. | Häufig gestellte Fragen Fahrzeugaufbereitung;Lackversiegelung | Lackaufbereitung | Textilreinigung | Ozonbehandlung | Felgenreinigung | Fachberatung | Anfrage stellen | Auto vorstellen | Angebot erhalten | Ihr Ansprechpartner | Deine Privatsphäre ist uns wichtig | Cookie-Einstellungen;ja;;"[{""src"": ""/images/logo-klein.png"", ""alt"": ""Powertech Performance Logo"", ""loading"": """", ""width"": ""52"", ""height"": ""52""}, {""src"": ""/images/service-lackversiegelung.png"", ""alt"": ""Lackversiegelung"", ""loading"": ""lazy"", ""width"": """", ""height"": """"}, {""src"": ""/images/service-lackaufbereitung.png"", ""alt"": ""Lackaufbereitung"", ""loading"": ""lazy"", ""width"": """", ""height"": """"}, {""src"": ""/images/service-textilreinigung.png"", ""alt"": ""Textilreinigung"", ""loading"": ""lazy"", ""width"": """", ""height"": """"}, {""src"": ""/images/service-ozonbehandlung.png"", ""alt"": ""Ozonbehandlung"", ""loading"": ""lazy"", ""width"": """", ""height"": """"}, {""src"": ""/images/service-felgenreinigung.png"", ""alt"": ""Felgenreinigung"", ""loading"": ""lazy"", ""width"": """", ""height"": """"}, {""src"": ""/images/service-fachberatung.png"", ""alt"": ""Fachberatung"", ""loading"": ""lazy"", ""width"": """", ""height"": """"}, {""src"": ""/images/trust-fahrzeug.jpg"", ""alt"": ""Aufbereitetes Fahrzeug"", ""loading"": ""lazy"", ""width"": """", ""height"": """"}, {""src"": ""/images/benjamin-lemmer.jpg"", ""alt"": ""Benjamin Lemmer"", ""loading"": ""lazy"", ""width"": """", ""height"": """"}, {""src"": ""/images/galerie-1.jpg"", ""alt"": ""Fahrzeugaufbereitung – Referenzbild"", ""loading"": ""lazy"", ""width"": """", ""height"": """"}, {""src"": ""/images/galerie-2.jpg"", ""alt"": ""Fahrzeugaufbereitung – Referenzbild"", ""loading"": ""lazy"", ""width"": """", ""height"": """"}, {""src"": ""/images/galerie-3.jpg"", ""alt"": ""Fahrzeugaufbereitung – Referenzbild"", ""loading"": ""lazy"", ""width"": """", ""height"": """"}, {""src"": ""/images/galerie-4.jpg"", ""alt"": ""Fahrzeugaufbereitung – Referenzbild"", ""loading"": ""lazy"", ""width"": """", ""height"": """"}, {""src"": ""/images/logo-klein.png"", ""alt"": ""Powertech Performance Logo"", ""loading"": """", ""width"": """", ""height"": """"}, {""src"": ""/images/logo-klein.png"", ""alt"": ""Powertech Performance Logo"", ""loading"": """", ""width"": """", ""height"": """"}]";[];[];"[{""id"": ""hero"", ""heading"": ""Keramikversiegelung mit Garantie – Glanz und Schutz für 2 Jahre. In Erfurt.""}, {""id"": ""leistungen"", ""heading"": ""Lackversiegelung""}, {""id"": """", ""heading"": ""Weil jedes Auto eine Geschichte erzählt – und wir helfen, sie zu bewahren.""}, {""id"": """", ""heading"": ""Hol dir den Glanz zurück – mit unserer Profi-Autoaufbereitung.""}, {""id"": """", ""heading"": ""Anfrage stellen""}, {""id"": ""ueber-uns"", ""heading"": ""Über uns – Fahrzeugpflege auf höchstem Niveau mit Benjamin Lemmer""}, {""id"": """", ""heading"": ""Autoaufbereitung vom Feinsten – Glänzt. Schützt. Begeistert.""}, {""id"": ""kontakt"", ""heading"": ""Ihr Ansprechpartner""}, {""id"": ""faq"", ""heading"": ""Häufig gestellte Fragen Fahrzeugaufbereitung""}]";1082;luxus-aufbereitung.html;200;https://www.powertech-performance.com/luxus-aufbereitung;;keine zugeordneten Messwerte;ja;"vermutet aus Seitenindex; Nebenkeywords sind Überschriftenthemen, keine Suchmessung"
https://powertech-performance.com/nordhausen;Einzugsgebietsseite;Autoaufbereitung Nordhausen – Fahrzeugpflege & Werterhalt | Powertech Performance;Professionelle Autoaufbereitung für Nordhausen: Glanz, Schutz und Werterhalt für Ihr Fahrzeug. Jetzt individuelles Angebot sichern.;Ihr Fahrzeug, unser Anspruch: Perfekte Autoaufbereitung für Nordhausen;Autoaufbereitung Nordhausen (Standort-Landingpage);Autoaufbereitung Nordhausen;Weil jedes Auto eine Geschichte erzählt – und wir helfen, sie zu bewahren. | Hol dir den Glanz zurück – mit unserer Profi-Autoaufbereitung. | Über uns – Fahrzeugpflege auf höchstem Niveau mit Benjamin Lemmer;kommerziell / lokal;Einzugsgebiet;https://powertech-performance.com/pages/seitenuebersicht.html;https://powertech-performance.com/ | https://powertech-performance.com/blog/ | https://powertech-performance.com/pages/cookie-einstellungen.html | https://powertech-performance.com/pages/datenschutz.html | https://powertech-performance.com/pages/impressum.html | https://powertech-performance.com/pages/kontakt.html | https://powertech-performance.com/pages/seitenuebersicht.html;1;7;https://powertech-performance.com/nordhausen;"lokal index erlaubt; Google-Status unbekannt";Live-Host www widerspricht Canonical ohne www | Nur eine verlinkende Seite | Nur aus robots-gesperrter Seitenübersicht erreichbar;"Host-Signale vereinheitlichen; Kontextlinks ergänzen; Cluster-Intention prüfen";P2;;;;;;Weil jedes Auto eine Geschichte erzählt – und wir helfen, sie zu bewahren. | Hol dir den Glanz zurück – mit unserer Profi-Autoaufbereitung. | Über uns – Fahrzeugpflege auf höchstem Niveau mit Benjamin Lemmer | Autoaufbereitung vom Feinsten – Glänzt. Schützt. Begeistert. | Häufig gestellte Fragen Fahrzeugaufbereitung;Lackversiegelung | Lackaufbereitung | Textilreinigung | Ozonbehandlung | Felgenreinigung | Fachberatung | Anfrage stellen | Auto vorstellen | Angebot erhalten | Ihr Ansprechpartner | Deine Privatsphäre ist uns wichtig | Cookie-Einstellungen;ja;;"[{""src"": ""/images/logo-klein.png"", ""alt"": ""Powertech Performance Logo"", ""loading"": """", ""width"": ""52"", ""height"": ""52""}, {""src"": ""/images/service-lackversiegelung.png"", ""alt"": ""Lackversiegelung"", ""loading"": ""lazy"", ""width"": """", ""height"": """"}, {""src"": ""/images/service-lackaufbereitung.png"", ""alt"": ""Lackaufbereitung"", ""loading"": ""lazy"", ""width"": """", ""height"": """"}, {""src"": ""/images/service-textilreinigung.png"", ""alt"": ""Textilreinigung"", ""loading"": ""lazy"", ""width"": """", ""height"": """"}, {""src"": ""/images/service-ozonbehandlung.png"", ""alt"": ""Ozonbehandlung"", ""loading"": ""lazy"", ""width"": """", ""height"": """"}, {""src"": ""/images/service-felgenreinigung.png"", ""alt"": ""Felgenreinigung"", ""loading"": ""lazy"", ""width"": """", ""height"": """"}, {""src"": ""/images/service-fachberatung.png"", ""alt"": ""Fachberatung"", ""loading"": ""lazy"", ""width"": """", ""height"": """"}, {""src"": ""/images/trust-fahrzeug.jpg"", ""alt"": ""Aufbereitetes Fahrzeug"", ""loading"": ""lazy"", ""width"": """", ""height"": """"}, {""src"": ""/images/benjamin-lemmer.jpg"", ""alt"": ""Benjamin Lemmer"", ""loading"": ""lazy"", ""width"": """", ""height"": """"}, {""src"": ""/images/galerie-1.jpg"", ""alt"": ""Fahrzeugaufbereitung – Referenzbild"", ""loading"": ""lazy"", ""width"": """", ""height"": """"}, {""src"": ""/images/galerie-2.jpg"", ""alt"": ""Fahrzeugaufbereitung – Referenzbild"", ""loading"": ""lazy"", ""width"": """", ""height"": """"}, {""src"": ""/images/galerie-3.jpg"", ""alt"": ""Fahrzeugaufbereitung – Referenzbild"", ""loading"": ""lazy"", ""width"": """", ""height"": """"}, {""src"": ""/images/galerie-4.jpg"", ""alt"": ""Fahrzeugaufbereitung – Referenzbild"", ""loading"": ""lazy"", ""width"": """", ""height"": """"}, {""src"": ""/images/logo-klein.png"", ""alt"": ""Powertech Performance Logo"", ""loading"": """", ""width"": """", ""height"": """"}, {""src"": ""/images/logo-klein.png"", ""alt"": ""Powertech Performance Logo"", ""loading"": """", ""width"": """", ""height"": """"}]";[];[];"[{""id"": ""hero"", ""heading"": ""Ihr Fahrzeug, unser Anspruch: Perfekte Autoaufbereitung für Nordhausen""}, {""id"": ""leistungen"", ""heading"": ""Lackversiegelung""}, {""id"": """", ""heading"": ""Weil jedes Auto eine Geschichte erzählt – und wir helfen, sie zu bewahren.""}, {""id"": """", ""heading"": ""Hol dir den Glanz zurück – mit unserer Profi-Autoaufbereitung.""}, {""id"": """", ""heading"": ""Anfrage stellen""}, {""id"": ""ueber-uns"", ""heading"": ""Über uns – Fahrzeugpflege auf höchstem Niveau mit Benjamin Lemmer""}, {""id"": """", ""heading"": ""Autoaufbereitung vom Feinsten – Glänzt. Schützt. Begeistert.""}, {""id"": ""kontakt"", ""heading"": ""Ihr Ansprechpartner""}, {""id"": ""faq"", ""heading"": ""Häufig gestellte Fragen Fahrzeugaufbereitung""}]";1083;nordhausen.html;200;https://www.powertech-performance.com/nordhausen;;keine zugeordneten Messwerte;ja;"vermutet aus Seitenindex; Nebenkeywords sind Überschriftenthemen, keine Suchmessung"
https://powertech-performance.com/online-termin-buchen;Funktions-/Rechtsseite;Online Termin buchen | Powertech Performance;Besichtigungstermin vor Ort an der Halle in Erfurt buchen – kontaktieren Sie Benjamin Lemmer per Telefon, WhatsApp oder Kontaktformular.;Besichtigungstermin vor Ort an der Halle buchen;Terminbuchung;Termin Autoaufbereitung Erfurt;;navigational;Kontakt / Service / Recht;https://powertech-performance.com/pages/seitenuebersicht.html;https://powertech-performance.com/ | https://powertech-performance.com/blog/ | https://powertech-performance.com/pages/cookie-einstellungen.html | https://powertech-performance.com/pages/datenschutz.html | https://powertech-performance.com/pages/impressum.html | https://powertech-performance.com/pages/kontakt.html | https://powertech-performance.com/pages/seitenuebersicht.html;1;7;https://powertech-performance.com/online-termin-buchen;"lokal index erlaubt; Google-Status unbekannt";Live-Host www widerspricht Canonical ohne www | Nur eine verlinkende Seite | Nur aus robots-gesperrter Seitenübersicht erreichbar | Link zu fehlendem Abschnitt;"Host-Signale vereinheitlichen; Kontextlinks ergänzen; Cluster-Intention prüfen";P2;;;;;;;Ihr Ansprechpartner | Deine Privatsphäre ist uns wichtig | Cookie-Einstellungen;ja;;"[{""src"": ""/images/logo-klein.png"", ""alt"": ""Powertech Performance Logo"", ""loading"": """", ""width"": ""52"", ""height"": ""52""}, {""src"": ""/images/logo-klein.png"", ""alt"": ""Powertech Performance Logo"", ""loading"": """", ""width"": """", ""height"": """"}, {""src"": ""/images/logo-klein.png"", ""alt"": ""Powertech Performance Logo"", ""loading"": """", ""width"": """", ""height"": """"}]";[];[];"[{""id"": """", ""heading"": ""Besichtigungstermin vor Ort an der Halle buchen""}, {""id"": """", ""heading"": ""Ihr Ansprechpartner""}]";56;online-termin-buchen.html;200;https://www.powertech-performance.com/online-termin-buchen;;keine zugeordneten Messwerte;ja;"vermutet aus Seitenindex; Nebenkeywords sind Überschriftenthemen, keine Suchmessung"
https://powertech-performance.com/pages/agb.html;Funktions-/Rechtsseite;AGB – Powertech Performance;Allgemeine Geschäftsbedingungen von Powertech Performance.;Allgemeine Geschäftsbedingungen;AGB;-;;navigational;Kontakt / Service / Recht;https://powertech-performance.com/pages/seitenuebersicht.html;https://powertech-performance.com/ | https://powertech-performance.com/pages/cookie-einstellungen.html | https://powertech-performance.com/pages/datenschutz.html | https://powertech-performance.com/pages/impressum.html | https://powertech-performance.com/pages/seitenuebersicht.html;1;5;https://powertech-performance.com/pages/agb.html;"noindex deklariert; robots.txt gesperrt";Live-Host www widerspricht Canonical ohne www | noindex in Sitemap | robots-Sperre verhindert noindex-Auslesen;"Host-Signale vereinheitlichen; Indexierungssignale konsistent halten";P3;;;;;;;Deine Privatsphäre ist uns wichtig | Cookie-Einstellungen;ja;noindex;"[{""src"": ""/images/logo-klein.png"", ""alt"": ""Powertech Performance Logo"", ""loading"": """", ""width"": ""52"", ""height"": ""52""}, {""src"": ""/images/logo-klein.png"", ""alt"": ""Powertech Performance Logo"", ""loading"": """", ""width"": """", ""height"": """"}]";[];[];"[{""id"": """", ""heading"": ""Allgemeine Geschäftsbedingungen""}]";4;pages/agb.html;200;https://www.powertech-performance.com/pages/agb.html;;keine zugeordneten Messwerte;nur Technik / kein Rankingziel;"vermutet aus Seitenindex; Nebenkeywords sind Überschriftenthemen, keine Suchmessung"
https://powertech-performance.com/pages/cookie-einstellungen.html;Funktions-/Rechtsseite;Cookie-Einstellungen – Powertech Performance;Verwalten Sie Ihre Cookie-Einwilligung für Powertech Performance: Notwendig, Statistik, Marketing und externe Medien.;Cookie-Einstellungen;Cookie-Einstellungen;-;;navigational;Kontakt / Service / Recht;https://powertech-performance.com/ | https://powertech-performance.com/adblue-service | https://powertech-performance.com/ads | https://powertech-performance.com/anfrage-danke | https://powertech-performance.com/blog/ | https://powertech-performance.com/blog/1-step-2-step-oder-lackkorrektur-lackaufbereitung-im-vergleich/ | https://powertech-performance.com/blog/1-step-politur-erklaert/ | https://powertech-performance.com/blog/adblue-deaktivieren-vor-nachteile-wahrheit/ | https://powertech-performance.com/blog/adblue-deaktivierung/ | https://powertech-performance.com/blog/audi-r8-aufbereitung-erfurt-keramikversiegelung/ | https://powertech-performance.com/blog/aufbereiter-vs-detailer-unterschied/ | https://powertech-performance.com/blog/auto-selber-waschen-erfurt/ | https://powertech-performance.com/blog/blog-keramikversiegelung/ | https://powertech-performance.com/blog/boot-aufbereitung-keramikversiegelung-marine/ | https://powertech-performance.com/blog/chiptuning-raum-erfurt/ | https://powertech-performance.com/blog/chiptuning-raumerfurt/ | https://powertech-performance.com/blog/fahrzeugaufbereitung-erfurt/ | https://powertech-performance.com/blog/flugzeugaufbereitung-innenreinigung-erfurt/ | https://powertech-performance.com/blog/haltbarkeit-keramikversiegelung-lackschutz/ | https://powertech-performance.com/blog/harte-und-weiche-autolacke-der-geheime-schlssel-zur-perfekten-lackaufbereitung-2/ | https://powertech-performance.com/blog/harte-und-weiche-autolacke-der-geheime-schlssel-zur-perfekten-lackaufbereitung/ | https://powertech-performance.com/blog/harte-weiche-autolacke-lackaufbereitung/ | https://powertech-performance.com/blog/innenreinigung-auto-in-der-naehe/ | https://powertech-performance.com/blog/keramik-fuer-auto-erfurt-vorteile-haltbarkeit/ | https://powertech-performance.com/blog/keramikversiegelung-erfurt-high-end-lackschutz-powertech-performance/ | https://powertech-performance.com/blog/keramikversiegelung-profi-lackschutz/ | https://powertech-performance.com/blog/lackierung-oldtimer-erfurt-lackaufbereitung-keramik/ | https://powertech-performance.com/blog/lackkorrektur-wofuer-gut-werterhalt/ | https://powertech-performance.com/blog/leasing-rueckgabe-aufbereitung-erfurt/ | https://powertech-performance.com/blog/leasingauto-aufbereiten/ | https://powertech-performance.com/blog/leasingrueckgabe-checkliste/ | https://powertech-performance.com/blog/motorradaufbereitung-keramikversiegelung-experte/ | https://powertech-performance.com/blog/motorwaesche-erfurt-vorteile-kosten/ | https://powertech-performance.com/blog/oldtimer-aufbereitung-erfurt-wertschonende-pflege/ | https://powertech-performance.com/blog/porsche-aufbereitung-erfurt-keramikversiegelung-zertifiziert/ | https://powertech-performance.com/blog/professionelle-cabrioverdeck-impraegnierung-und-reinigung/ | https://powertech-performance.com/blog/professionelle-innenreinigung-auto-in-der-naehe/ | https://powertech-performance.com/blog/professionelle-keramikversiegelung-erfurt/ | https://powertech-performance.com/blog/profi-keramikversiegelung/ | https://powertech-performance.com/blog/softwareoptimierung-dpf-off-erfurt/ | https://powertech-performance.com/blog/softwareoptimierung-erfurt/ | https://powertech-performance.com/blog/was-kostet-eine-auto-reinigung/ | https://powertech-performance.com/blog/wie-lange-dauert-adblue-off/ | https://powertech-performance.com/blog/wie-oft-auto-aufbereiten-lassen.html | https://powertech-performance.com/chiptuning | https://powertech-performance.com/eisenach | https://powertech-performance.com/fahrzeugaufbereitung-aus-erfurt | https://powertech-performance.com/gera | https://powertech-performance.com/glosar | https://powertech-performance.com/gotha | https://powertech-performance.com/jena | https://powertech-performance.com/luxus-aufbereitung | https://powertech-performance.com/nordhausen | https://powertech-performance.com/online-termin-buchen | https://powertech-performance.com/pages/agb.html | https://powertech-performance.com/pages/datenschutz.html | https://powertech-performance.com/pages/impressum.html | https://powertech-performance.com/pages/kontakt.html | https://powertech-performance.com/pages/seitenuebersicht.html | https://powertech-performance.com/suhl;https://powertech-performance.com/ | https://powertech-performance.com/pages/datenschutz.html | https://powertech-performance.com/pages/impressum.html | https://powertech-performance.com/pages/seitenuebersicht.html;60;4;https://powertech-performance.com/pages/cookie-einstellungen.html;"noindex deklariert; robots.txt gesperrt";Live-Host www widerspricht Canonical ohne www | robots-Sperre verhindert noindex-Auslesen;"Host-Signale vereinheitlichen; Indexierungssignale konsistent halten";P3;;;;;;;;nein;noindex;"[{""src"": ""/images/logo-klein.png"", ""alt"": ""Powertech Performance Logo"", ""loading"": """", ""width"": ""52"", ""height"": ""52""}, {""src"": ""/images/logo-klein.png"", ""alt"": ""Powertech Performance Logo"", ""loading"": """", ""width"": """", ""height"": """"}]";[];[];"[{""id"": ""cookie-preferences-page"", ""heading"": ""Cookie-Einstellungen""}]";121;pages/cookie-einstellungen.html;200;https://www.powertech-performance.com/pages/cookie-einstellungen.html;;keine zugeordneten Messwerte;nur Technik / kein Rankingziel;"vermutet aus Seitenindex; Nebenkeywords sind Überschriftenthemen, keine Suchmessung"
https://powertech-performance.com/pages/datenschutz.html;Funktions-/Rechtsseite;Datenschutzerklärung – Powertech Performance;;Datenschutzerklärung;Datenschutzerklärung;-;;navigational;Kontakt / Service / Recht;https://powertech-performance.com/ | https://powertech-performance.com/adblue-service | https://powertech-performance.com/ads | https://powertech-performance.com/anfrage-danke | https://powertech-performance.com/blog/ | https://powertech-performance.com/blog/1-step-2-step-oder-lackkorrektur-lackaufbereitung-im-vergleich/ | https://powertech-performance.com/blog/1-step-politur-erklaert/ | https://powertech-performance.com/blog/adblue-deaktivieren-vor-nachteile-wahrheit/ | https://powertech-performance.com/blog/adblue-deaktivierung/ | https://powertech-performance.com/blog/audi-r8-aufbereitung-erfurt-keramikversiegelung/ | https://powertech-performance.com/blog/aufbereiter-vs-detailer-unterschied/ | https://powertech-performance.com/blog/auto-selber-waschen-erfurt/ | https://powertech-performance.com/blog/blog-keramikversiegelung/ | https://powertech-performance.com/blog/boot-aufbereitung-keramikversiegelung-marine/ | https://powertech-performance.com/blog/chiptuning-raum-erfurt/ | https://powertech-performance.com/blog/chiptuning-raumerfurt/ | https://powertech-performance.com/blog/fahrzeugaufbereitung-erfurt/ | https://powertech-performance.com/blog/flugzeugaufbereitung-innenreinigung-erfurt/ | https://powertech-performance.com/blog/haltbarkeit-keramikversiegelung-lackschutz/ | https://powertech-performance.com/blog/harte-und-weiche-autolacke-der-geheime-schlssel-zur-perfekten-lackaufbereitung-2/ | https://powertech-performance.com/blog/harte-und-weiche-autolacke-der-geheime-schlssel-zur-perfekten-lackaufbereitung/ | https://powertech-performance.com/blog/harte-weiche-autolacke-lackaufbereitung/ | https://powertech-performance.com/blog/innenreinigung-auto-in-der-naehe/ | https://powertech-performance.com/blog/keramik-fuer-auto-erfurt-vorteile-haltbarkeit/ | https://powertech-performance.com/blog/keramikversiegelung-erfurt-high-end-lackschutz-powertech-performance/ | https://powertech-performance.com/blog/keramikversiegelung-profi-lackschutz/ | https://powertech-performance.com/blog/lackierung-oldtimer-erfurt-lackaufbereitung-keramik/ | https://powertech-performance.com/blog/lackkorrektur-wofuer-gut-werterhalt/ | https://powertech-performance.com/blog/leasing-rueckgabe-aufbereitung-erfurt/ | https://powertech-performance.com/blog/leasingauto-aufbereiten/ | https://powertech-performance.com/blog/leasingrueckgabe-checkliste/ | https://powertech-performance.com/blog/motorradaufbereitung-keramikversiegelung-experte/ | https://powertech-performance.com/blog/motorwaesche-erfurt-vorteile-kosten/ | https://powertech-performance.com/blog/oldtimer-aufbereitung-erfurt-wertschonende-pflege/ | https://powertech-performance.com/blog/porsche-aufbereitung-erfurt-keramikversiegelung-zertifiziert/ | https://powertech-performance.com/blog/professionelle-cabrioverdeck-impraegnierung-und-reinigung/ | https://powertech-performance.com/blog/professionelle-innenreinigung-auto-in-der-naehe/ | https://powertech-performance.com/blog/professionelle-keramikversiegelung-erfurt/ | https://powertech-performance.com/blog/profi-keramikversiegelung/ | https://powertech-performance.com/blog/softwareoptimierung-dpf-off-erfurt/ | https://powertech-performance.com/blog/softwareoptimierung-erfurt/ | https://powertech-performance.com/blog/was-kostet-eine-auto-reinigung/ | https://powertech-performance.com/blog/wie-lange-dauert-adblue-off/ | https://powertech-performance.com/blog/wie-oft-auto-aufbereiten-lassen.html | https://powertech-performance.com/chiptuning | https://powertech-performance.com/eisenach | https://powertech-performance.com/fahrzeugaufbereitung-aus-erfurt | https://powertech-performance.com/gera | https://powertech-performance.com/glosar | https://powertech-performance.com/gotha | https://powertech-performance.com/jena | https://powertech-performance.com/luxus-aufbereitung | https://powertech-performance.com/nordhausen | https://powertech-performance.com/online-termin-buchen | https://powertech-performance.com/pages/agb.html | https://powertech-performance.com/pages/cookie-einstellungen.html | https://powertech-performance.com/pages/impressum.html | https://powertech-performance.com/pages/kontakt.html | https://powertech-performance.com/pages/seitenuebersicht.html | https://powertech-performance.com/suhl;https://powertech-performance.com/ | https://powertech-performance.com/pages/cookie-einstellungen.html | https://powertech-performance.com/pages/impressum.html | https://powertech-performance.com/pages/seitenuebersicht.html;60;4;https://powertech-performance.com/pages/datenschutz.html;"noindex deklariert; robots.txt gesperrt";Live-Host www widerspricht Canonical ohne www | noindex in Sitemap | robots-Sperre verhindert noindex-Auslesen;"Host-Signale vereinheitlichen; Indexierungssignale konsistent halten";P3;;;;;;1. Datenschutz auf einen Blick | 2. Hosting | 3. Allgemeine Hinweise und Pflichtinformationen | 4. Datenerfassung auf dieser Website | 5. Analyse-Tools und Werbung | 6. Plugins und Tools | 7. KI-generierte Inhalte;Allgemeine Hinweise | Datenerfassung auf dieser Website | Analyse-Tools und Tools von Drittanbietern | Vercel (Bereitstellung der Website) | GitHub (Quellcode-Verwaltung) | All-Inkl (Domain & E-Mail) | Auftragsverarbeitung | Datenschutz | Hinweis zur verantwortlichen Stelle | Speicherdauer | Allgemeine Hinweise zu den Rechtsgrundlagen der Datenverarbeitung auf dieser Website | Empfänger von personenbezogenen Daten | Widerruf Ihrer Einwilligung zur Datenverarbeitung | Widerspruchsrecht gegen die Datenerhebung in besonderen Fällen sowie gegen Direktwerbung (Art. 21 DSGVO) | Beschwerderecht bei der zuständigen Aufsichtsbehörde | Recht auf Datenübertragbarkeit | Auskunft, Berichtigung und Löschung | Recht auf Einschränkung der Verarbeitung | SSL- bzw. TLS-Verschlüsselung | Widerspruch gegen Werbe-E-Mails | Cookies | Cookie-Kategorien und Ihre Einwilligung | Server-Log-Dateien | Kontaktformular | Anfrage per E-Mail, Telefon oder Telefax | Kommunikation via WhatsApp | Google Tag Manager | Google Analytics | IP-Anonymisierung | Browser-Plugin | Google-Signale | Google Ads | Google Ads Remarketing | Microsoft Clarity | Google Fonts (lokal gehostet) | Deine Privatsphäre ist uns wichtig | Cookie-Einstellungen;ja;noindex;"[{""src"": ""/images/logo-klein.png"", ""alt"": ""Powertech Performance Logo"", ""loading"": """", ""width"": ""52"", ""height"": ""52""}, {""src"": ""/images/logo-klein.png"", ""alt"": ""Powertech Performance Logo"", ""loading"": """", ""width"": """", ""height"": """"}]";[];[];"[{""id"": """", ""heading"": ""Datenschutzerklärung""}]";4105;pages/datenschutz.html;200;https://www.powertech-performance.com/pages/datenschutz.html;;keine zugeordneten Messwerte;nur Technik / kein Rankingziel;"vermutet aus Seitenindex; Nebenkeywords sind Überschriftenthemen, keine Suchmessung"
https://powertech-performance.com/pages/impressum.html;Funktions-/Rechtsseite;Impressum – Powertech Performance;;Impressum;Impressum;-;;navigational;Kontakt / Service / Recht;https://powertech-performance.com/ | https://powertech-performance.com/adblue-service | https://powertech-performance.com/ads | https://powertech-performance.com/anfrage-danke | https://powertech-performance.com/blog/ | https://powertech-performance.com/blog/1-step-2-step-oder-lackkorrektur-lackaufbereitung-im-vergleich/ | https://powertech-performance.com/blog/1-step-politur-erklaert/ | https://powertech-performance.com/blog/adblue-deaktivieren-vor-nachteile-wahrheit/ | https://powertech-performance.com/blog/adblue-deaktivierung/ | https://powertech-performance.com/blog/audi-r8-aufbereitung-erfurt-keramikversiegelung/ | https://powertech-performance.com/blog/aufbereiter-vs-detailer-unterschied/ | https://powertech-performance.com/blog/auto-selber-waschen-erfurt/ | https://powertech-performance.com/blog/blog-keramikversiegelung/ | https://powertech-performance.com/blog/boot-aufbereitung-keramikversiegelung-marine/ | https://powertech-performance.com/blog/chiptuning-raum-erfurt/ | https://powertech-performance.com/blog/chiptuning-raumerfurt/ | https://powertech-performance.com/blog/fahrzeugaufbereitung-erfurt/ | https://powertech-performance.com/blog/flugzeugaufbereitung-innenreinigung-erfurt/ | https://powertech-performance.com/blog/haltbarkeit-keramikversiegelung-lackschutz/ | https://powertech-performance.com/blog/harte-und-weiche-autolacke-der-geheime-schlssel-zur-perfekten-lackaufbereitung-2/ | https://powertech-performance.com/blog/harte-und-weiche-autolacke-der-geheime-schlssel-zur-perfekten-lackaufbereitung/ | https://powertech-performance.com/blog/harte-weiche-autolacke-lackaufbereitung/ | https://powertech-performance.com/blog/innenreinigung-auto-in-der-naehe/ | https://powertech-performance.com/blog/keramik-fuer-auto-erfurt-vorteile-haltbarkeit/ | https://powertech-performance.com/blog/keramikversiegelung-erfurt-high-end-lackschutz-powertech-performance/ | https://powertech-performance.com/blog/keramikversiegelung-profi-lackschutz/ | https://powertech-performance.com/blog/lackierung-oldtimer-erfurt-lackaufbereitung-keramik/ | https://powertech-performance.com/blog/lackkorrektur-wofuer-gut-werterhalt/ | https://powertech-performance.com/blog/leasing-rueckgabe-aufbereitung-erfurt/ | https://powertech-performance.com/blog/leasingauto-aufbereiten/ | https://powertech-performance.com/blog/leasingrueckgabe-checkliste/ | https://powertech-performance.com/blog/motorradaufbereitung-keramikversiegelung-experte/ | https://powertech-performance.com/blog/motorwaesche-erfurt-vorteile-kosten/ | https://powertech-performance.com/blog/oldtimer-aufbereitung-erfurt-wertschonende-pflege/ | https://powertech-performance.com/blog/porsche-aufbereitung-erfurt-keramikversiegelung-zertifiziert/ | https://powertech-performance.com/blog/professionelle-cabrioverdeck-impraegnierung-und-reinigung/ | https://powertech-performance.com/blog/professionelle-innenreinigung-auto-in-der-naehe/ | https://powertech-performance.com/blog/professionelle-keramikversiegelung-erfurt/ | https://powertech-performance.com/blog/profi-keramikversiegelung/ | https://powertech-performance.com/blog/softwareoptimierung-dpf-off-erfurt/ | https://powertech-performance.com/blog/softwareoptimierung-erfurt/ | https://powertech-performance.com/blog/was-kostet-eine-auto-reinigung/ | https://powertech-performance.com/blog/wie-lange-dauert-adblue-off/ | https://powertech-performance.com/blog/wie-oft-auto-aufbereiten-lassen.html | https://powertech-performance.com/chiptuning | https://powertech-performance.com/eisenach | https://powertech-performance.com/fahrzeugaufbereitung-aus-erfurt | https://powertech-performance.com/gera | https://powertech-performance.com/glosar | https://powertech-performance.com/gotha | https://powertech-performance.com/jena | https://powertech-performance.com/luxus-aufbereitung | https://powertech-performance.com/nordhausen | https://powertech-performance.com/online-termin-buchen | https://powertech-performance.com/pages/agb.html | https://powertech-performance.com/pages/cookie-einstellungen.html | https://powertech-performance.com/pages/datenschutz.html | https://powertech-performance.com/pages/kontakt.html | https://powertech-performance.com/pages/seitenuebersicht.html | https://powertech-performance.com/suhl;https://powertech-performance.com/ | https://powertech-performance.com/pages/cookie-einstellungen.html | https://powertech-performance.com/pages/datenschutz.html | https://powertech-performance.com/pages/seitenuebersicht.html;60;4;https://powertech-performance.com/pages/impressum.html;"noindex deklariert; robots.txt gesperrt";Live-Host www widerspricht Canonical ohne www | noindex in Sitemap | robots-Sperre verhindert noindex-Auslesen;"Host-Signale vereinheitlichen; Indexierungssignale konsistent halten";P3;;;;;;;Deine Privatsphäre ist uns wichtig | Cookie-Einstellungen;ja;noindex;"[{""src"": ""/images/logo-klein.png"", ""alt"": ""Powertech Performance Logo"", ""loading"": """", ""width"": ""52"", ""height"": ""52""}, {""src"": ""/images/logo-klein.png"", ""alt"": ""Powertech Performance Logo"", ""loading"": """", ""width"": """", ""height"": """"}]";[];[];"[{""id"": """", ""heading"": ""Impressum""}]";22;pages/impressum.html;200;https://www.powertech-performance.com/pages/impressum.html;;keine zugeordneten Messwerte;nur Technik / kein Rankingziel;"vermutet aus Seitenindex; Nebenkeywords sind Überschriftenthemen, keine Suchmessung"
https://powertech-performance.com/pages/kontakt.html;Funktions-/Rechtsseite;Kontakt – Powertech Performance | Autoaufbereitung Erfurt;Kontaktieren Sie Powertech Performance in Erfurt: Rufen Sie an, schreiben Sie uns eine E-Mail oder senden Sie Ihre Anfrage direkt über unser Kontaktformular.;Kontakt;Kontaktseite;Kontakt Autoaufbereitung Erfurt;;navigational;Kontakt / Service / Recht;https://powertech-performance.com/adblue-service | https://powertech-performance.com/ads | https://powertech-performance.com/anfrage-danke | https://powertech-performance.com/blog/ | https://powertech-performance.com/blog/1-step-2-step-oder-lackkorrektur-lackaufbereitung-im-vergleich/ | https://powertech-performance.com/blog/1-step-politur-erklaert/ | https://powertech-performance.com/blog/adblue-deaktivieren-vor-nachteile-wahrheit/ | https://powertech-performance.com/blog/adblue-deaktivierung/ | https://powertech-performance.com/blog/audi-r8-aufbereitung-erfurt-keramikversiegelung/ | https://powertech-performance.com/blog/aufbereiter-vs-detailer-unterschied/ | https://powertech-performance.com/blog/auto-selber-waschen-erfurt/ | https://powertech-performance.com/blog/blog-keramikversiegelung/ | https://powertech-performance.com/blog/boot-aufbereitung-keramikversiegelung-marine/ | https://powertech-performance.com/blog/chiptuning-raum-erfurt/ | https://powertech-performance.com/blog/chiptuning-raumerfurt/ | https://powertech-performance.com/blog/fahrzeugaufbereitung-erfurt/ | https://powertech-performance.com/blog/flugzeugaufbereitung-innenreinigung-erfurt/ | https://powertech-performance.com/blog/haltbarkeit-keramikversiegelung-lackschutz/ | https://powertech-performance.com/blog/harte-und-weiche-autolacke-der-geheime-schlssel-zur-perfekten-lackaufbereitung-2/ | https://powertech-performance.com/blog/harte-und-weiche-autolacke-der-geheime-schlssel-zur-perfekten-lackaufbereitung/ | https://powertech-performance.com/blog/harte-weiche-autolacke-lackaufbereitung/ | https://powertech-performance.com/blog/innenreinigung-auto-in-der-naehe/ | https://powertech-performance.com/blog/keramik-fuer-auto-erfurt-vorteile-haltbarkeit/ | https://powertech-performance.com/blog/keramikversiegelung-erfurt-high-end-lackschutz-powertech-performance/ | https://powertech-performance.com/blog/keramikversiegelung-profi-lackschutz/ | https://powertech-performance.com/blog/lackierung-oldtimer-erfurt-lackaufbereitung-keramik/ | https://powertech-performance.com/blog/lackkorrektur-wofuer-gut-werterhalt/ | https://powertech-performance.com/blog/leasing-rueckgabe-aufbereitung-erfurt/ | https://powertech-performance.com/blog/leasingauto-aufbereiten/ | https://powertech-performance.com/blog/leasingrueckgabe-checkliste/ | https://powertech-performance.com/blog/motorradaufbereitung-keramikversiegelung-experte/ | https://powertech-performance.com/blog/motorwaesche-erfurt-vorteile-kosten/ | https://powertech-performance.com/blog/oldtimer-aufbereitung-erfurt-wertschonende-pflege/ | https://powertech-performance.com/blog/porsche-aufbereitung-erfurt-keramikversiegelung-zertifiziert/ | https://powertech-performance.com/blog/professionelle-cabrioverdeck-impraegnierung-und-reinigung/ | https://powertech-performance.com/blog/professionelle-innenreinigung-auto-in-der-naehe/ | https://powertech-performance.com/blog/professionelle-keramikversiegelung-erfurt/ | https://powertech-performance.com/blog/profi-keramikversiegelung/ | https://powertech-performance.com/blog/softwareoptimierung-dpf-off-erfurt/ | https://powertech-performance.com/blog/softwareoptimierung-erfurt/ | https://powertech-performance.com/blog/was-kostet-eine-auto-reinigung/ | https://powertech-performance.com/blog/wie-lange-dauert-adblue-off/ | https://powertech-performance.com/blog/wie-oft-auto-aufbereiten-lassen.html | https://powertech-performance.com/chiptuning | https://powertech-performance.com/eisenach | https://powertech-performance.com/fahrzeugaufbereitung-aus-erfurt | https://powertech-performance.com/gera | https://powertech-performance.com/glosar | https://powertech-performance.com/gotha | https://powertech-performance.com/jena | https://powertech-performance.com/luxus-aufbereitung | https://powertech-performance.com/nordhausen | https://powertech-performance.com/online-termin-buchen | https://powertech-performance.com/pages/seitenuebersicht.html | https://powertech-performance.com/suhl;https://powertech-performance.com/ | https://powertech-performance.com/blog/ | https://powertech-performance.com/pages/cookie-einstellungen.html | https://powertech-performance.com/pages/datenschutz.html | https://powertech-performance.com/pages/impressum.html | https://powertech-performance.com/pages/seitenuebersicht.html;55;6;https://powertech-performance.com/pages/kontakt.html;"lokal index erlaubt; Google-Status unbekannt";Live-Host www widerspricht Canonical ohne www | Link zu fehlendem Abschnitt;"Host-Signale vereinheitlichen; Kontextlinks ergänzen; Cluster-Intention prüfen";P2;;;;;;;Ihr Ansprechpartner | Deine Privatsphäre ist uns wichtig | Cookie-Einstellungen;ja;;"[{""src"": ""/images/logo-klein.png"", ""alt"": ""Powertech Performance Logo"", ""loading"": """", ""width"": ""52"", ""height"": ""52""}, {""src"": ""/images/logo-klein.png"", ""alt"": ""Powertech Performance Logo"", ""loading"": """", ""width"": """", ""height"": """"}, {""src"": ""/images/logo-klein.png"", ""alt"": ""Powertech Performance Logo"", ""loading"": """", ""width"": """", ""height"": """"}]";[];[];"[{""id"": """", ""heading"": ""Kontakt""}, {""id"": """", ""heading"": ""Ihr Ansprechpartner""}]";77;pages/kontakt.html;200;https://www.powertech-performance.com/pages/kontakt.html;;keine zugeordneten Messwerte;ja;"vermutet aus Seitenindex; Nebenkeywords sind Überschriftenthemen, keine Suchmessung"
https://powertech-performance.com/pages/seitenuebersicht.html;Funktions-/Rechtsseite;Seitenübersicht – Powertech Performance;Alle Seiten von Powertech Performance auf einen Blick.;Seitenübersicht;Sitemap / Seitenübersicht (HTML);-;;navigational;Kontakt / Service / Recht;https://powertech-performance.com/ads | https://powertech-performance.com/anfrage-danke | https://powertech-performance.com/blog/ | https://powertech-performance.com/blog/1-step-2-step-oder-lackkorrektur-lackaufbereitung-im-vergleich/ | https://powertech-performance.com/blog/1-step-politur-erklaert/ | https://powertech-performance.com/blog/adblue-deaktivieren-vor-nachteile-wahrheit/ | https://powertech-performance.com/blog/adblue-deaktivierung/ | https://powertech-performance.com/blog/audi-r8-aufbereitung-erfurt-keramikversiegelung/ | https://powertech-performance.com/blog/aufbereiter-vs-detailer-unterschied/ | https://powertech-performance.com/blog/auto-selber-waschen-erfurt/ | https://powertech-performance.com/blog/blog-keramikversiegelung/ | https://powertech-performance.com/blog/boot-aufbereitung-keramikversiegelung-marine/ | https://powertech-performance.com/blog/chiptuning-raum-erfurt/ | https://powertech-performance.com/blog/chiptuning-raumerfurt/ | https://powertech-performance.com/blog/fahrzeugaufbereitung-erfurt/ | https://powertech-performance.com/blog/flugzeugaufbereitung-innenreinigung-erfurt/ | https://powertech-performance.com/blog/haltbarkeit-keramikversiegelung-lackschutz/ | https://powertech-performance.com/blog/harte-und-weiche-autolacke-der-geheime-schlssel-zur-perfekten-lackaufbereitung-2/ | https://powertech-performance.com/blog/harte-und-weiche-autolacke-der-geheime-schlssel-zur-perfekten-lackaufbereitung/ | https://powertech-performance.com/blog/harte-weiche-autolacke-lackaufbereitung/ | https://powertech-performance.com/blog/innenreinigung-auto-in-der-naehe/ | https://powertech-performance.com/blog/keramik-fuer-auto-erfurt-vorteile-haltbarkeit/ | https://powertech-performance.com/blog/keramikversiegelung-erfurt-high-end-lackschutz-powertech-performance/ | https://powertech-performance.com/blog/keramikversiegelung-profi-lackschutz/ | https://powertech-performance.com/blog/lackierung-oldtimer-erfurt-lackaufbereitung-keramik/ | https://powertech-performance.com/blog/lackkorrektur-wofuer-gut-werterhalt/ | https://powertech-performance.com/blog/leasing-rueckgabe-aufbereitung-erfurt/ | https://powertech-performance.com/blog/leasingauto-aufbereiten/ | https://powertech-performance.com/blog/leasingrueckgabe-checkliste/ | https://powertech-performance.com/blog/motorradaufbereitung-keramikversiegelung-experte/ | https://powertech-performance.com/blog/motorwaesche-erfurt-vorteile-kosten/ | https://powertech-performance.com/blog/oldtimer-aufbereitung-erfurt-wertschonende-pflege/ | https://powertech-performance.com/blog/porsche-aufbereitung-erfurt-keramikversiegelung-zertifiziert/ | https://powertech-performance.com/blog/professionelle-cabrioverdeck-impraegnierung-und-reinigung/ | https://powertech-performance.com/blog/professionelle-innenreinigung-auto-in-der-naehe/ | https://powertech-performance.com/blog/professionelle-keramikversiegelung-erfurt/ | https://powertech-performance.com/blog/profi-keramikversiegelung/ | https://powertech-performance.com/blog/softwareoptimierung-dpf-off-erfurt/ | https://powertech-performance.com/blog/softwareoptimierung-erfurt/ | https://powertech-performance.com/blog/was-kostet-eine-auto-reinigung/ | https://powertech-performance.com/blog/wie-lange-dauert-adblue-off/ | https://powertech-performance.com/blog/wie-oft-auto-aufbereiten-lassen.html | https://powertech-performance.com/chiptuning | https://powertech-performance.com/eisenach | https://powertech-performance.com/fahrzeugaufbereitung-aus-erfurt | https://powertech-performance.com/gera | https://powertech-performance.com/glosar | https://powertech-performance.com/gotha | https://powertech-performance.com/jena | https://powertech-performance.com/luxus-aufbereitung | https://powertech-performance.com/nordhausen | https://powertech-performance.com/online-termin-buchen | https://powertech-performance.com/pages/agb.html | https://powertech-performance.com/pages/cookie-einstellungen.html | https://powertech-performance.com/pages/datenschutz.html | https://powertech-performance.com/pages/impressum.html | https://powertech-performance.com/pages/kontakt.html | https://powertech-performance.com/suhl;https://powertech-performance.com/ | https://powertech-performance.com/adblue-service | https://powertech-performance.com/ads | https://powertech-performance.com/anfrage-danke | https://powertech-performance.com/blog/ | https://powertech-performance.com/chiptuning | https://powertech-performance.com/eisenach | https://powertech-performance.com/fahrzeugaufbereitung-aus-erfurt | https://powertech-performance.com/gera | https://powertech-performance.com/glosar | https://powertech-performance.com/gotha | https://powertech-performance.com/jena | https://powertech-performance.com/luxus-aufbereitung | https://powertech-performance.com/nordhausen | https://powertech-performance.com/online-termin-buchen | https://powertech-performance.com/pages/agb.html | https://powertech-performance.com/pages/cookie-einstellungen.html | https://powertech-performance.com/pages/datenschutz.html | https://powertech-performance.com/pages/impressum.html | https://powertech-performance.com/pages/kontakt.html | https://powertech-performance.com/suhl;58;21;https://powertech-performance.com/pages/seitenuebersicht.html;"noindex deklariert; robots.txt gesperrt";Live-Host www widerspricht Canonical ohne www | robots-Sperre verhindert noindex-Auslesen | Link zu fehlendem Abschnitt;"Host-Signale vereinheitlichen; Indexierungssignale konsistent halten";P3;;;;;;Hauptseiten | Standorte | Angebote & Service-Landingpages | Blog-Artikel | Rechtliches;Deine Privatsphäre ist uns wichtig | Cookie-Einstellungen;nein;noindex;"[{""src"": ""/images/logo-klein.png"", ""alt"": ""Powertech Performance Logo"", ""loading"": """", ""width"": ""52"", ""height"": ""52""}, {""src"": ""/images/logo-klein.png"", ""alt"": ""Powertech Performance Logo"", ""loading"": """", ""width"": """", ""height"": """"}]";[];[];"[{""id"": """", ""heading"": ""Seitenübersicht""}]";134;pages/seitenuebersicht.html;200;https://www.powertech-performance.com/pages/seitenuebersicht.html;;keine zugeordneten Messwerte;nur Technik / kein Rankingziel;"vermutet aus Seitenindex; Nebenkeywords sind Überschriftenthemen, keine Suchmessung"
https://powertech-performance.com/suhl;Einzugsgebietsseite;Autoaufbereitung Suhl – Fahrzeugpflege & Werterhalt | Powertech Performance;Professionelle Autoaufbereitung für Suhl: Glanz, Schutz und Werterhalt für Ihr Fahrzeug. Jetzt individuelles Angebot sichern.;Ihr Fahrzeug, unser Anspruch: Perfekte Autoaufbereitung für Suhl;Autoaufbereitung Suhl (Standort-Landingpage);Autoaufbereitung Suhl;Weil jedes Auto eine Geschichte erzählt – und wir helfen, sie zu bewahren. | Hol dir den Glanz zurück – mit unserer Profi-Autoaufbereitung. | Über uns – Fahrzeugpflege auf höchstem Niveau mit Benjamin Lemmer;kommerziell / lokal;Einzugsgebiet;https://powertech-performance.com/pages/seitenuebersicht.html;https://powertech-performance.com/ | https://powertech-performance.com/blog/ | https://powertech-performance.com/pages/cookie-einstellungen.html | https://powertech-performance.com/pages/datenschutz.html | https://powertech-performance.com/pages/impressum.html | https://powertech-performance.com/pages/kontakt.html | https://powertech-performance.com/pages/seitenuebersicht.html;1;7;https://powertech-performance.com/suhl;"lokal index erlaubt; Google-Status unbekannt";Live-Host www widerspricht Canonical ohne www | Nur eine verlinkende Seite | Nur aus robots-gesperrter Seitenübersicht erreichbar;"Host-Signale vereinheitlichen; Kontextlinks ergänzen; Cluster-Intention prüfen";P2;;;;;;Weil jedes Auto eine Geschichte erzählt – und wir helfen, sie zu bewahren. | Hol dir den Glanz zurück – mit unserer Profi-Autoaufbereitung. | Über uns – Fahrzeugpflege auf höchstem Niveau mit Benjamin Lemmer | Autoaufbereitung vom Feinsten – Glänzt. Schützt. Begeistert. | Häufig gestellte Fragen Fahrzeugaufbereitung;Lackversiegelung | Lackaufbereitung | Textilreinigung | Ozonbehandlung | Felgenreinigung | Fachberatung | Anfrage stellen | Auto vorstellen | Angebot erhalten | Ihr Ansprechpartner | Deine Privatsphäre ist uns wichtig | Cookie-Einstellungen;ja;;"[{""src"": ""/images/logo-klein.png"", ""alt"": ""Powertech Performance Logo"", ""loading"": """", ""width"": ""52"", ""height"": ""52""}, {""src"": ""/images/service-lackversiegelung.png"", ""alt"": ""Lackversiegelung"", ""loading"": ""lazy"", ""width"": """", ""height"": """"}, {""src"": ""/images/service-lackaufbereitung.png"", ""alt"": ""Lackaufbereitung"", ""loading"": ""lazy"", ""width"": """", ""height"": """"}, {""src"": ""/images/service-textilreinigung.png"", ""alt"": ""Textilreinigung"", ""loading"": ""lazy"", ""width"": """", ""height"": """"}, {""src"": ""/images/service-ozonbehandlung.png"", ""alt"": ""Ozonbehandlung"", ""loading"": ""lazy"", ""width"": """", ""height"": """"}, {""src"": ""/images/service-felgenreinigung.png"", ""alt"": ""Felgenreinigung"", ""loading"": ""lazy"", ""width"": """", ""height"": """"}, {""src"": ""/images/service-fachberatung.png"", ""alt"": ""Fachberatung"", ""loading"": ""lazy"", ""width"": """", ""height"": """"}, {""src"": ""/images/trust-fahrzeug.jpg"", ""alt"": ""Aufbereitetes Fahrzeug"", ""loading"": ""lazy"", ""width"": """", ""height"": """"}, {""src"": ""/images/benjamin-lemmer.jpg"", ""alt"": ""Benjamin Lemmer"", ""loading"": ""lazy"", ""width"": """", ""height"": """"}, {""src"": ""/images/galerie-1.jpg"", ""alt"": ""Fahrzeugaufbereitung – Referenzbild"", ""loading"": ""lazy"", ""width"": """", ""height"": """"}, {""src"": ""/images/galerie-2.jpg"", ""alt"": ""Fahrzeugaufbereitung – Referenzbild"", ""loading"": ""lazy"", ""width"": """", ""height"": """"}, {""src"": ""/images/galerie-3.jpg"", ""alt"": ""Fahrzeugaufbereitung – Referenzbild"", ""loading"": ""lazy"", ""width"": """", ""height"": """"}, {""src"": ""/images/galerie-4.jpg"", ""alt"": ""Fahrzeugaufbereitung – Referenzbild"", ""loading"": ""lazy"", ""width"": """", ""height"": """"}, {""src"": ""/images/logo-klein.png"", ""alt"": ""Powertech Performance Logo"", ""loading"": """", ""width"": """", ""height"": """"}, {""src"": ""/images/logo-klein.png"", ""alt"": ""Powertech Performance Logo"", ""loading"": """", ""width"": """", ""height"": """"}]";[];[];"[{""id"": ""hero"", ""heading"": ""Ihr Fahrzeug, unser Anspruch: Perfekte Autoaufbereitung für Suhl""}, {""id"": ""leistungen"", ""heading"": ""Lackversiegelung""}, {""id"": """", ""heading"": ""Weil jedes Auto eine Geschichte erzählt – und wir helfen, sie zu bewahren.""}, {""id"": """", ""heading"": ""Hol dir den Glanz zurück – mit unserer Profi-Autoaufbereitung.""}, {""id"": """", ""heading"": ""Anfrage stellen""}, {""id"": ""ueber-uns"", ""heading"": ""Über uns – Fahrzeugpflege auf höchstem Niveau mit Benjamin Lemmer""}, {""id"": """", ""heading"": ""Autoaufbereitung vom Feinsten – Glänzt. Schützt. Begeistert.""}, {""id"": ""kontakt"", ""heading"": ""Ihr Ansprechpartner""}, {""id"": ""faq"", ""heading"": ""Häufig gestellte Fragen Fahrzeugaufbereitung""}]";1083;suhl.html;200;https://www.powertech-performance.com/suhl;;keine zugeordneten Messwerte;ja;"vermutet aus Seitenindex; Nebenkeywords sind Überschriftenthemen, keine Suchmessung"
https://www.powertech-performance.com/adblue-deaktivieren-vor-nachteile-wahrheit/;Export-URL ohne erreichbaren Inhalt;;;;Kandidat: https://powertech-performance.com/blog/adblue-deaktivieren-vor-nachteile-wahrheit/;;;;;;;;;;"HTTP 404 am Prüftag; historischer Google-Status unbekannt";Suchdaten-URL derzeit 404;"Inhaltliche Zielgleichheit prüfen; konkreten Wiederherstellungs-/Redirect-Plan freigeben lassen";P1;;6095;;;;;;;;;;;;;;404;https://www.powertech-performance.com/adblue-deaktivieren-vor-nachteile-wahrheit/;https://www.powertech-performance.com/adblue-deaktivieren-vor-nachteile-wahrheit/;"exakter Originaldatensatz; keine Übertragung auf Kandidaten";URL-Zuordnung prüfen;
https://www.powertech-performance.com/auto-selber-waschen-erfurt/;Export-URL ohne erreichbaren Inhalt;;;;Kandidat: https://powertech-performance.com/blog/auto-selber-waschen-erfurt/;;;;;;;;;;"HTTP 404 am Prüftag; historischer Google-Status unbekannt";Suchdaten-URL derzeit 404;"Inhaltliche Zielgleichheit prüfen; konkreten Wiederherstellungs-/Redirect-Plan freigeben lassen";P1;;48;;;;;;;;;;;;;;404;https://www.powertech-performance.com/auto-selber-waschen-erfurt/;https://www.powertech-performance.com/auto-selber-waschen-erfurt/;"exakter Originaldatensatz; keine Übertragung auf Kandidaten";URL-Zuordnung prüfen;
https://www.powertech-performance.com/chiptuning-raum-erfurt/;Export-URL ohne erreichbaren Inhalt;;;;Kandidat: https://powertech-performance.com/blog/chiptuning-raum-erfurt/;;;;;;;;;;"HTTP 404 am Prüftag; historischer Google-Status unbekannt";Suchdaten-URL derzeit 404;"Inhaltliche Zielgleichheit prüfen; konkreten Wiederherstellungs-/Redirect-Plan freigeben lassen";P1;;47;;;;;;;;;;;;;;404;https://www.powertech-performance.com/chiptuning-raum-erfurt/;https://www.powertech-performance.com/chiptuning-raum-erfurt/;"exakter Originaldatensatz; keine Übertragung auf Kandidaten";URL-Zuordnung prüfen;
https://www.powertech-performance.com/softwareoptimierung-dpf-off-erfurt/;Export-URL ohne erreichbaren Inhalt;;;;Kandidat: https://powertech-performance.com/blog/softwareoptimierung-dpf-off-erfurt/;;;;;;;;;;"HTTP 404 am Prüftag; historischer Google-Status unbekannt";Suchdaten-URL derzeit 404;"Inhaltliche Zielgleichheit prüfen; konkreten Wiederherstellungs-/Redirect-Plan freigeben lassen";P1;;33;;;;;;;;;;;;;;404;https://www.powertech-performance.com/softwareoptimierung-dpf-off-erfurt/;https://www.powertech-performance.com/softwareoptimierung-dpf-off-erfurt/;"exakter Originaldatensatz; keine Übertragung auf Kandidaten";URL-Zuordnung prüfen;
https://www.powertech-performance.com/adblue-deaktivierung/;Export-URL ohne erreichbaren Inhalt;;;;Kandidat: https://powertech-performance.com/blog/adblue-deaktivierung/;;;;;;;;;;"HTTP 404 am Prüftag; historischer Google-Status unbekannt";Suchdaten-URL derzeit 404;"Inhaltliche Zielgleichheit prüfen; konkreten Wiederherstellungs-/Redirect-Plan freigeben lassen";P1;;22;;;;;;;;;;;;;;404;https://www.powertech-performance.com/adblue-deaktivierung/;https://www.powertech-performance.com/adblue-deaktivierung/;"exakter Originaldatensatz; keine Übertragung auf Kandidaten";URL-Zuordnung prüfen;
https://www.powertech-performance.com/adblue-deaktivieren/;Export-URL ohne erreichbaren Inhalt;;;;Kandidat: https://powertech-performance.com/adblue-service;;;;;;;;;;"HTTP 404 am Prüftag; historischer Google-Status unbekannt";Suchdaten-URL derzeit 404;"Inhaltliche Zielgleichheit prüfen; konkreten Wiederherstellungs-/Redirect-Plan freigeben lassen";P1;;21;;;;;;;;;;;;;;404;https://www.powertech-performance.com/adblue-deaktivieren/;https://www.powertech-performance.com/adblue-deaktivieren/;"exakter Originaldatensatz; keine Übertragung auf Kandidaten";URL-Zuordnung prüfen;
https://www.powertech-performance.com/chiptuning/;Export-URL ohne erreichbaren Inhalt;;;;Kandidat: https://powertech-performance.com/chiptuning;;;;;;;;;;"HTTP 404 am Prüftag; historischer Google-Status unbekannt";Suchdaten-URL derzeit 404;"Inhaltliche Zielgleichheit prüfen; konkreten Wiederherstellungs-/Redirect-Plan freigeben lassen";P1;;17;;;;;;;;;;;;;;404;https://www.powertech-performance.com/chiptuning/;https://www.powertech-performance.com/chiptuning/;"exakter Originaldatensatz; keine Übertragung auf Kandidaten";URL-Zuordnung prüfen;
https://www.powertech-performance.com/nordhausen/;Export-URL ohne erreichbaren Inhalt;;;;Kandidat: https://powertech-performance.com/nordhausen;;;;;;;;;;"HTTP 404 am Prüftag; historischer Google-Status unbekannt";Suchdaten-URL derzeit 404;"Inhaltliche Zielgleichheit prüfen; konkreten Wiederherstellungs-/Redirect-Plan freigeben lassen";P1;;8;;;;;;;;;;;;;;404;https://www.powertech-performance.com/nordhausen/;https://www.powertech-performance.com/nordhausen/;"exakter Originaldatensatz; keine Übertragung auf Kandidaten";URL-Zuordnung prüfen;
https://www.powertech-performance.com/gotha/;Export-URL ohne erreichbaren Inhalt;;;;Kandidat: https://powertech-performance.com/gotha;;;;;;;;;;"HTTP 404 am Prüftag; historischer Google-Status unbekannt";Suchdaten-URL derzeit 404;"Inhaltliche Zielgleichheit prüfen; konkreten Wiederherstellungs-/Redirect-Plan freigeben lassen";P1;;4;;;;;;;;;;;;;;404;https://www.powertech-performance.com/gotha/;https://www.powertech-performance.com/gotha/;"exakter Originaldatensatz; keine Übertragung auf Kandidaten";URL-Zuordnung prüfen;
https://www.powertech-performance.com/fahrzeugaufbereitung-erfurt/;Export-URL ohne erreichbaren Inhalt;;;;Kandidat: https://powertech-performance.com/blog/fahrzeugaufbereitung-erfurt/;;;;;;;;;;"HTTP 404 am Prüftag; historischer Google-Status unbekannt";Suchdaten-URL derzeit 404;"Inhaltliche Zielgleichheit prüfen; konkreten Wiederherstellungs-/Redirect-Plan freigeben lassen";P1;;3;;;;;;;;;;;;;;404;https://www.powertech-performance.com/fahrzeugaufbereitung-erfurt/;https://www.powertech-performance.com/fahrzeugaufbereitung-erfurt/;"exakter Originaldatensatz; keine Übertragung auf Kandidaten";URL-Zuordnung prüfen;
https://www.powertech-performance.com/lackierung-oldtimer-erfurt-lackaufbereitung-keramik/;Export-URL ohne erreichbaren Inhalt;;;;Kandidat: https://powertech-performance.com/blog/lackierung-oldtimer-erfurt-lackaufbereitung-keramik/;;;;;;;;;;"HTTP 404 am Prüftag; historischer Google-Status unbekannt";Suchdaten-URL derzeit 404;"Inhaltliche Zielgleichheit prüfen; konkreten Wiederherstellungs-/Redirect-Plan freigeben lassen";P1;;3;;;;;;;;;;;;;;404;https://www.powertech-performance.com/lackierung-oldtimer-erfurt-lackaufbereitung-keramik/;https://www.powertech-performance.com/lackierung-oldtimer-erfurt-lackaufbereitung-keramik/;"exakter Originaldatensatz; keine Übertragung auf Kandidaten";URL-Zuordnung prüfen;
https://www.powertech-performance.com/leasing-rueckgabe-aufbereitung-erfurt/;Export-URL ohne erreichbaren Inhalt;;;;Kandidat: https://powertech-performance.com/blog/leasing-rueckgabe-aufbereitung-erfurt/;;;;;;;;;;"HTTP 404 am Prüftag; historischer Google-Status unbekannt";Suchdaten-URL derzeit 404;"Inhaltliche Zielgleichheit prüfen; konkreten Wiederherstellungs-/Redirect-Plan freigeben lassen";P1;;3;;;;;;;;;;;;;;404;https://www.powertech-performance.com/leasing-rueckgabe-aufbereitung-erfurt/;https://www.powertech-performance.com/leasing-rueckgabe-aufbereitung-erfurt/;"exakter Originaldatensatz; keine Übertragung auf Kandidaten";URL-Zuordnung prüfen;
https://www.powertech-performance.com/softwareoptimierung-erfurt/;Export-URL ohne erreichbaren Inhalt;;;;Kandidat: https://powertech-performance.com/blog/softwareoptimierung-erfurt/;;;;;;;;;;"HTTP 404 am Prüftag; historischer Google-Status unbekannt";Suchdaten-URL derzeit 404;"Inhaltliche Zielgleichheit prüfen; konkreten Wiederherstellungs-/Redirect-Plan freigeben lassen";P1;;3;;;;;;;;;;;;;;404;https://www.powertech-performance.com/softwareoptimierung-erfurt/;https://www.powertech-performance.com/softwareoptimierung-erfurt/;"exakter Originaldatensatz; keine Übertragung auf Kandidaten";URL-Zuordnung prüfen;
https://www.powertech-performance.com/suhl/;Export-URL ohne erreichbaren Inhalt;;;;Kandidat: https://powertech-performance.com/suhl;;;;;;;;;;"HTTP 404 am Prüftag; historischer Google-Status unbekannt";Suchdaten-URL derzeit 404;"Inhaltliche Zielgleichheit prüfen; konkreten Wiederherstellungs-/Redirect-Plan freigeben lassen";P1;;3;;;;;;;;;;;;;;404;https://www.powertech-performance.com/suhl/;https://www.powertech-performance.com/suhl/;"exakter Originaldatensatz; keine Übertragung auf Kandidaten";URL-Zuordnung prüfen;
https://www.powertech-performance.com/gera/;Export-URL ohne erreichbaren Inhalt;;;;Kandidat: https://powertech-performance.com/gera;;;;;;;;;;"HTTP 404 am Prüftag; historischer Google-Status unbekannt";Suchdaten-URL derzeit 404;"Inhaltliche Zielgleichheit prüfen; konkreten Wiederherstellungs-/Redirect-Plan freigeben lassen";P1;;2;;;;;;;;;;;;;;404;https://www.powertech-performance.com/gera/;https://www.powertech-performance.com/gera/;"exakter Originaldatensatz; keine Übertragung auf Kandidaten";URL-Zuordnung prüfen;
https://www.powertech-performance.com/oldtimer-aufbereitung-erfurt-wertschonende-pflege/;Export-URL ohne erreichbaren Inhalt;;;;Kandidat: https://powertech-performance.com/blog/oldtimer-aufbereitung-erfurt-wertschonende-pflege/;;;;;;;;;;"HTTP 404 am Prüftag; historischer Google-Status unbekannt";Suchdaten-URL derzeit 404;"Inhaltliche Zielgleichheit prüfen; konkreten Wiederherstellungs-/Redirect-Plan freigeben lassen";P1;;2;;;;;;;;;;;;;;404;https://www.powertech-performance.com/oldtimer-aufbereitung-erfurt-wertschonende-pflege/;https://www.powertech-performance.com/oldtimer-aufbereitung-erfurt-wertschonende-pflege/;"exakter Originaldatensatz; keine Übertragung auf Kandidaten";URL-Zuordnung prüfen;
https://www.powertech-performance.com/online-termin-buchen/;Export-URL ohne erreichbaren Inhalt;;;;Kandidat: https://powertech-performance.com/online-termin-buchen;;;;;;;;;;"HTTP 404 am Prüftag; historischer Google-Status unbekannt";Suchdaten-URL derzeit 404;"Inhaltliche Zielgleichheit prüfen; konkreten Wiederherstellungs-/Redirect-Plan freigeben lassen";P1;;2;;;;;;;;;;;;;;404;https://www.powertech-performance.com/online-termin-buchen/;https://www.powertech-performance.com/online-termin-buchen/;"exakter Originaldatensatz; keine Übertragung auf Kandidaten";URL-Zuordnung prüfen;
https://www.powertech-performance.com/professionelle-keramikversiegelung-erfurt/;Export-URL ohne erreichbaren Inhalt;;;;Kandidat: https://powertech-performance.com/blog/professionelle-keramikversiegelung-erfurt/;;;;;;;;;;"HTTP 404 am Prüftag; historischer Google-Status unbekannt";Suchdaten-URL derzeit 404;"Inhaltliche Zielgleichheit prüfen; konkreten Wiederherstellungs-/Redirect-Plan freigeben lassen";P1;;2;;;;;;;;;;;;;;404;https://www.powertech-performance.com/professionelle-keramikversiegelung-erfurt/;https://www.powertech-performance.com/professionelle-keramikversiegelung-erfurt/;"exakter Originaldatensatz; keine Übertragung auf Kandidaten";URL-Zuordnung prüfen;
https://www.powertech-performance.com/audi-r8-aufbereitung-erfurt-keramikversiegelung/;Export-URL ohne erreichbaren Inhalt;;;;Kandidat: https://powertech-performance.com/blog/audi-r8-aufbereitung-erfurt-keramikversiegelung/;;;;;;;;;;"HTTP 404 am Prüftag; historischer Google-Status unbekannt";Suchdaten-URL derzeit 404;"Inhaltliche Zielgleichheit prüfen; konkreten Wiederherstellungs-/Redirect-Plan freigeben lassen";P1;;1;;;;;;;;;;;;;;404;https://www.powertech-performance.com/audi-r8-aufbereitung-erfurt-keramikversiegelung/;https://www.powertech-performance.com/audi-r8-aufbereitung-erfurt-keramikversiegelung/;"exakter Originaldatensatz; keine Übertragung auf Kandidaten";URL-Zuordnung prüfen;
https://www.powertech-performance.com/boot-aufbereitung-keramikversiegelung-marine/;Export-URL ohne erreichbaren Inhalt;;;;Kandidat: https://powertech-performance.com/blog/boot-aufbereitung-keramikversiegelung-marine/;;;;;;;;;;"HTTP 404 am Prüftag; historischer Google-Status unbekannt";Suchdaten-URL derzeit 404;"Inhaltliche Zielgleichheit prüfen; konkreten Wiederherstellungs-/Redirect-Plan freigeben lassen";P1;;1;;;;;;;;;;;;;;404;https://www.powertech-performance.com/boot-aufbereitung-keramikversiegelung-marine/;https://www.powertech-performance.com/boot-aufbereitung-keramikversiegelung-marine/;"exakter Originaldatensatz; keine Übertragung auf Kandidaten";URL-Zuordnung prüfen;
https://www.powertech-performance.com/harte-und-weiche-autolacke-der-geheime-schlssel-zur-perfekten-lackaufbereitung-2/;Export-URL ohne erreichbaren Inhalt;;;;Kandidat: https://powertech-performance.com/blog/harte-und-weiche-autolacke-der-geheime-schlssel-zur-perfekten-lackaufbereitung-2/;;;;;;;;;;"HTTP 404 am Prüftag; historischer Google-Status unbekannt";Suchdaten-URL derzeit 404;"Inhaltliche Zielgleichheit prüfen; konkreten Wiederherstellungs-/Redirect-Plan freigeben lassen";P1;;1;;;;;;;;;;;;;;404;https://www.powertech-performance.com/harte-und-weiche-autolacke-der-geheime-schlssel-zur-perfekten-lackaufbereitung-2/;https://www.powertech-performance.com/harte-und-weiche-autolacke-der-geheime-schlssel-zur-perfekten-lackaufbereitung-2/;"exakter Originaldatensatz; keine Übertragung auf Kandidaten";URL-Zuordnung prüfen;
https://www.powertech-performance.com/keramik-fuer-auto-erfurt-vorteile-haltbarkeit/;Export-URL ohne erreichbaren Inhalt;;;;Kandidat: https://powertech-performance.com/blog/keramik-fuer-auto-erfurt-vorteile-haltbarkeit/;;;;;;;;;;"HTTP 404 am Prüftag; historischer Google-Status unbekannt";Suchdaten-URL derzeit 404;"Inhaltliche Zielgleichheit prüfen; konkreten Wiederherstellungs-/Redirect-Plan freigeben lassen";P1;;1;;;;;;;;;;;;;;404;https://www.powertech-performance.com/keramik-fuer-auto-erfurt-vorteile-haltbarkeit/;https://www.powertech-performance.com/keramik-fuer-auto-erfurt-vorteile-haltbarkeit/;"exakter Originaldatensatz; keine Übertragung auf Kandidaten";URL-Zuordnung prüfen;
https://www.powertech-performance.com/professionelle-cabrioverdeck-impraegnierung-und-reinigung/;Export-URL ohne erreichbaren Inhalt;;;;Kandidat: https://powertech-performance.com/blog/professionelle-cabrioverdeck-impraegnierung-und-reinigung/;;;;;;;;;;"HTTP 404 am Prüftag; historischer Google-Status unbekannt";Suchdaten-URL derzeit 404;"Inhaltliche Zielgleichheit prüfen; konkreten Wiederherstellungs-/Redirect-Plan freigeben lassen";P1;;1;;;;;;;;;;;;;;404;https://www.powertech-performance.com/professionelle-cabrioverdeck-impraegnierung-und-reinigung/;https://www.powertech-performance.com/professionelle-cabrioverdeck-impraegnierung-und-reinigung/;"exakter Originaldatensatz; keine Übertragung auf Kandidaten";URL-Zuordnung prüfen;
https://www.powertech-performance.com/profi-keramikversiegelung/;Export-URL ohne erreichbaren Inhalt;;;;Kandidat: https://powertech-performance.com/blog/profi-keramikversiegelung/;;;;;;;;;;"HTTP 404 am Prüftag; historischer Google-Status unbekannt";Suchdaten-URL derzeit 404;"Inhaltliche Zielgleichheit prüfen; konkreten Wiederherstellungs-/Redirect-Plan freigeben lassen";P1;;1;;;;;;;;;;;;;;404;https://www.powertech-performance.com/profi-keramikversiegelung/;https://www.powertech-performance.com/profi-keramikversiegelung/;"exakter Originaldatensatz; keine Übertragung auf Kandidaten";URL-Zuordnung prüfen;
