Quellseite;Zielseite;Anchor-Text;Link-Typ;Position/Kontext;Themencluster;Bewertung;Optimierungsvorschlag;Lokale Ziel-URL;nofollow;Status;Änderung;Veröffentlichung
https://www.powertech-performance.com/adblue-service;https://www.powertech-performance.com/;Powertech Performance Logo;Bestand: Seitenlink;Header;AdBlue / SCR / DPF;lokal auflösbar;;https://www.powertech-performance.com/;nein;umgesetzt;vorhanden, geprüft;ausstehend
https://www.powertech-performance.com/adblue-service;https://www.powertech-performance.com/adblue-service#leistungen;Leistungen;Bestand: Sprunglink;Navigation;AdBlue / SCR / DPF;lokal auflösbar;;https://www.powertech-performance.com/adblue-service;nein;umgesetzt;vorhanden, geprüft;ausstehend
https://www.powertech-performance.com/adblue-service;https://www.powertech-performance.com/adblue-service#ablauf;Ablauf;Bestand: Sprunglink;Navigation;AdBlue / SCR / DPF;lokal auflösbar;;https://www.powertech-performance.com/adblue-service;nein;umgesetzt;vorhanden, geprüft;ausstehend
https://www.powertech-performance.com/adblue-service;https://www.powertech-performance.com/adblue-service#fahrzeuge;Fahrzeuge;Bestand: Sprunglink;Navigation;AdBlue / SCR / DPF;lokal auflösbar;;https://www.powertech-performance.com/adblue-service;nein;umgesetzt;vorhanden, geprüft;ausstehend
https://www.powertech-performance.com/adblue-service;https://www.powertech-performance.com/adblue-service#faq;FAQ;Bestand: Sprunglink;Navigation;AdBlue / SCR / DPF;lokal auflösbar;;https://www.powertech-performance.com/adblue-service;nein;umgesetzt;vorhanden, geprüft;ausstehend
https://www.powertech-performance.com/adblue-service;https://www.powertech-performance.com/adblue-service#adblue-formular;Fahrzeug prüfen lassen;Bestand: Sprunglink;Inhalt;AdBlue / SCR / DPF;lokal auflösbar;;https://www.powertech-performance.com/adblue-service;nein;umgesetzt;vorhanden, geprüft;ausstehend
https://www.powertech-performance.com/adblue-service;https://www.powertech-performance.com/adblue-service#adblue-formular;Fehlerbild übermitteln;Bestand: Sprunglink;Inhalt;AdBlue / SCR / DPF;lokal auflösbar;;https://www.powertech-performance.com/adblue-service;nein;umgesetzt;vorhanden, geprüft;ausstehend
https://www.powertech-performance.com/adblue-service;https://www.powertech-performance.com/adblue-service#adblue-formular;Pkw prüfen lassen;Bestand: Sprunglink;Inhalt;AdBlue / SCR / DPF;lokal auflösbar;;https://www.powertech-performance.com/adblue-service;nein;umgesetzt;vorhanden, geprüft;ausstehend
https://www.powertech-performance.com/adblue-service;https://www.powertech-performance.com/adblue-service#adblue-formular;Transporter anfragen;Bestand: Sprunglink;Inhalt;AdBlue / SCR / DPF;lokal auflösbar;;https://www.powertech-performance.com/adblue-service;nein;umgesetzt;vorhanden, geprüft;ausstehend
https://www.powertech-performance.com/adblue-service;https://www.powertech-performance.com/adblue-service#adblue-formular;Wohnmobil prüfen lassen;Bestand: Sprunglink;Inhalt;AdBlue / SCR / DPF;lokal auflösbar;;https://www.powertech-performance.com/adblue-service;nein;umgesetzt;vorhanden, geprüft;ausstehend
https://www.powertech-performance.com/adblue-service;https://www.powertech-performance.com/adblue-service#adblue-formular;Fahrzeugdaten jetzt senden;Bestand: Sprunglink;Inhalt;AdBlue / SCR / DPF;lokal auflösbar;;https://www.powertech-performance.com/adblue-service;nein;umgesetzt;vorhanden, geprüft;ausstehend
https://www.powertech-performance.com/adblue-service;https://www.powertech-performance.com/adblue-service#adblue-formular;Anfrage senden;Bestand: Sprunglink;Inhalt;AdBlue / SCR / DPF;lokal auflösbar;;https://www.powertech-performance.com/adblue-service;nein;umgesetzt;vorhanden, geprüft;ausstehend
https://www.powertech-performance.com/adblue-service;https://www.powertech-performance.com/pages/impressum.html;Impressum;Bestand: Seitenlink;Navigation;AdBlue / SCR / DPF;lokal auflösbar;;https://www.powertech-performance.com/pages/impressum.html;nein;umgesetzt;vorhanden, geprüft;ausstehend
https://www.powertech-performance.com/adblue-service;https://www.powertech-performance.com/pages/datenschutz.html;Datenschutzerklärung;Bestand: Seitenlink;Navigation;AdBlue / SCR / DPF;lokal auflösbar;;https://www.powertech-performance.com/pages/datenschutz.html;nein;umgesetzt;vorhanden, geprüft;ausstehend
https://www.powertech-performance.com/adblue-service;https://www.powertech-performance.com/pages/kontakt.html;Kontakt;Bestand: Seitenlink;Navigation;AdBlue / SCR / DPF;lokal auflösbar;;https://www.powertech-performance.com/pages/kontakt.html;nein;umgesetzt;vorhanden, geprüft;ausstehend
https://www.powertech-performance.com/adblue-service;https://www.powertech-performance.com/pages/cookie-einstellungen.html;Cookie-Einstellungen;Bestand: Seitenlink;Navigation;AdBlue / SCR / DPF;lokal auflösbar;;https://www.powertech-performance.com/pages/cookie-einstellungen.html;nein;umgesetzt;vorhanden, geprüft;ausstehend
https://www.powertech-performance.com/adblue-service;https://www.powertech-performance.com/pages/impressum.html;Impressum;Bestand: Seitenlink;Inhalt;AdBlue / SCR / DPF;lokal auflösbar;;https://www.powertech-performance.com/pages/impressum.html;nein;umgesetzt;vorhanden, geprüft;ausstehend
https://www.powertech-performance.com/ads;https://www.powertech-performance.com/;Powertech Performance Logo;Bestand: Seitenlink;Header;Autoaufbereitung;lokal auflösbar;;https://www.powertech-performance.com/;nein;umgesetzt;vorhanden, geprüft;ausstehend
https://www.powertech-performance.com/ads;https://www.powertech-performance.com/ads#leistungen;Autoaufbereitung;Bestand: Sprunglink;Navigation;Autoaufbereitung;lokal auflösbar;;https://www.powertech-performance.com/ads;nein;umgesetzt;vorhanden, geprüft;ausstehend
https://www.powertech-performance.com/ads;https://www.powertech-performance.com/ads#ueber-uns;Über uns;Bestand: Sprunglink;Navigation;Autoaufbereitung;lokal auflösbar;;https://www.powertech-performance.com/ads;nein;umgesetzt;vorhanden, geprüft;ausstehend
https://www.powertech-performance.com/ads;https://www.powertech-performance.com/ads#faq;Häufige Fragen;Bestand: Sprunglink;Navigation;Autoaufbereitung;lokal auflösbar;;https://www.powertech-performance.com/ads;nein;umgesetzt;vorhanden, geprüft;ausstehend
https://www.powertech-performance.com/ads;https://www.powertech-performance.com/blog/;Blog;Bestand: Seitenlink;Navigation;Autoaufbereitung;lokal auflösbar;;https://www.powertech-performance.com/blog/;nein;umgesetzt;vorhanden, geprüft;ausstehend
https://www.powertech-performance.com/ads;https://www.powertech-performance.com/pages/kontakt.html;Kontakt;Bestand: Seitenlink;Navigation;Autoaufbereitung;lokal auflösbar;;https://www.powertech-performance.com/pages/kontakt.html;nein;umgesetzt;vorhanden, geprüft;ausstehend
https://www.powertech-performance.com/ads;https://www.powertech-performance.com/ads#kontakt;👉 Jetzt Termin für Ihre Autoaufbereitung anfragen!;Bestand: Sprunglink;Inhalt;Autoaufbereitung;lokal auflösbar;;https://www.powertech-performance.com/ads;nein;umgesetzt;vorhanden, geprüft;ausstehend
https://www.powertech-performance.com/ads;https://www.powertech-performance.com/ads#kontakt;👉 Sofort Angebot einholen;Bestand: Sprunglink;Inhalt;Autoaufbereitung;lokal auflösbar;;https://www.powertech-performance.com/ads;nein;umgesetzt;vorhanden, geprüft;ausstehend
https://www.powertech-performance.com/ads;https://www.powertech-performance.com/;Autoaufbereitung in Erfurt;Bestand: Seitenlink;Inhalt;Autoaufbereitung;lokal auflösbar;;https://www.powertech-performance.com/;nein;umgesetzt;neu oder gezielt geändert;ausstehend
https://www.powertech-performance.com/ads;https://www.powertech-performance.com/pages/impressum.html;Impressum;Bestand: Seitenlink;Navigation;Autoaufbereitung;lokal auflösbar;;https://www.powertech-performance.com/pages/impressum.html;nein;umgesetzt;vorhanden, geprüft;ausstehend
https://www.powertech-performance.com/ads;https://www.powertech-performance.com/pages/datenschutz.html;Datenschutzerklärung;Bestand: Seitenlink;Navigation;Autoaufbereitung;lokal auflösbar;;https://www.powertech-performance.com/pages/datenschutz.html;nein;umgesetzt;vorhanden, geprüft;ausstehend
https://www.powertech-performance.com/ads;https://www.powertech-performance.com/pages/cookie-einstellungen.html;Cookie-Einstellungen;Bestand: Seitenlink;Navigation;Autoaufbereitung;lokal auflösbar;;https://www.powertech-performance.com/pages/cookie-einstellungen.html;nein;umgesetzt;vorhanden, geprüft;ausstehend
https://www.powertech-performance.com/ads;https://www.powertech-performance.com/pages/seitenuebersicht.html;Seitenübersicht;Bestand: Seitenlink;Navigation;Autoaufbereitung;lokal auflösbar;;https://www.powertech-performance.com/pages/seitenuebersicht.html;nein;umgesetzt;vorhanden, geprüft;ausstehend
https://www.powertech-performance.com/ads;https://www.powertech-performance.com/pages/impressum.html;Impressum;Bestand: Seitenlink;Inhalt;Autoaufbereitung;lokal auflösbar;;https://www.powertech-performance.com/pages/impressum.html;nein;umgesetzt;vorhanden, geprüft;ausstehend
https://www.powertech-performance.com/anfrage-danke;https://www.powertech-performance.com/;Powertech Performance Logo;Bestand: Seitenlink;Header;Kontakt / Service / Recht;lokal auflösbar;;https://www.powertech-performance.com/;nein;umgesetzt;vorhanden, geprüft;ausstehend
https://www.powertech-performance.com/anfrage-danke;https://www.powertech-performance.com/#leistungen;Autoaufbereitung;Bestand: Sprunglink;Navigation;Kontakt / Service / Recht;lokal auflösbar;;https://www.powertech-performance.com/;nein;umgesetzt;vorhanden, geprüft;ausstehend
https://www.powertech-performance.com/anfrage-danke;https://www.powertech-performance.com/#standort;Standort & Kontakt;Bestand: Sprunglink;Navigation;Kontakt / Service / Recht;lokal auflösbar;;https://www.powertech-performance.com/;nein;umgesetzt;neu oder gezielt geändert;ausstehend
https://www.powertech-performance.com/anfrage-danke;https://www.powertech-performance.com/blog/;Blog;Bestand: Seitenlink;Navigation;Kontakt / Service / Recht;lokal auflösbar;;https://www.powertech-performance.com/blog/;nein;umgesetzt;vorhanden, geprüft;ausstehend
https://www.powertech-performance.com/anfrage-danke;https://www.powertech-performance.com/pages/kontakt.html;Kontakt;Bestand: Seitenlink;Navigation;Kontakt / Service / Recht;lokal auflösbar;;https://www.powertech-performance.com/pages/kontakt.html;nein;umgesetzt;vorhanden, geprüft;ausstehend
https://www.powertech-performance.com/anfrage-danke;https://www.powertech-performance.com/;Zurück zur Startseite;Bestand: Seitenlink;Inhalt;Kontakt / Service / Recht;lokal auflösbar;;https://www.powertech-performance.com/;nein;umgesetzt;vorhanden, geprüft;ausstehend
https://www.powertech-performance.com/anfrage-danke;https://www.powertech-performance.com/pages/kontakt.html;Zur Kontaktseite;Bestand: Seitenlink;Inhalt;Kontakt / Service / Recht;lokal auflösbar;;https://www.powertech-performance.com/pages/kontakt.html;nein;umgesetzt;vorhanden, geprüft;ausstehend
https://www.powertech-performance.com/anfrage-danke;https://www.powertech-performance.com/pages/impressum.html;Impressum;Bestand: Seitenlink;Navigation;Kontakt / Service / Recht;lokal auflösbar;;https://www.powertech-performance.com/pages/impressum.html;nein;umgesetzt;vorhanden, geprüft;ausstehend
https://www.powertech-performance.com/anfrage-danke;https://www.powertech-performance.com/pages/datenschutz.html;Datenschutzerklärung;Bestand: Seitenlink;Navigation;Kontakt / Service / Recht;lokal auflösbar;;https://www.powertech-performance.com/pages/datenschutz.html;nein;umgesetzt;vorhanden, geprüft;ausstehend
https://www.powertech-performance.com/anfrage-danke;https://www.powertech-performance.com/pages/cookie-einstellungen.html;Cookie-Einstellungen;Bestand: Seitenlink;Navigation;Kontakt / Service / Recht;lokal auflösbar;;https://www.powertech-performance.com/pages/cookie-einstellungen.html;nein;umgesetzt;vorhanden, geprüft;ausstehend
https://www.powertech-performance.com/anfrage-danke;https://www.powertech-performance.com/pages/seitenuebersicht.html;Seitenübersicht;Bestand: Seitenlink;Navigation;Kontakt / Service / Recht;lokal auflösbar;;https://www.powertech-performance.com/pages/seitenuebersicht.html;nein;umgesetzt;vorhanden, geprüft;ausstehend
https://www.powertech-performance.com/anfrage-danke;https://www.powertech-performance.com/pages/impressum.html;Impressum;Bestand: Seitenlink;Inhalt;Kontakt / Service / Recht;lokal auflösbar;;https://www.powertech-performance.com/pages/impressum.html;nein;umgesetzt;vorhanden, geprüft;ausstehend
https://www.powertech-performance.com/blog/1-step-2-step-oder-lackkorrektur-lackaufbereitung-im-vergleich/;https://www.powertech-performance.com/;Powertech Performance Logo;Bestand: Seitenlink;Header;Lackaufbereitung;lokal auflösbar;;https://www.powertech-performance.com/;nein;umgesetzt;vorhanden, geprüft;ausstehend
https://www.powertech-performance.com/blog/1-step-2-step-oder-lackkorrektur-lackaufbereitung-im-vergleich/;https://www.powertech-performance.com/#leistungen;Autoaufbereitung;Bestand: Sprunglink;Navigation;Lackaufbereitung;lokal auflösbar;;https://www.powertech-performance.com/;nein;umgesetzt;vorhanden, geprüft;ausstehend
https://www.powertech-performance.com/blog/1-step-2-step-oder-lackkorrektur-lackaufbereitung-im-vergleich/;https://www.powertech-performance.com/#standort;Standort & Kontakt;Bestand: Sprunglink;Navigation;Lackaufbereitung;lokal auflösbar;;https://www.powertech-performance.com/;nein;umgesetzt;neu oder gezielt geändert;ausstehend
https://www.powertech-performance.com/blog/1-step-2-step-oder-lackkorrektur-lackaufbereitung-im-vergleich/;https://www.powertech-performance.com/blog/;Blog;Bestand: Seitenlink;Navigation;Lackaufbereitung;lokal auflösbar;;https://www.powertech-performance.com/blog/;nein;umgesetzt;vorhanden, geprüft;ausstehend
https://www.powertech-performance.com/blog/1-step-2-step-oder-lackkorrektur-lackaufbereitung-im-vergleich/;https://www.powertech-performance.com/pages/kontakt.html;Kontakt;Bestand: Seitenlink;Navigation;Lackaufbereitung;lokal auflösbar;;https://www.powertech-performance.com/pages/kontakt.html;nein;umgesetzt;vorhanden, geprüft;ausstehend
https://www.powertech-performance.com/blog/1-step-2-step-oder-lackkorrektur-lackaufbereitung-im-vergleich/;https://www.powertech-performance.com/pages/kontakt.html;Jetzt anfragen;Bestand: Seitenlink;Inhalt;Lackaufbereitung;lokal auflösbar;;https://www.powertech-performance.com/pages/kontakt.html;nein;umgesetzt;vorhanden, geprüft;ausstehend
https://www.powertech-performance.com/blog/1-step-2-step-oder-lackkorrektur-lackaufbereitung-im-vergleich/;https://www.powertech-performance.com/;Startseite;Bestand: Seitenlink;Breadcrumb;Lackaufbereitung;lokal auflösbar;;https://www.powertech-performance.com/;nein;umgesetzt;neu oder gezielt geändert;ausstehend
https://www.powertech-performance.com/blog/1-step-2-step-oder-lackkorrektur-lackaufbereitung-im-vergleich/;https://www.powertech-performance.com/blog/;Ratgeber;Bestand: Seitenlink;Breadcrumb;Lackaufbereitung;lokal auflösbar;;https://www.powertech-performance.com/blog/;nein;umgesetzt;neu oder gezielt geändert;ausstehend
https://www.powertech-performance.com/blog/1-step-2-step-oder-lackkorrektur-lackaufbereitung-im-vergleich/;https://www.powertech-performance.com/pages/kontakt.html;Jetzt unverbindlich anfragen;Bestand: Seitenlink;Inhalt;Lackaufbereitung;lokal auflösbar;;https://www.powertech-performance.com/pages/kontakt.html;nein;umgesetzt;vorhanden, geprüft;ausstehend
https://www.powertech-performance.com/blog/1-step-2-step-oder-lackkorrektur-lackaufbereitung-im-vergleich/;https://www.powertech-performance.com/blog/harte-weiche-autolacke-lackaufbereitung/;Lackhärte und Politurverfahren;Bestand: Seitenlink;Inhalt;Lackaufbereitung;lokal auflösbar;;https://www.powertech-performance.com/blog/harte-weiche-autolacke-lackaufbereitung/;nein;umgesetzt;neu oder gezielt geändert;ausstehend
https://www.powertech-performance.com/blog/1-step-2-step-oder-lackkorrektur-lackaufbereitung-im-vergleich/;https://www.powertech-performance.com/blog/1-step-politur-erklaert/;1-Step Politur erklärt – Glanz für den Autolack;Bestand: Seitenlink;Inhalt;Lackaufbereitung;lokal auflösbar;;https://www.powertech-performance.com/blog/1-step-politur-erklaert/;nein;umgesetzt;neu oder gezielt geändert;ausstehend
https://www.powertech-performance.com/blog/1-step-2-step-oder-lackkorrektur-lackaufbereitung-im-vergleich/;https://www.powertech-performance.com/#leistungen;Alle Leistungen ansehen;Bestand: Sprunglink;Sidebar;Lackaufbereitung;lokal auflösbar;;https://www.powertech-performance.com/;nein;umgesetzt;vorhanden, geprüft;ausstehend
https://www.powertech-performance.com/blog/1-step-2-step-oder-lackkorrektur-lackaufbereitung-im-vergleich/;https://www.powertech-performance.com/pages/kontakt.html;Zur Kontaktseite;Bestand: Seitenlink;Sidebar;Lackaufbereitung;lokal auflösbar;;https://www.powertech-performance.com/pages/kontakt.html;nein;umgesetzt;vorhanden, geprüft;ausstehend
https://www.powertech-performance.com/blog/1-step-2-step-oder-lackkorrektur-lackaufbereitung-im-vergleich/;https://www.powertech-performance.com/pages/impressum.html;Impressum;Bestand: Seitenlink;Navigation;Lackaufbereitung;lokal auflösbar;;https://www.powertech-performance.com/pages/impressum.html;nein;umgesetzt;vorhanden, geprüft;ausstehend
https://www.powertech-performance.com/blog/1-step-2-step-oder-lackkorrektur-lackaufbereitung-im-vergleich/;https://www.powertech-performance.com/pages/datenschutz.html;Datenschutzerklärung;Bestand: Seitenlink;Navigation;Lackaufbereitung;lokal auflösbar;;https://www.powertech-performance.com/pages/datenschutz.html;nein;umgesetzt;vorhanden, geprüft;ausstehend
https://www.powertech-performance.com/blog/1-step-2-step-oder-lackkorrektur-lackaufbereitung-im-vergleich/;https://www.powertech-performance.com/pages/cookie-einstellungen.html;Cookie-Einstellungen;Bestand: Seitenlink;Navigation;Lackaufbereitung;lokal auflösbar;;https://www.powertech-performance.com/pages/cookie-einstellungen.html;nein;umgesetzt;vorhanden, geprüft;ausstehend
https://www.powertech-performance.com/blog/1-step-2-step-oder-lackkorrektur-lackaufbereitung-im-vergleich/;https://www.powertech-performance.com/pages/seitenuebersicht.html;Seitenübersicht;Bestand: Seitenlink;Navigation;Lackaufbereitung;lokal auflösbar;;https://www.powertech-performance.com/pages/seitenuebersicht.html;nein;umgesetzt;vorhanden, geprüft;ausstehend
https://www.powertech-performance.com/blog/1-step-2-step-oder-lackkorrektur-lackaufbereitung-im-vergleich/;https://www.powertech-performance.com/pages/impressum.html;Impressum;Bestand: Seitenlink;Inhalt;Lackaufbereitung;lokal auflösbar;;https://www.powertech-performance.com/pages/impressum.html;nein;umgesetzt;vorhanden, geprüft;ausstehend
https://www.powertech-performance.com/blog/1-step-politur-erklaert/;https://www.powertech-performance.com/;Powertech Performance Logo;Bestand: Seitenlink;Header;Lackaufbereitung;lokal auflösbar;;https://www.powertech-performance.com/;nein;umgesetzt;vorhanden, geprüft;ausstehend
https://www.powertech-performance.com/blog/1-step-politur-erklaert/;https://www.powertech-performance.com/#leistungen;Autoaufbereitung;Bestand: Sprunglink;Navigation;Lackaufbereitung;lokal auflösbar;;https://www.powertech-performance.com/;nein;umgesetzt;vorhanden, geprüft;ausstehend
https://www.powertech-performance.com/blog/1-step-politur-erklaert/;https://www.powertech-performance.com/#standort;Standort & Kontakt;Bestand: Sprunglink;Navigation;Lackaufbereitung;lokal auflösbar;;https://www.powertech-performance.com/;nein;umgesetzt;neu oder gezielt geändert;ausstehend
https://www.powertech-performance.com/blog/1-step-politur-erklaert/;https://www.powertech-performance.com/blog/;Blog;Bestand: Seitenlink;Navigation;Lackaufbereitung;lokal auflösbar;;https://www.powertech-performance.com/blog/;nein;umgesetzt;vorhanden, geprüft;ausstehend
https://www.powertech-performance.com/blog/1-step-politur-erklaert/;https://www.powertech-performance.com/pages/kontakt.html;Kontakt;Bestand: Seitenlink;Navigation;Lackaufbereitung;lokal auflösbar;;https://www.powertech-performance.com/pages/kontakt.html;nein;umgesetzt;vorhanden, geprüft;ausstehend
https://www.powertech-performance.com/blog/1-step-politur-erklaert/;https://www.powertech-performance.com/pages/kontakt.html;Jetzt anfragen;Bestand: Seitenlink;Inhalt;Lackaufbereitung;lokal auflösbar;;https://www.powertech-performance.com/pages/kontakt.html;nein;umgesetzt;vorhanden, geprüft;ausstehend
https://www.powertech-performance.com/blog/1-step-politur-erklaert/;https://www.powertech-performance.com/;Startseite;Bestand: Seitenlink;Breadcrumb;Lackaufbereitung;lokal auflösbar;;https://www.powertech-performance.com/;nein;umgesetzt;neu oder gezielt geändert;ausstehend
https://www.powertech-performance.com/blog/1-step-politur-erklaert/;https://www.powertech-performance.com/blog/;Ratgeber;Bestand: Seitenlink;Breadcrumb;Lackaufbereitung;lokal auflösbar;;https://www.powertech-performance.com/blog/;nein;umgesetzt;neu oder gezielt geändert;ausstehend
https://www.powertech-performance.com/blog/1-step-politur-erklaert/;https://www.powertech-performance.com/blog/harte-weiche-autolacke-lackaufbereitung/;Harte und weiche Autolacke: Was die Lackhärte bedeutet;Bestand: Seitenlink;Inhalt;Lackaufbereitung;lokal auflösbar;;https://www.powertech-performance.com/blog/harte-weiche-autolacke-lackaufbereitung/;nein;umgesetzt;neu oder gezielt geändert;ausstehend
https://www.powertech-performance.com/blog/1-step-politur-erklaert/;https://www.powertech-performance.com/#leistungen;Alle Leistungen ansehen;Bestand: Sprunglink;Sidebar;Lackaufbereitung;lokal auflösbar;;https://www.powertech-performance.com/;nein;umgesetzt;vorhanden, geprüft;ausstehend
https://www.powertech-performance.com/blog/1-step-politur-erklaert/;https://www.powertech-performance.com/pages/kontakt.html;Zur Kontaktseite;Bestand: Seitenlink;Sidebar;Lackaufbereitung;lokal auflösbar;;https://www.powertech-performance.com/pages/kontakt.html;nein;umgesetzt;vorhanden, geprüft;ausstehend
https://www.powertech-performance.com/blog/1-step-politur-erklaert/;https://www.powertech-performance.com/pages/impressum.html;Impressum;Bestand: Seitenlink;Navigation;Lackaufbereitung;lokal auflösbar;;https://www.powertech-performance.com/pages/impressum.html;nein;umgesetzt;vorhanden, geprüft;ausstehend
https://www.powertech-performance.com/blog/1-step-politur-erklaert/;https://www.powertech-performance.com/pages/datenschutz.html;Datenschutzerklärung;Bestand: Seitenlink;Navigation;Lackaufbereitung;lokal auflösbar;;https://www.powertech-performance.com/pages/datenschutz.html;nein;umgesetzt;vorhanden, geprüft;ausstehend
https://www.powertech-performance.com/blog/1-step-politur-erklaert/;https://www.powertech-performance.com/pages/cookie-einstellungen.html;Cookie-Einstellungen;Bestand: Seitenlink;Navigation;Lackaufbereitung;lokal auflösbar;;https://www.powertech-performance.com/pages/cookie-einstellungen.html;nein;umgesetzt;vorhanden, geprüft;ausstehend
https://www.powertech-performance.com/blog/1-step-politur-erklaert/;https://www.powertech-performance.com/pages/seitenuebersicht.html;Seitenübersicht;Bestand: Seitenlink;Navigation;Lackaufbereitung;lokal auflösbar;;https://www.powertech-performance.com/pages/seitenuebersicht.html;nein;umgesetzt;vorhanden, geprüft;ausstehend
https://www.powertech-performance.com/blog/1-step-politur-erklaert/;https://www.powertech-performance.com/pages/impressum.html;Impressum;Bestand: Seitenlink;Inhalt;Lackaufbereitung;lokal auflösbar;;https://www.powertech-performance.com/pages/impressum.html;nein;umgesetzt;vorhanden, geprüft;ausstehend
https://www.powertech-performance.com/blog/adblue-deaktivieren-vor-nachteile-wahrheit/;https://www.powertech-performance.com/;Powertech Performance Logo;Bestand: Seitenlink;Header;AdBlue / SCR / DPF;lokal auflösbar;;https://www.powertech-performance.com/;nein;umgesetzt;vorhanden, geprüft;ausstehend
https://www.powertech-performance.com/blog/adblue-deaktivieren-vor-nachteile-wahrheit/;https://www.powertech-performance.com/#leistungen;Autoaufbereitung;Bestand: Sprunglink;Navigation;AdBlue / SCR / DPF;lokal auflösbar;;https://www.powertech-performance.com/;nein;umgesetzt;vorhanden, geprüft;ausstehend
https://www.powertech-performance.com/blog/adblue-deaktivieren-vor-nachteile-wahrheit/;https://www.powertech-performance.com/#standort;Standort & Kontakt;Bestand: Sprunglink;Navigation;AdBlue / SCR / DPF;lokal auflösbar;;https://www.powertech-performance.com/;nein;umgesetzt;neu oder gezielt geändert;ausstehend
https://www.powertech-performance.com/blog/adblue-deaktivieren-vor-nachteile-wahrheit/;https://www.powertech-performance.com/blog/;Blog;Bestand: Seitenlink;Navigation;AdBlue / SCR / DPF;lokal auflösbar;;https://www.powertech-performance.com/blog/;nein;umgesetzt;vorhanden, geprüft;ausstehend
https://www.powertech-performance.com/blog/adblue-deaktivieren-vor-nachteile-wahrheit/;https://www.powertech-performance.com/pages/kontakt.html;Kontakt;Bestand: Seitenlink;Navigation;AdBlue / SCR / DPF;lokal auflösbar;;https://www.powertech-performance.com/pages/kontakt.html;nein;umgesetzt;vorhanden, geprüft;ausstehend
https://www.powertech-performance.com/blog/adblue-deaktivieren-vor-nachteile-wahrheit/;https://www.powertech-performance.com/pages/kontakt.html;Jetzt anfragen;Bestand: Seitenlink;Inhalt;AdBlue / SCR / DPF;lokal auflösbar;;https://www.powertech-performance.com/pages/kontakt.html;nein;umgesetzt;vorhanden, geprüft;ausstehend
https://www.powertech-performance.com/blog/adblue-deaktivieren-vor-nachteile-wahrheit/;https://www.powertech-performance.com/;Startseite;Bestand: Seitenlink;Breadcrumb;AdBlue / SCR / DPF;lokal auflösbar;;https://www.powertech-performance.com/;nein;umgesetzt;neu oder gezielt geändert;ausstehend
https://www.powertech-performance.com/blog/adblue-deaktivieren-vor-nachteile-wahrheit/;https://www.powertech-performance.com/blog/;Ratgeber;Bestand: Seitenlink;Breadcrumb;AdBlue / SCR / DPF;lokal auflösbar;;https://www.powertech-performance.com/blog/;nein;umgesetzt;neu oder gezielt geändert;ausstehend
https://www.powertech-performance.com/blog/adblue-deaktivieren-vor-nachteile-wahrheit/;https://www.powertech-performance.com/adblue-service;Seite zum AdBlue-Service in Erfurt;Bestand: Seitenlink;Inhalt;AdBlue / SCR / DPF;lokal auflösbar;;https://www.powertech-performance.com/adblue-service;nein;umgesetzt;neu oder gezielt geändert;ausstehend
https://www.powertech-performance.com/blog/adblue-deaktivieren-vor-nachteile-wahrheit/;https://www.powertech-performance.com/blog/wie-lange-dauert-adblue-off/;AdBlue-Probleme: Ablauf und Zeitbedarf;Bestand: Seitenlink;Inhalt;AdBlue / SCR / DPF;lokal auflösbar;;https://www.powertech-performance.com/blog/wie-lange-dauert-adblue-off/;nein;umgesetzt;neu oder gezielt geändert;ausstehend
https://www.powertech-performance.com/blog/adblue-deaktivieren-vor-nachteile-wahrheit/;https://www.powertech-performance.com/pages/kontakt.html;Senden Sie Ihre Anfrage zur AdBlue-Diagnose;Bestand: Seitenlink;Inhalt;AdBlue / SCR / DPF;lokal auflösbar;;https://www.powertech-performance.com/pages/kontakt.html;nein;umgesetzt;neu oder gezielt geändert;ausstehend
https://www.powertech-performance.com/blog/adblue-deaktivieren-vor-nachteile-wahrheit/;https://www.powertech-performance.com/blog/adblue-deaktivierung/;AdBlue-Deaktivierung: Rückrüstung prüfen lassen;Bestand: Seitenlink;Inhalt;AdBlue / SCR / DPF;lokal auflösbar;;https://www.powertech-performance.com/blog/adblue-deaktivierung/;nein;umgesetzt;neu oder gezielt geändert;ausstehend
https://www.powertech-performance.com/blog/adblue-deaktivieren-vor-nachteile-wahrheit/;https://www.powertech-performance.com/#leistungen;Alle Leistungen ansehen;Bestand: Sprunglink;Sidebar;AdBlue / SCR / DPF;lokal auflösbar;;https://www.powertech-performance.com/;nein;umgesetzt;vorhanden, geprüft;ausstehend
https://www.powertech-performance.com/blog/adblue-deaktivieren-vor-nachteile-wahrheit/;https://www.powertech-performance.com/pages/kontakt.html;Zur Kontaktseite;Bestand: Seitenlink;Sidebar;AdBlue / SCR / DPF;lokal auflösbar;;https://www.powertech-performance.com/pages/kontakt.html;nein;umgesetzt;vorhanden, geprüft;ausstehend
https://www.powertech-performance.com/blog/adblue-deaktivieren-vor-nachteile-wahrheit/;https://www.powertech-performance.com/pages/impressum.html;Impressum;Bestand: Seitenlink;Navigation;AdBlue / SCR / DPF;lokal auflösbar;;https://www.powertech-performance.com/pages/impressum.html;nein;umgesetzt;vorhanden, geprüft;ausstehend
https://www.powertech-performance.com/blog/adblue-deaktivieren-vor-nachteile-wahrheit/;https://www.powertech-performance.com/pages/datenschutz.html;Datenschutzerklärung;Bestand: Seitenlink;Navigation;AdBlue / SCR / DPF;lokal auflösbar;;https://www.powertech-performance.com/pages/datenschutz.html;nein;umgesetzt;vorhanden, geprüft;ausstehend
https://www.powertech-performance.com/blog/adblue-deaktivieren-vor-nachteile-wahrheit/;https://www.powertech-performance.com/pages/cookie-einstellungen.html;Cookie-Einstellungen;Bestand: Seitenlink;Navigation;AdBlue / SCR / DPF;lokal auflösbar;;https://www.powertech-performance.com/pages/cookie-einstellungen.html;nein;umgesetzt;vorhanden, geprüft;ausstehend
https://www.powertech-performance.com/blog/adblue-deaktivieren-vor-nachteile-wahrheit/;https://www.powertech-performance.com/pages/seitenuebersicht.html;Seitenübersicht;Bestand: Seitenlink;Navigation;AdBlue / SCR / DPF;lokal auflösbar;;https://www.powertech-performance.com/pages/seitenuebersicht.html;nein;umgesetzt;vorhanden, geprüft;ausstehend
https://www.powertech-performance.com/blog/adblue-deaktivieren-vor-nachteile-wahrheit/;https://www.powertech-performance.com/pages/impressum.html;Impressum;Bestand: Seitenlink;Inhalt;AdBlue / SCR / DPF;lokal auflösbar;;https://www.powertech-performance.com/pages/impressum.html;nein;umgesetzt;vorhanden, geprüft;ausstehend
https://www.powertech-performance.com/blog/adblue-deaktivierung/;https://www.powertech-performance.com/;Powertech Performance Logo;Bestand: Seitenlink;Header;AdBlue / SCR / DPF;lokal auflösbar;;https://www.powertech-performance.com/;nein;umgesetzt;vorhanden, geprüft;ausstehend
https://www.powertech-performance.com/blog/adblue-deaktivierung/;https://www.powertech-performance.com/#leistungen;Autoaufbereitung;Bestand: Sprunglink;Navigation;AdBlue / SCR / DPF;lokal auflösbar;;https://www.powertech-performance.com/;nein;umgesetzt;vorhanden, geprüft;ausstehend
https://www.powertech-performance.com/blog/adblue-deaktivierung/;https://www.powertech-performance.com/#standort;Standort & Kontakt;Bestand: Sprunglink;Navigation;AdBlue / SCR / DPF;lokal auflösbar;;https://www.powertech-performance.com/;nein;umgesetzt;neu oder gezielt geändert;ausstehend
https://www.powertech-performance.com/blog/adblue-deaktivierung/;https://www.powertech-performance.com/blog/;Blog;Bestand: Seitenlink;Navigation;AdBlue / SCR / DPF;lokal auflösbar;;https://www.powertech-performance.com/blog/;nein;umgesetzt;vorhanden, geprüft;ausstehend
https://www.powertech-performance.com/blog/adblue-deaktivierung/;https://www.powertech-performance.com/pages/kontakt.html;Kontakt;Bestand: Seitenlink;Navigation;AdBlue / SCR / DPF;lokal auflösbar;;https://www.powertech-performance.com/pages/kontakt.html;nein;umgesetzt;vorhanden, geprüft;ausstehend
https://www.powertech-performance.com/blog/adblue-deaktivierung/;https://www.powertech-performance.com/pages/kontakt.html;Jetzt anfragen;Bestand: Seitenlink;Inhalt;AdBlue / SCR / DPF;lokal auflösbar;;https://www.powertech-performance.com/pages/kontakt.html;nein;umgesetzt;vorhanden, geprüft;ausstehend
https://www.powertech-performance.com/blog/adblue-deaktivierung/;https://www.powertech-performance.com/;Startseite;Bestand: Seitenlink;Breadcrumb;AdBlue / SCR / DPF;lokal auflösbar;;https://www.powertech-performance.com/;nein;umgesetzt;neu oder gezielt geändert;ausstehend
https://www.powertech-performance.com/blog/adblue-deaktivierung/;https://www.powertech-performance.com/blog/;Ratgeber;Bestand: Seitenlink;Breadcrumb;AdBlue / SCR / DPF;lokal auflösbar;;https://www.powertech-performance.com/blog/;nein;umgesetzt;neu oder gezielt geändert;ausstehend
https://www.powertech-performance.com/blog/adblue-deaktivierung/;https://www.powertech-performance.com/blog/adblue-deaktivieren-vor-nachteile-wahrheit/;AdBlue deaktivieren: Risiken und Alternativen;Bestand: Seitenlink;Inhalt;AdBlue / SCR / DPF;lokal auflösbar;;https://www.powertech-performance.com/blog/adblue-deaktivieren-vor-nachteile-wahrheit/;nein;umgesetzt;neu oder gezielt geändert;ausstehend
https://www.powertech-performance.com/blog/adblue-deaktivierung/;https://www.powertech-performance.com/adblue-service;AdBlue-Service von Powertech Performance;Bestand: Seitenlink;Inhalt;AdBlue / SCR / DPF;lokal auflösbar;;https://www.powertech-performance.com/adblue-service;nein;umgesetzt;neu oder gezielt geändert;ausstehend
https://www.powertech-performance.com/blog/adblue-deaktivierung/;https://www.powertech-performance.com/pages/kontakt.html;Senden Sie die Fahrzeugdaten und vorhandene Unterlagen zur Beratung;Bestand: Seitenlink;Inhalt;AdBlue / SCR / DPF;lokal auflösbar;;https://www.powertech-performance.com/pages/kontakt.html;nein;umgesetzt;neu oder gezielt geändert;ausstehend
https://www.powertech-performance.com/blog/adblue-deaktivierung/;https://www.powertech-performance.com/blog/chiptuning-raum-erfurt/;Chiptuning: Leistung, Risiken und Nachweise einordnen;Bestand: Seitenlink;Inhalt;AdBlue / SCR / DPF;lokal auflösbar;;https://www.powertech-performance.com/blog/chiptuning-raum-erfurt/;nein;umgesetzt;neu oder gezielt geändert;ausstehend
https://www.powertech-performance.com/blog/adblue-deaktivierung/;https://www.powertech-performance.com/#leistungen;Alle Leistungen ansehen;Bestand: Sprunglink;Sidebar;AdBlue / SCR / DPF;lokal auflösbar;;https://www.powertech-performance.com/;nein;umgesetzt;vorhanden, geprüft;ausstehend
https://www.powertech-performance.com/blog/adblue-deaktivierung/;https://www.powertech-performance.com/pages/kontakt.html;Zur Kontaktseite;Bestand: Seitenlink;Sidebar;AdBlue / SCR / DPF;lokal auflösbar;;https://www.powertech-performance.com/pages/kontakt.html;nein;umgesetzt;vorhanden, geprüft;ausstehend
https://www.powertech-performance.com/blog/adblue-deaktivierung/;https://www.powertech-performance.com/pages/impressum.html;Impressum;Bestand: Seitenlink;Navigation;AdBlue / SCR / DPF;lokal auflösbar;;https://www.powertech-performance.com/pages/impressum.html;nein;umgesetzt;vorhanden, geprüft;ausstehend
https://www.powertech-performance.com/blog/adblue-deaktivierung/;https://www.powertech-performance.com/pages/datenschutz.html;Datenschutzerklärung;Bestand: Seitenlink;Navigation;AdBlue / SCR / DPF;lokal auflösbar;;https://www.powertech-performance.com/pages/datenschutz.html;nein;umgesetzt;vorhanden, geprüft;ausstehend
https://www.powertech-performance.com/blog/adblue-deaktivierung/;https://www.powertech-performance.com/pages/cookie-einstellungen.html;Cookie-Einstellungen;Bestand: Seitenlink;Navigation;AdBlue / SCR / DPF;lokal auflösbar;;https://www.powertech-performance.com/pages/cookie-einstellungen.html;nein;umgesetzt;vorhanden, geprüft;ausstehend
https://www.powertech-performance.com/blog/adblue-deaktivierung/;https://www.powertech-performance.com/pages/seitenuebersicht.html;Seitenübersicht;Bestand: Seitenlink;Navigation;AdBlue / SCR / DPF;lokal auflösbar;;https://www.powertech-performance.com/pages/seitenuebersicht.html;nein;umgesetzt;vorhanden, geprüft;ausstehend
https://www.powertech-performance.com/blog/adblue-deaktivierung/;https://www.powertech-performance.com/pages/impressum.html;Impressum;Bestand: Seitenlink;Inhalt;AdBlue / SCR / DPF;lokal auflösbar;;https://www.powertech-performance.com/pages/impressum.html;nein;umgesetzt;vorhanden, geprüft;ausstehend
https://www.powertech-performance.com/blog/audi-r8-aufbereitung-erfurt-keramikversiegelung/;https://www.powertech-performance.com/;Powertech Performance Logo;Bestand: Seitenlink;Header;Spezialfahrzeuge;lokal auflösbar;;https://www.powertech-performance.com/;nein;umgesetzt;vorhanden, geprüft;ausstehend
https://www.powertech-performance.com/blog/audi-r8-aufbereitung-erfurt-keramikversiegelung/;https://www.powertech-performance.com/#leistungen;Autoaufbereitung;Bestand: Sprunglink;Navigation;Spezialfahrzeuge;lokal auflösbar;;https://www.powertech-performance.com/;nein;umgesetzt;vorhanden, geprüft;ausstehend
https://www.powertech-performance.com/blog/audi-r8-aufbereitung-erfurt-keramikversiegelung/;https://www.powertech-performance.com/#standort;Standort & Kontakt;Bestand: Sprunglink;Navigation;Spezialfahrzeuge;lokal auflösbar;;https://www.powertech-performance.com/;nein;umgesetzt;neu oder gezielt geändert;ausstehend
https://www.powertech-performance.com/blog/audi-r8-aufbereitung-erfurt-keramikversiegelung/;https://www.powertech-performance.com/blog/;Blog;Bestand: Seitenlink;Navigation;Spezialfahrzeuge;lokal auflösbar;;https://www.powertech-performance.com/blog/;nein;umgesetzt;vorhanden, geprüft;ausstehend
https://www.powertech-performance.com/blog/audi-r8-aufbereitung-erfurt-keramikversiegelung/;https://www.powertech-performance.com/pages/kontakt.html;Kontakt;Bestand: Seitenlink;Navigation;Spezialfahrzeuge;lokal auflösbar;;https://www.powertech-performance.com/pages/kontakt.html;nein;umgesetzt;vorhanden, geprüft;ausstehend
https://www.powertech-performance.com/blog/audi-r8-aufbereitung-erfurt-keramikversiegelung/;https://www.powertech-performance.com/pages/kontakt.html;Jetzt anfragen;Bestand: Seitenlink;Inhalt;Spezialfahrzeuge;lokal auflösbar;;https://www.powertech-performance.com/pages/kontakt.html;nein;umgesetzt;vorhanden, geprüft;ausstehend
https://www.powertech-performance.com/blog/audi-r8-aufbereitung-erfurt-keramikversiegelung/;https://www.powertech-performance.com/;Startseite;Bestand: Seitenlink;Breadcrumb;Spezialfahrzeuge;lokal auflösbar;;https://www.powertech-performance.com/;nein;umgesetzt;neu oder gezielt geändert;ausstehend
https://www.powertech-performance.com/blog/audi-r8-aufbereitung-erfurt-keramikversiegelung/;https://www.powertech-performance.com/blog/;Ratgeber;Bestand: Seitenlink;Breadcrumb;Spezialfahrzeuge;lokal auflösbar;;https://www.powertech-performance.com/blog/;nein;umgesetzt;neu oder gezielt geändert;ausstehend
https://www.powertech-performance.com/blog/audi-r8-aufbereitung-erfurt-keramikversiegelung/;https://www.powertech-performance.com/blog/blog-keramikversiegelung/;Keramikversiegelung fürs Auto einfach erklärt;Bestand: Seitenlink;Inhalt;Spezialfahrzeuge;lokal auflösbar;;https://www.powertech-performance.com/blog/blog-keramikversiegelung/;nein;umgesetzt;neu oder gezielt geändert;ausstehend
https://www.powertech-performance.com/blog/audi-r8-aufbereitung-erfurt-keramikversiegelung/;https://www.powertech-performance.com/#leistungen;Alle Leistungen ansehen;Bestand: Sprunglink;Sidebar;Spezialfahrzeuge;lokal auflösbar;;https://www.powertech-performance.com/;nein;umgesetzt;vorhanden, geprüft;ausstehend
https://www.powertech-performance.com/blog/audi-r8-aufbereitung-erfurt-keramikversiegelung/;https://www.powertech-performance.com/pages/kontakt.html;Zur Kontaktseite;Bestand: Seitenlink;Sidebar;Spezialfahrzeuge;lokal auflösbar;;https://www.powertech-performance.com/pages/kontakt.html;nein;umgesetzt;vorhanden, geprüft;ausstehend
https://www.powertech-performance.com/blog/audi-r8-aufbereitung-erfurt-keramikversiegelung/;https://www.powertech-performance.com/pages/impressum.html;Impressum;Bestand: Seitenlink;Navigation;Spezialfahrzeuge;lokal auflösbar;;https://www.powertech-performance.com/pages/impressum.html;nein;umgesetzt;vorhanden, geprüft;ausstehend
https://www.powertech-performance.com/blog/audi-r8-aufbereitung-erfurt-keramikversiegelung/;https://www.powertech-performance.com/pages/datenschutz.html;Datenschutzerklärung;Bestand: Seitenlink;Navigation;Spezialfahrzeuge;lokal auflösbar;;https://www.powertech-performance.com/pages/datenschutz.html;nein;umgesetzt;vorhanden, geprüft;ausstehend
https://www.powertech-performance.com/blog/audi-r8-aufbereitung-erfurt-keramikversiegelung/;https://www.powertech-performance.com/pages/cookie-einstellungen.html;Cookie-Einstellungen;Bestand: Seitenlink;Navigation;Spezialfahrzeuge;lokal auflösbar;;https://www.powertech-performance.com/pages/cookie-einstellungen.html;nein;umgesetzt;vorhanden, geprüft;ausstehend
https://www.powertech-performance.com/blog/audi-r8-aufbereitung-erfurt-keramikversiegelung/;https://www.powertech-performance.com/pages/seitenuebersicht.html;Seitenübersicht;Bestand: Seitenlink;Navigation;Spezialfahrzeuge;lokal auflösbar;;https://www.powertech-performance.com/pages/seitenuebersicht.html;nein;umgesetzt;vorhanden, geprüft;ausstehend
https://www.powertech-performance.com/blog/audi-r8-aufbereitung-erfurt-keramikversiegelung/;https://www.powertech-performance.com/pages/impressum.html;Impressum;Bestand: Seitenlink;Inhalt;Spezialfahrzeuge;lokal auflösbar;;https://www.powertech-performance.com/pages/impressum.html;nein;umgesetzt;vorhanden, geprüft;ausstehend
https://www.powertech-performance.com/blog/aufbereiter-vs-detailer-unterschied/;https://www.powertech-performance.com/;Powertech Performance Logo;Bestand: Seitenlink;Header;Autoaufbereitung;lokal auflösbar;;https://www.powertech-performance.com/;nein;umgesetzt;vorhanden, geprüft;ausstehend
https://www.powertech-performance.com/blog/aufbereiter-vs-detailer-unterschied/;https://www.powertech-performance.com/#leistungen;Autoaufbereitung;Bestand: Sprunglink;Navigation;Autoaufbereitung;lokal auflösbar;;https://www.powertech-performance.com/;nein;umgesetzt;vorhanden, geprüft;ausstehend
https://www.powertech-performance.com/blog/aufbereiter-vs-detailer-unterschied/;https://www.powertech-performance.com/#standort;Standort & Kontakt;Bestand: Sprunglink;Navigation;Autoaufbereitung;lokal auflösbar;;https://www.powertech-performance.com/;nein;umgesetzt;neu oder gezielt geändert;ausstehend
https://www.powertech-performance.com/blog/aufbereiter-vs-detailer-unterschied/;https://www.powertech-performance.com/blog/;Blog;Bestand: Seitenlink;Navigation;Autoaufbereitung;lokal auflösbar;;https://www.powertech-performance.com/blog/;nein;umgesetzt;vorhanden, geprüft;ausstehend
https://www.powertech-performance.com/blog/aufbereiter-vs-detailer-unterschied/;https://www.powertech-performance.com/pages/kontakt.html;Kontakt;Bestand: Seitenlink;Navigation;Autoaufbereitung;lokal auflösbar;;https://www.powertech-performance.com/pages/kontakt.html;nein;umgesetzt;vorhanden, geprüft;ausstehend
https://www.powertech-performance.com/blog/aufbereiter-vs-detailer-unterschied/;https://www.powertech-performance.com/pages/kontakt.html;Jetzt anfragen;Bestand: Seitenlink;Inhalt;Autoaufbereitung;lokal auflösbar;;https://www.powertech-performance.com/pages/kontakt.html;nein;umgesetzt;vorhanden, geprüft;ausstehend
https://www.powertech-performance.com/blog/aufbereiter-vs-detailer-unterschied/;https://www.powertech-performance.com/;Startseite;Bestand: Seitenlink;Breadcrumb;Autoaufbereitung;lokal auflösbar;;https://www.powertech-performance.com/;nein;umgesetzt;neu oder gezielt geändert;ausstehend
https://www.powertech-performance.com/blog/aufbereiter-vs-detailer-unterschied/;https://www.powertech-performance.com/blog/;Ratgeber;Bestand: Seitenlink;Breadcrumb;Autoaufbereitung;lokal auflösbar;;https://www.powertech-performance.com/blog/;nein;umgesetzt;neu oder gezielt geändert;ausstehend
https://www.powertech-performance.com/blog/aufbereiter-vs-detailer-unterschied/;https://www.powertech-performance.com/pages/kontakt.html;Jetzt unverbindlich anfragen;Bestand: Seitenlink;Inhalt;Autoaufbereitung;lokal auflösbar;;https://www.powertech-performance.com/pages/kontakt.html;nein;umgesetzt;vorhanden, geprüft;ausstehend
https://www.powertech-performance.com/blog/aufbereiter-vs-detailer-unterschied/;https://www.powertech-performance.com/blog/auto-selber-waschen-erfurt/;Auto selber waschen in Erfurt: SB-Wäsche und Pflege;Bestand: Seitenlink;Inhalt;Autoaufbereitung;lokal auflösbar;;https://www.powertech-performance.com/blog/auto-selber-waschen-erfurt/;nein;umgesetzt;neu oder gezielt geändert;ausstehend
https://www.powertech-performance.com/blog/aufbereiter-vs-detailer-unterschied/;https://www.powertech-performance.com/#leistungen;Alle Leistungen ansehen;Bestand: Sprunglink;Sidebar;Autoaufbereitung;lokal auflösbar;;https://www.powertech-performance.com/;nein;umgesetzt;vorhanden, geprüft;ausstehend
https://www.powertech-performance.com/blog/aufbereiter-vs-detailer-unterschied/;https://www.powertech-performance.com/pages/kontakt.html;Zur Kontaktseite;Bestand: Seitenlink;Sidebar;Autoaufbereitung;lokal auflösbar;;https://www.powertech-performance.com/pages/kontakt.html;nein;umgesetzt;vorhanden, geprüft;ausstehend
https://www.powertech-performance.com/blog/aufbereiter-vs-detailer-unterschied/;https://www.powertech-performance.com/pages/impressum.html;Impressum;Bestand: Seitenlink;Navigation;Autoaufbereitung;lokal auflösbar;;https://www.powertech-performance.com/pages/impressum.html;nein;umgesetzt;vorhanden, geprüft;ausstehend
https://www.powertech-performance.com/blog/aufbereiter-vs-detailer-unterschied/;https://www.powertech-performance.com/pages/datenschutz.html;Datenschutzerklärung;Bestand: Seitenlink;Navigation;Autoaufbereitung;lokal auflösbar;;https://www.powertech-performance.com/pages/datenschutz.html;nein;umgesetzt;vorhanden, geprüft;ausstehend
https://www.powertech-performance.com/blog/aufbereiter-vs-detailer-unterschied/;https://www.powertech-performance.com/pages/cookie-einstellungen.html;Cookie-Einstellungen;Bestand: Seitenlink;Navigation;Autoaufbereitung;lokal auflösbar;;https://www.powertech-performance.com/pages/cookie-einstellungen.html;nein;umgesetzt;vorhanden, geprüft;ausstehend
https://www.powertech-performance.com/blog/aufbereiter-vs-detailer-unterschied/;https://www.powertech-performance.com/pages/seitenuebersicht.html;Seitenübersicht;Bestand: Seitenlink;Navigation;Autoaufbereitung;lokal auflösbar;;https://www.powertech-performance.com/pages/seitenuebersicht.html;nein;umgesetzt;vorhanden, geprüft;ausstehend
https://www.powertech-performance.com/blog/aufbereiter-vs-detailer-unterschied/;https://www.powertech-performance.com/pages/impressum.html;Impressum;Bestand: Seitenlink;Inhalt;Autoaufbereitung;lokal auflösbar;;https://www.powertech-performance.com/pages/impressum.html;nein;umgesetzt;vorhanden, geprüft;ausstehend
https://www.powertech-performance.com/blog/auto-selber-waschen-erfurt/;https://www.powertech-performance.com/;Powertech Performance Logo;Bestand: Seitenlink;Header;Autoaufbereitung;lokal auflösbar;;https://www.powertech-performance.com/;nein;umgesetzt;vorhanden, geprüft;ausstehend
https://www.powertech-performance.com/blog/auto-selber-waschen-erfurt/;https://www.powertech-performance.com/#leistungen;Autoaufbereitung;Bestand: Sprunglink;Navigation;Autoaufbereitung;lokal auflösbar;;https://www.powertech-performance.com/;nein;umgesetzt;vorhanden, geprüft;ausstehend
https://www.powertech-performance.com/blog/auto-selber-waschen-erfurt/;https://www.powertech-performance.com/#standort;Standort & Kontakt;Bestand: Sprunglink;Navigation;Autoaufbereitung;lokal auflösbar;;https://www.powertech-performance.com/;nein;umgesetzt;neu oder gezielt geändert;ausstehend
https://www.powertech-performance.com/blog/auto-selber-waschen-erfurt/;https://www.powertech-performance.com/blog/;Blog;Bestand: Seitenlink;Navigation;Autoaufbereitung;lokal auflösbar;;https://www.powertech-performance.com/blog/;nein;umgesetzt;vorhanden, geprüft;ausstehend
https://www.powertech-performance.com/blog/auto-selber-waschen-erfurt/;https://www.powertech-performance.com/pages/kontakt.html;Kontakt;Bestand: Seitenlink;Navigation;Autoaufbereitung;lokal auflösbar;;https://www.powertech-performance.com/pages/kontakt.html;nein;umgesetzt;vorhanden, geprüft;ausstehend
https://www.powertech-performance.com/blog/auto-selber-waschen-erfurt/;https://www.powertech-performance.com/pages/kontakt.html;Jetzt anfragen;Bestand: Seitenlink;Inhalt;Autoaufbereitung;lokal auflösbar;;https://www.powertech-performance.com/pages/kontakt.html;nein;umgesetzt;vorhanden, geprüft;ausstehend
https://www.powertech-performance.com/blog/auto-selber-waschen-erfurt/;https://www.powertech-performance.com/;Startseite;Bestand: Seitenlink;Breadcrumb;Autoaufbereitung;lokal auflösbar;;https://www.powertech-performance.com/;nein;umgesetzt;neu oder gezielt geändert;ausstehend
https://www.powertech-performance.com/blog/auto-selber-waschen-erfurt/;https://www.powertech-performance.com/blog/;Ratgeber;Bestand: Seitenlink;Breadcrumb;Autoaufbereitung;lokal auflösbar;;https://www.powertech-performance.com/blog/;nein;umgesetzt;neu oder gezielt geändert;ausstehend
https://www.powertech-performance.com/blog/auto-selber-waschen-erfurt/;https://www.powertech-performance.com/blog/lackkorrektur-wofuer-gut-werterhalt/;Lackkorrektur;Bestand: Seitenlink;Inhalt;Autoaufbereitung;lokal auflösbar;;https://www.powertech-performance.com/blog/lackkorrektur-wofuer-gut-werterhalt/;nein;umgesetzt;neu oder gezielt geändert;ausstehend
https://www.powertech-performance.com/blog/auto-selber-waschen-erfurt/;https://www.powertech-performance.com/;Autoaufbereitung in Erfurt;Bestand: Seitenlink;Inhalt;Autoaufbereitung;lokal auflösbar;;https://www.powertech-performance.com/;nein;umgesetzt;neu oder gezielt geändert;ausstehend
https://www.powertech-performance.com/blog/auto-selber-waschen-erfurt/;https://www.powertech-performance.com/blog/fahrzeugaufbereitung-erfurt/;Fahrzeugaufbereitung Erfurt: Glänzendes Auto mit PowerTech Performance;Bestand: Seitenlink;Inhalt;Autoaufbereitung;lokal auflösbar;;https://www.powertech-performance.com/blog/fahrzeugaufbereitung-erfurt/;nein;umgesetzt;neu oder gezielt geändert;ausstehend
https://www.powertech-performance.com/blog/auto-selber-waschen-erfurt/;https://www.powertech-performance.com/#leistungen;Alle Leistungen ansehen;Bestand: Sprunglink;Sidebar;Autoaufbereitung;lokal auflösbar;;https://www.powertech-performance.com/;nein;umgesetzt;vorhanden, geprüft;ausstehend
https://www.powertech-performance.com/blog/auto-selber-waschen-erfurt/;https://www.powertech-performance.com/pages/kontakt.html;Zur Kontaktseite;Bestand: Seitenlink;Sidebar;Autoaufbereitung;lokal auflösbar;;https://www.powertech-performance.com/pages/kontakt.html;nein;umgesetzt;vorhanden, geprüft;ausstehend
https://www.powertech-performance.com/blog/auto-selber-waschen-erfurt/;https://www.powertech-performance.com/pages/impressum.html;Impressum;Bestand: Seitenlink;Navigation;Autoaufbereitung;lokal auflösbar;;https://www.powertech-performance.com/pages/impressum.html;nein;umgesetzt;vorhanden, geprüft;ausstehend
https://www.powertech-performance.com/blog/auto-selber-waschen-erfurt/;https://www.powertech-performance.com/pages/datenschutz.html;Datenschutzerklärung;Bestand: Seitenlink;Navigation;Autoaufbereitung;lokal auflösbar;;https://www.powertech-performance.com/pages/datenschutz.html;nein;umgesetzt;vorhanden, geprüft;ausstehend
https://www.powertech-performance.com/blog/auto-selber-waschen-erfurt/;https://www.powertech-performance.com/pages/cookie-einstellungen.html;Cookie-Einstellungen;Bestand: Seitenlink;Navigation;Autoaufbereitung;lokal auflösbar;;https://www.powertech-performance.com/pages/cookie-einstellungen.html;nein;umgesetzt;vorhanden, geprüft;ausstehend
https://www.powertech-performance.com/blog/auto-selber-waschen-erfurt/;https://www.powertech-performance.com/pages/seitenuebersicht.html;Seitenübersicht;Bestand: Seitenlink;Navigation;Autoaufbereitung;lokal auflösbar;;https://www.powertech-performance.com/pages/seitenuebersicht.html;nein;umgesetzt;vorhanden, geprüft;ausstehend
https://www.powertech-performance.com/blog/auto-selber-waschen-erfurt/;https://www.powertech-performance.com/pages/impressum.html;Impressum;Bestand: Seitenlink;Inhalt;Autoaufbereitung;lokal auflösbar;;https://www.powertech-performance.com/pages/impressum.html;nein;umgesetzt;vorhanden, geprüft;ausstehend
https://www.powertech-performance.com/blog/blog-keramikversiegelung/;https://www.powertech-performance.com/;Powertech Performance Logo;Bestand: Seitenlink;Header;Keramikversiegelung;lokal auflösbar;;https://www.powertech-performance.com/;nein;umgesetzt;vorhanden, geprüft;ausstehend
https://www.powertech-performance.com/blog/blog-keramikversiegelung/;https://www.powertech-performance.com/#leistungen;Autoaufbereitung;Bestand: Sprunglink;Navigation;Keramikversiegelung;lokal auflösbar;;https://www.powertech-performance.com/;nein;umgesetzt;vorhanden, geprüft;ausstehend
https://www.powertech-performance.com/blog/blog-keramikversiegelung/;https://www.powertech-performance.com/#standort;Standort & Kontakt;Bestand: Sprunglink;Navigation;Keramikversiegelung;lokal auflösbar;;https://www.powertech-performance.com/;nein;umgesetzt;neu oder gezielt geändert;ausstehend
https://www.powertech-performance.com/blog/blog-keramikversiegelung/;https://www.powertech-performance.com/blog/;Blog;Bestand: Seitenlink;Navigation;Keramikversiegelung;lokal auflösbar;;https://www.powertech-performance.com/blog/;nein;umgesetzt;vorhanden, geprüft;ausstehend
https://www.powertech-performance.com/blog/blog-keramikversiegelung/;https://www.powertech-performance.com/pages/kontakt.html;Kontakt;Bestand: Seitenlink;Navigation;Keramikversiegelung;lokal auflösbar;;https://www.powertech-performance.com/pages/kontakt.html;nein;umgesetzt;vorhanden, geprüft;ausstehend
https://www.powertech-performance.com/blog/blog-keramikversiegelung/;https://www.powertech-performance.com/pages/kontakt.html;Jetzt anfragen;Bestand: Seitenlink;Inhalt;Keramikversiegelung;lokal auflösbar;;https://www.powertech-performance.com/pages/kontakt.html;nein;umgesetzt;vorhanden, geprüft;ausstehend
https://www.powertech-performance.com/blog/blog-keramikversiegelung/;https://www.powertech-performance.com/;Startseite;Bestand: Seitenlink;Breadcrumb;Keramikversiegelung;lokal auflösbar;;https://www.powertech-performance.com/;nein;umgesetzt;neu oder gezielt geändert;ausstehend
https://www.powertech-performance.com/blog/blog-keramikversiegelung/;https://www.powertech-performance.com/blog/;Ratgeber;Bestand: Seitenlink;Breadcrumb;Keramikversiegelung;lokal auflösbar;;https://www.powertech-performance.com/blog/;nein;umgesetzt;neu oder gezielt geändert;ausstehend
https://www.powertech-performance.com/blog/blog-keramikversiegelung/;https://www.powertech-performance.com/luxus-aufbereitung;Beratung zur Keramikversiegelung in Erfurt;Bestand: Seitenlink;Inhalt;Keramikversiegelung;lokal auflösbar;;https://www.powertech-performance.com/luxus-aufbereitung;nein;umgesetzt;neu oder gezielt geändert;ausstehend
https://www.powertech-performance.com/blog/blog-keramikversiegelung/;https://www.powertech-performance.com/blog/haltbarkeit-keramikversiegelung-lackschutz/;Haltbarkeit der Versiegelung;Bestand: Seitenlink;Inhalt;Keramikversiegelung;lokal auflösbar;;https://www.powertech-performance.com/blog/haltbarkeit-keramikversiegelung-lackschutz/;nein;umgesetzt;neu oder gezielt geändert;ausstehend
https://www.powertech-performance.com/blog/blog-keramikversiegelung/;https://www.powertech-performance.com/blog/boot-aufbereitung-keramikversiegelung-marine/;Yacht- & Boot-Versiegelung: Maximaler Schutz gegen Salzwasser & Verwitterung;Bestand: Seitenlink;Inhalt;Keramikversiegelung;lokal auflösbar;;https://www.powertech-performance.com/blog/boot-aufbereitung-keramikversiegelung-marine/;nein;umgesetzt;neu oder gezielt geändert;ausstehend
https://www.powertech-performance.com/blog/blog-keramikversiegelung/;https://www.powertech-performance.com/#leistungen;Alle Leistungen ansehen;Bestand: Sprunglink;Sidebar;Keramikversiegelung;lokal auflösbar;;https://www.powertech-performance.com/;nein;umgesetzt;vorhanden, geprüft;ausstehend
https://www.powertech-performance.com/blog/blog-keramikversiegelung/;https://www.powertech-performance.com/pages/kontakt.html;Zur Kontaktseite;Bestand: Seitenlink;Sidebar;Keramikversiegelung;lokal auflösbar;;https://www.powertech-performance.com/pages/kontakt.html;nein;umgesetzt;vorhanden, geprüft;ausstehend
https://www.powertech-performance.com/blog/blog-keramikversiegelung/;https://www.powertech-performance.com/pages/impressum.html;Impressum;Bestand: Seitenlink;Navigation;Keramikversiegelung;lokal auflösbar;;https://www.powertech-performance.com/pages/impressum.html;nein;umgesetzt;vorhanden, geprüft;ausstehend
https://www.powertech-performance.com/blog/blog-keramikversiegelung/;https://www.powertech-performance.com/pages/datenschutz.html;Datenschutzerklärung;Bestand: Seitenlink;Navigation;Keramikversiegelung;lokal auflösbar;;https://www.powertech-performance.com/pages/datenschutz.html;nein;umgesetzt;vorhanden, geprüft;ausstehend
https://www.powertech-performance.com/blog/blog-keramikversiegelung/;https://www.powertech-performance.com/pages/cookie-einstellungen.html;Cookie-Einstellungen;Bestand: Seitenlink;Navigation;Keramikversiegelung;lokal auflösbar;;https://www.powertech-performance.com/pages/cookie-einstellungen.html;nein;umgesetzt;vorhanden, geprüft;ausstehend
https://www.powertech-performance.com/blog/blog-keramikversiegelung/;https://www.powertech-performance.com/pages/seitenuebersicht.html;Seitenübersicht;Bestand: Seitenlink;Navigation;Keramikversiegelung;lokal auflösbar;;https://www.powertech-performance.com/pages/seitenuebersicht.html;nein;umgesetzt;vorhanden, geprüft;ausstehend
https://www.powertech-performance.com/blog/blog-keramikversiegelung/;https://www.powertech-performance.com/pages/impressum.html;Impressum;Bestand: Seitenlink;Inhalt;Keramikversiegelung;lokal auflösbar;;https://www.powertech-performance.com/pages/impressum.html;nein;umgesetzt;vorhanden, geprüft;ausstehend
https://www.powertech-performance.com/blog/boot-aufbereitung-keramikversiegelung-marine/;https://www.powertech-performance.com/;Powertech Performance Logo;Bestand: Seitenlink;Header;Spezialfahrzeuge;lokal auflösbar;;https://www.powertech-performance.com/;nein;umgesetzt;vorhanden, geprüft;ausstehend
https://www.powertech-performance.com/blog/boot-aufbereitung-keramikversiegelung-marine/;https://www.powertech-performance.com/#leistungen;Autoaufbereitung;Bestand: Sprunglink;Navigation;Spezialfahrzeuge;lokal auflösbar;;https://www.powertech-performance.com/;nein;umgesetzt;vorhanden, geprüft;ausstehend
https://www.powertech-performance.com/blog/boot-aufbereitung-keramikversiegelung-marine/;https://www.powertech-performance.com/#standort;Standort & Kontakt;Bestand: Sprunglink;Navigation;Spezialfahrzeuge;lokal auflösbar;;https://www.powertech-performance.com/;nein;umgesetzt;neu oder gezielt geändert;ausstehend
https://www.powertech-performance.com/blog/boot-aufbereitung-keramikversiegelung-marine/;https://www.powertech-performance.com/blog/;Blog;Bestand: Seitenlink;Navigation;Spezialfahrzeuge;lokal auflösbar;;https://www.powertech-performance.com/blog/;nein;umgesetzt;vorhanden, geprüft;ausstehend
https://www.powertech-performance.com/blog/boot-aufbereitung-keramikversiegelung-marine/;https://www.powertech-performance.com/pages/kontakt.html;Kontakt;Bestand: Seitenlink;Navigation;Spezialfahrzeuge;lokal auflösbar;;https://www.powertech-performance.com/pages/kontakt.html;nein;umgesetzt;vorhanden, geprüft;ausstehend
https://www.powertech-performance.com/blog/boot-aufbereitung-keramikversiegelung-marine/;https://www.powertech-performance.com/pages/kontakt.html;Jetzt anfragen;Bestand: Seitenlink;Inhalt;Spezialfahrzeuge;lokal auflösbar;;https://www.powertech-performance.com/pages/kontakt.html;nein;umgesetzt;vorhanden, geprüft;ausstehend
https://www.powertech-performance.com/blog/boot-aufbereitung-keramikversiegelung-marine/;https://www.powertech-performance.com/;Startseite;Bestand: Seitenlink;Breadcrumb;Spezialfahrzeuge;lokal auflösbar;;https://www.powertech-performance.com/;nein;umgesetzt;neu oder gezielt geändert;ausstehend
https://www.powertech-performance.com/blog/boot-aufbereitung-keramikversiegelung-marine/;https://www.powertech-performance.com/blog/;Ratgeber;Bestand: Seitenlink;Breadcrumb;Spezialfahrzeuge;lokal auflösbar;;https://www.powertech-performance.com/blog/;nein;umgesetzt;neu oder gezielt geändert;ausstehend
https://www.powertech-performance.com/blog/boot-aufbereitung-keramikversiegelung-marine/;https://www.powertech-performance.com/pages/kontakt.html;UNVERBINDLICHES ANGEBOT ANFORDERN;Bestand: Seitenlink;Inhalt;Spezialfahrzeuge;lokal auflösbar;;https://www.powertech-performance.com/pages/kontakt.html;nein;umgesetzt;vorhanden, geprüft;ausstehend
https://www.powertech-performance.com/blog/boot-aufbereitung-keramikversiegelung-marine/;https://www.powertech-performance.com/pages/kontakt.html;www.powertech-performance.com;Bestand: Seitenlink;Inhalt;Spezialfahrzeuge;lokal auflösbar;;https://www.powertech-performance.com/pages/kontakt.html;nein;umgesetzt;vorhanden, geprüft;ausstehend
https://www.powertech-performance.com/blog/boot-aufbereitung-keramikversiegelung-marine/;https://www.powertech-performance.com/blog/haltbarkeit-keramikversiegelung-lackschutz/;Haltbarkeit einer Keramikversiegelung: Wie lange hält der Lackschutz wirklich?;Bestand: Seitenlink;Inhalt;Spezialfahrzeuge;lokal auflösbar;;https://www.powertech-performance.com/blog/haltbarkeit-keramikversiegelung-lackschutz/;nein;umgesetzt;neu oder gezielt geändert;ausstehend
https://www.powertech-performance.com/blog/boot-aufbereitung-keramikversiegelung-marine/;https://www.powertech-performance.com/#leistungen;Alle Leistungen ansehen;Bestand: Sprunglink;Sidebar;Spezialfahrzeuge;lokal auflösbar;;https://www.powertech-performance.com/;nein;umgesetzt;vorhanden, geprüft;ausstehend
https://www.powertech-performance.com/blog/boot-aufbereitung-keramikversiegelung-marine/;https://www.powertech-performance.com/pages/kontakt.html;Zur Kontaktseite;Bestand: Seitenlink;Sidebar;Spezialfahrzeuge;lokal auflösbar;;https://www.powertech-performance.com/pages/kontakt.html;nein;umgesetzt;vorhanden, geprüft;ausstehend
https://www.powertech-performance.com/blog/boot-aufbereitung-keramikversiegelung-marine/;https://www.powertech-performance.com/pages/impressum.html;Impressum;Bestand: Seitenlink;Navigation;Spezialfahrzeuge;lokal auflösbar;;https://www.powertech-performance.com/pages/impressum.html;nein;umgesetzt;vorhanden, geprüft;ausstehend
https://www.powertech-performance.com/blog/boot-aufbereitung-keramikversiegelung-marine/;https://www.powertech-performance.com/pages/datenschutz.html;Datenschutzerklärung;Bestand: Seitenlink;Navigation;Spezialfahrzeuge;lokal auflösbar;;https://www.powertech-performance.com/pages/datenschutz.html;nein;umgesetzt;vorhanden, geprüft;ausstehend
https://www.powertech-performance.com/blog/boot-aufbereitung-keramikversiegelung-marine/;https://www.powertech-performance.com/pages/cookie-einstellungen.html;Cookie-Einstellungen;Bestand: Seitenlink;Navigation;Spezialfahrzeuge;lokal auflösbar;;https://www.powertech-performance.com/pages/cookie-einstellungen.html;nein;umgesetzt;vorhanden, geprüft;ausstehend
https://www.powertech-performance.com/blog/boot-aufbereitung-keramikversiegelung-marine/;https://www.powertech-performance.com/pages/seitenuebersicht.html;Seitenübersicht;Bestand: Seitenlink;Navigation;Spezialfahrzeuge;lokal auflösbar;;https://www.powertech-performance.com/pages/seitenuebersicht.html;nein;umgesetzt;vorhanden, geprüft;ausstehend
https://www.powertech-performance.com/blog/boot-aufbereitung-keramikversiegelung-marine/;https://www.powertech-performance.com/pages/impressum.html;Impressum;Bestand: Seitenlink;Inhalt;Spezialfahrzeuge;lokal auflösbar;;https://www.powertech-performance.com/pages/impressum.html;nein;umgesetzt;vorhanden, geprüft;ausstehend
https://www.powertech-performance.com/blog/chiptuning-raum-erfurt/;https://www.powertech-performance.com/;Powertech Performance Logo;Bestand: Seitenlink;Header;Chiptuning;lokal auflösbar;;https://www.powertech-performance.com/;nein;umgesetzt;vorhanden, geprüft;ausstehend
https://www.powertech-performance.com/blog/chiptuning-raum-erfurt/;https://www.powertech-performance.com/#leistungen;Autoaufbereitung;Bestand: Sprunglink;Navigation;Chiptuning;lokal auflösbar;;https://www.powertech-performance.com/;nein;umgesetzt;vorhanden, geprüft;ausstehend
https://www.powertech-performance.com/blog/chiptuning-raum-erfurt/;https://www.powertech-performance.com/#standort;Standort & Kontakt;Bestand: Sprunglink;Navigation;Chiptuning;lokal auflösbar;;https://www.powertech-performance.com/;nein;umgesetzt;neu oder gezielt geändert;ausstehend
https://www.powertech-performance.com/blog/chiptuning-raum-erfurt/;https://www.powertech-performance.com/blog/;Blog;Bestand: Seitenlink;Navigation;Chiptuning;lokal auflösbar;;https://www.powertech-performance.com/blog/;nein;umgesetzt;vorhanden, geprüft;ausstehend
https://www.powertech-performance.com/blog/chiptuning-raum-erfurt/;https://www.powertech-performance.com/pages/kontakt.html;Kontakt;Bestand: Seitenlink;Navigation;Chiptuning;lokal auflösbar;;https://www.powertech-performance.com/pages/kontakt.html;nein;umgesetzt;vorhanden, geprüft;ausstehend
https://www.powertech-performance.com/blog/chiptuning-raum-erfurt/;https://www.powertech-performance.com/pages/kontakt.html;Jetzt anfragen;Bestand: Seitenlink;Inhalt;Chiptuning;lokal auflösbar;;https://www.powertech-performance.com/pages/kontakt.html;nein;umgesetzt;vorhanden, geprüft;ausstehend
https://www.powertech-performance.com/blog/chiptuning-raum-erfurt/;https://www.powertech-performance.com/;Startseite;Bestand: Seitenlink;Breadcrumb;Chiptuning;lokal auflösbar;;https://www.powertech-performance.com/;nein;umgesetzt;neu oder gezielt geändert;ausstehend
https://www.powertech-performance.com/blog/chiptuning-raum-erfurt/;https://www.powertech-performance.com/blog/;Ratgeber;Bestand: Seitenlink;Breadcrumb;Chiptuning;lokal auflösbar;;https://www.powertech-performance.com/blog/;nein;umgesetzt;neu oder gezielt geändert;ausstehend
https://www.powertech-performance.com/blog/chiptuning-raum-erfurt/;https://www.powertech-performance.com/;www.powertech-performance.com;Bestand: Seitenlink;Inhalt;Chiptuning;lokal auflösbar;;https://www.powertech-performance.com/;nein;umgesetzt;vorhanden, geprüft;ausstehend
https://www.powertech-performance.com/blog/chiptuning-raum-erfurt/;https://www.powertech-performance.com/chiptuning;Chiptuning in Erfurt;Bestand: Seitenlink;Inhalt;Chiptuning;lokal auflösbar;;https://www.powertech-performance.com/chiptuning;nein;umgesetzt;neu oder gezielt geändert;ausstehend
https://www.powertech-performance.com/blog/chiptuning-raum-erfurt/;https://www.powertech-performance.com/blog/chiptuning-raumerfurt/;Checkliste der Fahrzeugdaten;Bestand: Seitenlink;Inhalt;Chiptuning;lokal auflösbar;;https://www.powertech-performance.com/blog/chiptuning-raumerfurt/;nein;umgesetzt;neu oder gezielt geändert;ausstehend
https://www.powertech-performance.com/blog/chiptuning-raum-erfurt/;https://www.powertech-performance.com/#leistungen;Alle Leistungen ansehen;Bestand: Sprunglink;Sidebar;Chiptuning;lokal auflösbar;;https://www.powertech-performance.com/;nein;umgesetzt;vorhanden, geprüft;ausstehend
https://www.powertech-performance.com/blog/chiptuning-raum-erfurt/;https://www.powertech-performance.com/pages/kontakt.html;Zur Kontaktseite;Bestand: Seitenlink;Sidebar;Chiptuning;lokal auflösbar;;https://www.powertech-performance.com/pages/kontakt.html;nein;umgesetzt;vorhanden, geprüft;ausstehend
https://www.powertech-performance.com/blog/chiptuning-raum-erfurt/;https://www.powertech-performance.com/pages/impressum.html;Impressum;Bestand: Seitenlink;Navigation;Chiptuning;lokal auflösbar;;https://www.powertech-performance.com/pages/impressum.html;nein;umgesetzt;vorhanden, geprüft;ausstehend
https://www.powertech-performance.com/blog/chiptuning-raum-erfurt/;https://www.powertech-performance.com/pages/datenschutz.html;Datenschutzerklärung;Bestand: Seitenlink;Navigation;Chiptuning;lokal auflösbar;;https://www.powertech-performance.com/pages/datenschutz.html;nein;umgesetzt;vorhanden, geprüft;ausstehend
https://www.powertech-performance.com/blog/chiptuning-raum-erfurt/;https://www.powertech-performance.com/pages/cookie-einstellungen.html;Cookie-Einstellungen;Bestand: Seitenlink;Navigation;Chiptuning;lokal auflösbar;;https://www.powertech-performance.com/pages/cookie-einstellungen.html;nein;umgesetzt;vorhanden, geprüft;ausstehend
https://www.powertech-performance.com/blog/chiptuning-raum-erfurt/;https://www.powertech-performance.com/pages/seitenuebersicht.html;Seitenübersicht;Bestand: Seitenlink;Navigation;Chiptuning;lokal auflösbar;;https://www.powertech-performance.com/pages/seitenuebersicht.html;nein;umgesetzt;vorhanden, geprüft;ausstehend
https://www.powertech-performance.com/blog/chiptuning-raum-erfurt/;https://www.powertech-performance.com/pages/impressum.html;Impressum;Bestand: Seitenlink;Inhalt;Chiptuning;lokal auflösbar;;https://www.powertech-performance.com/pages/impressum.html;nein;umgesetzt;vorhanden, geprüft;ausstehend
https://www.powertech-performance.com/blog/chiptuning-raumerfurt/;https://www.powertech-performance.com/;Powertech Performance Logo;Bestand: Seitenlink;Header;Chiptuning;lokal auflösbar;;https://www.powertech-performance.com/;nein;umgesetzt;vorhanden, geprüft;ausstehend
https://www.powertech-performance.com/blog/chiptuning-raumerfurt/;https://www.powertech-performance.com/#leistungen;Autoaufbereitung;Bestand: Sprunglink;Navigation;Chiptuning;lokal auflösbar;;https://www.powertech-performance.com/;nein;umgesetzt;vorhanden, geprüft;ausstehend
https://www.powertech-performance.com/blog/chiptuning-raumerfurt/;https://www.powertech-performance.com/#standort;Standort & Kontakt;Bestand: Sprunglink;Navigation;Chiptuning;lokal auflösbar;;https://www.powertech-performance.com/;nein;umgesetzt;neu oder gezielt geändert;ausstehend
https://www.powertech-performance.com/blog/chiptuning-raumerfurt/;https://www.powertech-performance.com/blog/;Blog;Bestand: Seitenlink;Navigation;Chiptuning;lokal auflösbar;;https://www.powertech-performance.com/blog/;nein;umgesetzt;vorhanden, geprüft;ausstehend
https://www.powertech-performance.com/blog/chiptuning-raumerfurt/;https://www.powertech-performance.com/pages/kontakt.html;Kontakt;Bestand: Seitenlink;Navigation;Chiptuning;lokal auflösbar;;https://www.powertech-performance.com/pages/kontakt.html;nein;umgesetzt;vorhanden, geprüft;ausstehend
https://www.powertech-performance.com/blog/chiptuning-raumerfurt/;https://www.powertech-performance.com/pages/kontakt.html;Jetzt anfragen;Bestand: Seitenlink;Inhalt;Chiptuning;lokal auflösbar;;https://www.powertech-performance.com/pages/kontakt.html;nein;umgesetzt;vorhanden, geprüft;ausstehend
https://www.powertech-performance.com/blog/chiptuning-raumerfurt/;https://www.powertech-performance.com/;Startseite;Bestand: Seitenlink;Breadcrumb;Chiptuning;lokal auflösbar;;https://www.powertech-performance.com/;nein;umgesetzt;neu oder gezielt geändert;ausstehend
https://www.powertech-performance.com/blog/chiptuning-raumerfurt/;https://www.powertech-performance.com/blog/;Ratgeber;Bestand: Seitenlink;Breadcrumb;Chiptuning;lokal auflösbar;;https://www.powertech-performance.com/blog/;nein;umgesetzt;neu oder gezielt geändert;ausstehend
https://www.powertech-performance.com/blog/chiptuning-raumerfurt/;https://www.powertech-performance.com/chiptuning;Chiptuning und Softwareoptimierung in Erfurt;Bestand: Seitenlink;Inhalt;Chiptuning;lokal auflösbar;;https://www.powertech-performance.com/chiptuning;nein;umgesetzt;neu oder gezielt geändert;ausstehend
https://www.powertech-performance.com/blog/chiptuning-raumerfurt/;https://www.powertech-performance.com/pages/kontakt.html;Kontaktseite;Bestand: Seitenlink;Inhalt;Chiptuning;lokal auflösbar;;https://www.powertech-performance.com/pages/kontakt.html;nein;umgesetzt;neu oder gezielt geändert;ausstehend
https://www.powertech-performance.com/blog/chiptuning-raumerfurt/;https://www.powertech-performance.com/blog/softwareoptimierung-dpf-off-erfurt/;Professionelle Softwareoptimierung & DPF-Management;Bestand: Seitenlink;Inhalt;Chiptuning;lokal auflösbar;;https://www.powertech-performance.com/blog/softwareoptimierung-dpf-off-erfurt/;nein;umgesetzt;neu oder gezielt geändert;ausstehend
https://www.powertech-performance.com/blog/chiptuning-raumerfurt/;https://www.powertech-performance.com/#leistungen;Alle Leistungen ansehen;Bestand: Sprunglink;Sidebar;Chiptuning;lokal auflösbar;;https://www.powertech-performance.com/;nein;umgesetzt;vorhanden, geprüft;ausstehend
https://www.powertech-performance.com/blog/chiptuning-raumerfurt/;https://www.powertech-performance.com/pages/kontakt.html;Zur Kontaktseite;Bestand: Seitenlink;Sidebar;Chiptuning;lokal auflösbar;;https://www.powertech-performance.com/pages/kontakt.html;nein;umgesetzt;vorhanden, geprüft;ausstehend
https://www.powertech-performance.com/blog/chiptuning-raumerfurt/;https://www.powertech-performance.com/pages/impressum.html;Impressum;Bestand: Seitenlink;Navigation;Chiptuning;lokal auflösbar;;https://www.powertech-performance.com/pages/impressum.html;nein;umgesetzt;vorhanden, geprüft;ausstehend
https://www.powertech-performance.com/blog/chiptuning-raumerfurt/;https://www.powertech-performance.com/pages/datenschutz.html;Datenschutzerklärung;Bestand: Seitenlink;Navigation;Chiptuning;lokal auflösbar;;https://www.powertech-performance.com/pages/datenschutz.html;nein;umgesetzt;vorhanden, geprüft;ausstehend
https://www.powertech-performance.com/blog/chiptuning-raumerfurt/;https://www.powertech-performance.com/pages/cookie-einstellungen.html;Cookie-Einstellungen;Bestand: Seitenlink;Navigation;Chiptuning;lokal auflösbar;;https://www.powertech-performance.com/pages/cookie-einstellungen.html;nein;umgesetzt;vorhanden, geprüft;ausstehend
https://www.powertech-performance.com/blog/chiptuning-raumerfurt/;https://www.powertech-performance.com/pages/seitenuebersicht.html;Seitenübersicht;Bestand: Seitenlink;Navigation;Chiptuning;lokal auflösbar;;https://www.powertech-performance.com/pages/seitenuebersicht.html;nein;umgesetzt;vorhanden, geprüft;ausstehend
https://www.powertech-performance.com/blog/chiptuning-raumerfurt/;https://www.powertech-performance.com/pages/impressum.html;Impressum;Bestand: Seitenlink;Inhalt;Chiptuning;lokal auflösbar;;https://www.powertech-performance.com/pages/impressum.html;nein;umgesetzt;vorhanden, geprüft;ausstehend
https://www.powertech-performance.com/blog/fahrzeugaufbereitung-erfurt/;https://www.powertech-performance.com/;Powertech Performance Logo;Bestand: Seitenlink;Header;Autoaufbereitung;lokal auflösbar;;https://www.powertech-performance.com/;nein;umgesetzt;vorhanden, geprüft;ausstehend
https://www.powertech-performance.com/blog/fahrzeugaufbereitung-erfurt/;https://www.powertech-performance.com/#leistungen;Autoaufbereitung;Bestand: Sprunglink;Navigation;Autoaufbereitung;lokal auflösbar;;https://www.powertech-performance.com/;nein;umgesetzt;vorhanden, geprüft;ausstehend
https://www.powertech-performance.com/blog/fahrzeugaufbereitung-erfurt/;https://www.powertech-performance.com/#standort;Standort & Kontakt;Bestand: Sprunglink;Navigation;Autoaufbereitung;lokal auflösbar;;https://www.powertech-performance.com/;nein;umgesetzt;neu oder gezielt geändert;ausstehend
https://www.powertech-performance.com/blog/fahrzeugaufbereitung-erfurt/;https://www.powertech-performance.com/blog/;Blog;Bestand: Seitenlink;Navigation;Autoaufbereitung;lokal auflösbar;;https://www.powertech-performance.com/blog/;nein;umgesetzt;vorhanden, geprüft;ausstehend
https://www.powertech-performance.com/blog/fahrzeugaufbereitung-erfurt/;https://www.powertech-performance.com/pages/kontakt.html;Kontakt;Bestand: Seitenlink;Navigation;Autoaufbereitung;lokal auflösbar;;https://www.powertech-performance.com/pages/kontakt.html;nein;umgesetzt;vorhanden, geprüft;ausstehend
https://www.powertech-performance.com/blog/fahrzeugaufbereitung-erfurt/;https://www.powertech-performance.com/pages/kontakt.html;Jetzt anfragen;Bestand: Seitenlink;Inhalt;Autoaufbereitung;lokal auflösbar;;https://www.powertech-performance.com/pages/kontakt.html;nein;umgesetzt;vorhanden, geprüft;ausstehend
https://www.powertech-performance.com/blog/fahrzeugaufbereitung-erfurt/;https://www.powertech-performance.com/;Startseite;Bestand: Seitenlink;Breadcrumb;Autoaufbereitung;lokal auflösbar;;https://www.powertech-performance.com/;nein;umgesetzt;neu oder gezielt geändert;ausstehend
https://www.powertech-performance.com/blog/fahrzeugaufbereitung-erfurt/;https://www.powertech-performance.com/blog/;Ratgeber;Bestand: Seitenlink;Breadcrumb;Autoaufbereitung;lokal auflösbar;;https://www.powertech-performance.com/blog/;nein;umgesetzt;neu oder gezielt geändert;ausstehend
https://www.powertech-performance.com/blog/fahrzeugaufbereitung-erfurt/;https://www.powertech-performance.com/;Autoaufbereitung in Erfurt;Bestand: Seitenlink;Inhalt;Autoaufbereitung;lokal auflösbar;;https://www.powertech-performance.com/;nein;umgesetzt;neu oder gezielt geändert;ausstehend
https://www.powertech-performance.com/blog/fahrzeugaufbereitung-erfurt/;https://www.powertech-performance.com/blog/innenreinigung-auto-in-der-naehe/;Professionelle Auto-Innenreinigung in Erfurt;Bestand: Seitenlink;Inhalt;Autoaufbereitung;lokal auflösbar;;https://www.powertech-performance.com/blog/innenreinigung-auto-in-der-naehe/;nein;umgesetzt;neu oder gezielt geändert;ausstehend
https://www.powertech-performance.com/blog/fahrzeugaufbereitung-erfurt/;https://www.powertech-performance.com/#leistungen;Alle Leistungen ansehen;Bestand: Sprunglink;Sidebar;Autoaufbereitung;lokal auflösbar;;https://www.powertech-performance.com/;nein;umgesetzt;vorhanden, geprüft;ausstehend
https://www.powertech-performance.com/blog/fahrzeugaufbereitung-erfurt/;https://www.powertech-performance.com/pages/kontakt.html;Zur Kontaktseite;Bestand: Seitenlink;Sidebar;Autoaufbereitung;lokal auflösbar;;https://www.powertech-performance.com/pages/kontakt.html;nein;umgesetzt;vorhanden, geprüft;ausstehend
https://www.powertech-performance.com/blog/fahrzeugaufbereitung-erfurt/;https://www.powertech-performance.com/pages/impressum.html;Impressum;Bestand: Seitenlink;Navigation;Autoaufbereitung;lokal auflösbar;;https://www.powertech-performance.com/pages/impressum.html;nein;umgesetzt;vorhanden, geprüft;ausstehend
https://www.powertech-performance.com/blog/fahrzeugaufbereitung-erfurt/;https://www.powertech-performance.com/pages/datenschutz.html;Datenschutzerklärung;Bestand: Seitenlink;Navigation;Autoaufbereitung;lokal auflösbar;;https://www.powertech-performance.com/pages/datenschutz.html;nein;umgesetzt;vorhanden, geprüft;ausstehend
https://www.powertech-performance.com/blog/fahrzeugaufbereitung-erfurt/;https://www.powertech-performance.com/pages/cookie-einstellungen.html;Cookie-Einstellungen;Bestand: Seitenlink;Navigation;Autoaufbereitung;lokal auflösbar;;https://www.powertech-performance.com/pages/cookie-einstellungen.html;nein;umgesetzt;vorhanden, geprüft;ausstehend
https://www.powertech-performance.com/blog/fahrzeugaufbereitung-erfurt/;https://www.powertech-performance.com/pages/seitenuebersicht.html;Seitenübersicht;Bestand: Seitenlink;Navigation;Autoaufbereitung;lokal auflösbar;;https://www.powertech-performance.com/pages/seitenuebersicht.html;nein;umgesetzt;vorhanden, geprüft;ausstehend
https://www.powertech-performance.com/blog/fahrzeugaufbereitung-erfurt/;https://www.powertech-performance.com/pages/impressum.html;Impressum;Bestand: Seitenlink;Inhalt;Autoaufbereitung;lokal auflösbar;;https://www.powertech-performance.com/pages/impressum.html;nein;umgesetzt;vorhanden, geprüft;ausstehend
https://www.powertech-performance.com/blog/flugzeugaufbereitung-innenreinigung-erfurt/;https://www.powertech-performance.com/;Powertech Performance Logo;Bestand: Seitenlink;Header;Innenraumreinigung;lokal auflösbar;;https://www.powertech-performance.com/;nein;umgesetzt;vorhanden, geprüft;ausstehend
https://www.powertech-performance.com/blog/flugzeugaufbereitung-innenreinigung-erfurt/;https://www.powertech-performance.com/#leistungen;Autoaufbereitung;Bestand: Sprunglink;Navigation;Innenraumreinigung;lokal auflösbar;;https://www.powertech-performance.com/;nein;umgesetzt;vorhanden, geprüft;ausstehend
https://www.powertech-performance.com/blog/flugzeugaufbereitung-innenreinigung-erfurt/;https://www.powertech-performance.com/#standort;Standort & Kontakt;Bestand: Sprunglink;Navigation;Innenraumreinigung;lokal auflösbar;;https://www.powertech-performance.com/;nein;umgesetzt;neu oder gezielt geändert;ausstehend
https://www.powertech-performance.com/blog/flugzeugaufbereitung-innenreinigung-erfurt/;https://www.powertech-performance.com/blog/;Blog;Bestand: Seitenlink;Navigation;Innenraumreinigung;lokal auflösbar;;https://www.powertech-performance.com/blog/;nein;umgesetzt;vorhanden, geprüft;ausstehend
https://www.powertech-performance.com/blog/flugzeugaufbereitung-innenreinigung-erfurt/;https://www.powertech-performance.com/pages/kontakt.html;Kontakt;Bestand: Seitenlink;Navigation;Innenraumreinigung;lokal auflösbar;;https://www.powertech-performance.com/pages/kontakt.html;nein;umgesetzt;vorhanden, geprüft;ausstehend
https://www.powertech-performance.com/blog/flugzeugaufbereitung-innenreinigung-erfurt/;https://www.powertech-performance.com/pages/kontakt.html;Jetzt anfragen;Bestand: Seitenlink;Inhalt;Innenraumreinigung;lokal auflösbar;;https://www.powertech-performance.com/pages/kontakt.html;nein;umgesetzt;vorhanden, geprüft;ausstehend
https://www.powertech-performance.com/blog/flugzeugaufbereitung-innenreinigung-erfurt/;https://www.powertech-performance.com/;Startseite;Bestand: Seitenlink;Breadcrumb;Innenraumreinigung;lokal auflösbar;;https://www.powertech-performance.com/;nein;umgesetzt;neu oder gezielt geändert;ausstehend
https://www.powertech-performance.com/blog/flugzeugaufbereitung-innenreinigung-erfurt/;https://www.powertech-performance.com/blog/;Ratgeber;Bestand: Seitenlink;Breadcrumb;Innenraumreinigung;lokal auflösbar;;https://www.powertech-performance.com/blog/;nein;umgesetzt;neu oder gezielt geändert;ausstehend
https://www.powertech-performance.com/blog/flugzeugaufbereitung-innenreinigung-erfurt/;https://www.powertech-performance.com/pages/kontakt.html;KOSTENLOSES ANGEBOT ANFORDERN;Bestand: Seitenlink;Inhalt;Innenraumreinigung;lokal auflösbar;;https://www.powertech-performance.com/pages/kontakt.html;nein;umgesetzt;vorhanden, geprüft;ausstehend
https://www.powertech-performance.com/blog/flugzeugaufbereitung-innenreinigung-erfurt/;https://www.powertech-performance.com/blog/oldtimer-aufbereitung-erfurt-wertschonende-pflege/;Oldtimer Aufbereitung Erfurt | Werterhalt & High-End Pflege;Bestand: Seitenlink;Inhalt;Innenraumreinigung;lokal auflösbar;;https://www.powertech-performance.com/blog/oldtimer-aufbereitung-erfurt-wertschonende-pflege/;nein;umgesetzt;neu oder gezielt geändert;ausstehend
https://www.powertech-performance.com/blog/flugzeugaufbereitung-innenreinigung-erfurt/;https://www.powertech-performance.com/#leistungen;Alle Leistungen ansehen;Bestand: Sprunglink;Sidebar;Innenraumreinigung;lokal auflösbar;;https://www.powertech-performance.com/;nein;umgesetzt;vorhanden, geprüft;ausstehend
https://www.powertech-performance.com/blog/flugzeugaufbereitung-innenreinigung-erfurt/;https://www.powertech-performance.com/pages/kontakt.html;Zur Kontaktseite;Bestand: Seitenlink;Sidebar;Innenraumreinigung;lokal auflösbar;;https://www.powertech-performance.com/pages/kontakt.html;nein;umgesetzt;vorhanden, geprüft;ausstehend
https://www.powertech-performance.com/blog/flugzeugaufbereitung-innenreinigung-erfurt/;https://www.powertech-performance.com/pages/impressum.html;Impressum;Bestand: Seitenlink;Navigation;Innenraumreinigung;lokal auflösbar;;https://www.powertech-performance.com/pages/impressum.html;nein;umgesetzt;vorhanden, geprüft;ausstehend
https://www.powertech-performance.com/blog/flugzeugaufbereitung-innenreinigung-erfurt/;https://www.powertech-performance.com/pages/datenschutz.html;Datenschutzerklärung;Bestand: Seitenlink;Navigation;Innenraumreinigung;lokal auflösbar;;https://www.powertech-performance.com/pages/datenschutz.html;nein;umgesetzt;vorhanden, geprüft;ausstehend
https://www.powertech-performance.com/blog/flugzeugaufbereitung-innenreinigung-erfurt/;https://www.powertech-performance.com/pages/cookie-einstellungen.html;Cookie-Einstellungen;Bestand: Seitenlink;Navigation;Innenraumreinigung;lokal auflösbar;;https://www.powertech-performance.com/pages/cookie-einstellungen.html;nein;umgesetzt;vorhanden, geprüft;ausstehend
https://www.powertech-performance.com/blog/flugzeugaufbereitung-innenreinigung-erfurt/;https://www.powertech-performance.com/pages/seitenuebersicht.html;Seitenübersicht;Bestand: Seitenlink;Navigation;Innenraumreinigung;lokal auflösbar;;https://www.powertech-performance.com/pages/seitenuebersicht.html;nein;umgesetzt;vorhanden, geprüft;ausstehend
https://www.powertech-performance.com/blog/flugzeugaufbereitung-innenreinigung-erfurt/;https://www.powertech-performance.com/pages/impressum.html;Impressum;Bestand: Seitenlink;Inhalt;Innenraumreinigung;lokal auflösbar;;https://www.powertech-performance.com/pages/impressum.html;nein;umgesetzt;vorhanden, geprüft;ausstehend
https://www.powertech-performance.com/blog/haltbarkeit-keramikversiegelung-lackschutz/;https://www.powertech-performance.com/;Powertech Performance Logo;Bestand: Seitenlink;Header;Keramikversiegelung;lokal auflösbar;;https://www.powertech-performance.com/;nein;umgesetzt;vorhanden, geprüft;ausstehend
https://www.powertech-performance.com/blog/haltbarkeit-keramikversiegelung-lackschutz/;https://www.powertech-performance.com/#leistungen;Autoaufbereitung;Bestand: Sprunglink;Navigation;Keramikversiegelung;lokal auflösbar;;https://www.powertech-performance.com/;nein;umgesetzt;vorhanden, geprüft;ausstehend
https://www.powertech-performance.com/blog/haltbarkeit-keramikversiegelung-lackschutz/;https://www.powertech-performance.com/#standort;Standort & Kontakt;Bestand: Sprunglink;Navigation;Keramikversiegelung;lokal auflösbar;;https://www.powertech-performance.com/;nein;umgesetzt;neu oder gezielt geändert;ausstehend
https://www.powertech-performance.com/blog/haltbarkeit-keramikversiegelung-lackschutz/;https://www.powertech-performance.com/blog/;Blog;Bestand: Seitenlink;Navigation;Keramikversiegelung;lokal auflösbar;;https://www.powertech-performance.com/blog/;nein;umgesetzt;vorhanden, geprüft;ausstehend
https://www.powertech-performance.com/blog/haltbarkeit-keramikversiegelung-lackschutz/;https://www.powertech-performance.com/pages/kontakt.html;Kontakt;Bestand: Seitenlink;Navigation;Keramikversiegelung;lokal auflösbar;;https://www.powertech-performance.com/pages/kontakt.html;nein;umgesetzt;vorhanden, geprüft;ausstehend
https://www.powertech-performance.com/blog/haltbarkeit-keramikversiegelung-lackschutz/;https://www.powertech-performance.com/pages/kontakt.html;Jetzt anfragen;Bestand: Seitenlink;Inhalt;Keramikversiegelung;lokal auflösbar;;https://www.powertech-performance.com/pages/kontakt.html;nein;umgesetzt;vorhanden, geprüft;ausstehend
https://www.powertech-performance.com/blog/haltbarkeit-keramikversiegelung-lackschutz/;https://www.powertech-performance.com/;Startseite;Bestand: Seitenlink;Breadcrumb;Keramikversiegelung;lokal auflösbar;;https://www.powertech-performance.com/;nein;umgesetzt;neu oder gezielt geändert;ausstehend
https://www.powertech-performance.com/blog/haltbarkeit-keramikversiegelung-lackschutz/;https://www.powertech-performance.com/blog/;Ratgeber;Bestand: Seitenlink;Breadcrumb;Keramikversiegelung;lokal auflösbar;;https://www.powertech-performance.com/blog/;nein;umgesetzt;neu oder gezielt geändert;ausstehend
https://www.powertech-performance.com/blog/haltbarkeit-keramikversiegelung-lackschutz/;https://www.powertech-performance.com/pages/kontakt.html;Jetzt unverbindlich anfragen;Bestand: Seitenlink;Inhalt;Keramikversiegelung;lokal auflösbar;;https://www.powertech-performance.com/pages/kontakt.html;nein;umgesetzt;vorhanden, geprüft;ausstehend
https://www.powertech-performance.com/blog/haltbarkeit-keramikversiegelung-lackschutz/;https://www.powertech-performance.com/luxus-aufbereitung;Keramikversiegelung in Erfurt;Bestand: Seitenlink;Inhalt;Keramikversiegelung;lokal auflösbar;;https://www.powertech-performance.com/luxus-aufbereitung;nein;umgesetzt;neu oder gezielt geändert;ausstehend
https://www.powertech-performance.com/blog/haltbarkeit-keramikversiegelung-lackschutz/;https://www.powertech-performance.com/blog/keramik-fuer-auto-erfurt-vorteile-haltbarkeit/;Keramik fürs Auto: Nutzen und Pflegebedarf;Bestand: Seitenlink;Inhalt;Keramikversiegelung;lokal auflösbar;;https://www.powertech-performance.com/blog/keramik-fuer-auto-erfurt-vorteile-haltbarkeit/;nein;umgesetzt;neu oder gezielt geändert;ausstehend
https://www.powertech-performance.com/blog/haltbarkeit-keramikversiegelung-lackschutz/;https://www.powertech-performance.com/#leistungen;Alle Leistungen ansehen;Bestand: Sprunglink;Sidebar;Keramikversiegelung;lokal auflösbar;;https://www.powertech-performance.com/;nein;umgesetzt;vorhanden, geprüft;ausstehend
https://www.powertech-performance.com/blog/haltbarkeit-keramikversiegelung-lackschutz/;https://www.powertech-performance.com/pages/kontakt.html;Zur Kontaktseite;Bestand: Seitenlink;Sidebar;Keramikversiegelung;lokal auflösbar;;https://www.powertech-performance.com/pages/kontakt.html;nein;umgesetzt;vorhanden, geprüft;ausstehend
https://www.powertech-performance.com/blog/haltbarkeit-keramikversiegelung-lackschutz/;https://www.powertech-performance.com/pages/impressum.html;Impressum;Bestand: Seitenlink;Navigation;Keramikversiegelung;lokal auflösbar;;https://www.powertech-performance.com/pages/impressum.html;nein;umgesetzt;vorhanden, geprüft;ausstehend
https://www.powertech-performance.com/blog/haltbarkeit-keramikversiegelung-lackschutz/;https://www.powertech-performance.com/pages/datenschutz.html;Datenschutzerklärung;Bestand: Seitenlink;Navigation;Keramikversiegelung;lokal auflösbar;;https://www.powertech-performance.com/pages/datenschutz.html;nein;umgesetzt;vorhanden, geprüft;ausstehend
https://www.powertech-performance.com/blog/haltbarkeit-keramikversiegelung-lackschutz/;https://www.powertech-performance.com/pages/cookie-einstellungen.html;Cookie-Einstellungen;Bestand: Seitenlink;Navigation;Keramikversiegelung;lokal auflösbar;;https://www.powertech-performance.com/pages/cookie-einstellungen.html;nein;umgesetzt;vorhanden, geprüft;ausstehend
https://www.powertech-performance.com/blog/haltbarkeit-keramikversiegelung-lackschutz/;https://www.powertech-performance.com/pages/seitenuebersicht.html;Seitenübersicht;Bestand: Seitenlink;Navigation;Keramikversiegelung;lokal auflösbar;;https://www.powertech-performance.com/pages/seitenuebersicht.html;nein;umgesetzt;vorhanden, geprüft;ausstehend
https://www.powertech-performance.com/blog/haltbarkeit-keramikversiegelung-lackschutz/;https://www.powertech-performance.com/pages/impressum.html;Impressum;Bestand: Seitenlink;Inhalt;Keramikversiegelung;lokal auflösbar;;https://www.powertech-performance.com/pages/impressum.html;nein;umgesetzt;vorhanden, geprüft;ausstehend
https://www.powertech-performance.com/blog/harte-und-weiche-autolacke-der-geheime-schlssel-zur-perfekten-lackaufbereitung/;https://www.powertech-performance.com/;Powertech Performance Logo;Bestand: Seitenlink;Header;Lackaufbereitung;lokal auflösbar;;https://www.powertech-performance.com/;nein;umgesetzt;vorhanden, geprüft;ausstehend
https://www.powertech-performance.com/blog/harte-und-weiche-autolacke-der-geheime-schlssel-zur-perfekten-lackaufbereitung/;https://www.powertech-performance.com/#leistungen;Autoaufbereitung;Bestand: Sprunglink;Navigation;Lackaufbereitung;lokal auflösbar;;https://www.powertech-performance.com/;nein;umgesetzt;vorhanden, geprüft;ausstehend
https://www.powertech-performance.com/blog/harte-und-weiche-autolacke-der-geheime-schlssel-zur-perfekten-lackaufbereitung/;https://www.powertech-performance.com/#standort;Standort & Kontakt;Bestand: Sprunglink;Navigation;Lackaufbereitung;lokal auflösbar;;https://www.powertech-performance.com/;nein;umgesetzt;neu oder gezielt geändert;ausstehend
https://www.powertech-performance.com/blog/harte-und-weiche-autolacke-der-geheime-schlssel-zur-perfekten-lackaufbereitung/;https://www.powertech-performance.com/blog/;Blog;Bestand: Seitenlink;Navigation;Lackaufbereitung;lokal auflösbar;;https://www.powertech-performance.com/blog/;nein;umgesetzt;vorhanden, geprüft;ausstehend
https://www.powertech-performance.com/blog/harte-und-weiche-autolacke-der-geheime-schlssel-zur-perfekten-lackaufbereitung/;https://www.powertech-performance.com/pages/kontakt.html;Kontakt;Bestand: Seitenlink;Navigation;Lackaufbereitung;lokal auflösbar;;https://www.powertech-performance.com/pages/kontakt.html;nein;umgesetzt;vorhanden, geprüft;ausstehend
https://www.powertech-performance.com/blog/harte-und-weiche-autolacke-der-geheime-schlssel-zur-perfekten-lackaufbereitung/;https://www.powertech-performance.com/pages/kontakt.html;Jetzt anfragen;Bestand: Seitenlink;Inhalt;Lackaufbereitung;lokal auflösbar;;https://www.powertech-performance.com/pages/kontakt.html;nein;umgesetzt;vorhanden, geprüft;ausstehend
https://www.powertech-performance.com/blog/harte-und-weiche-autolacke-der-geheime-schlssel-zur-perfekten-lackaufbereitung/;https://www.powertech-performance.com/;Startseite;Bestand: Seitenlink;Breadcrumb;Lackaufbereitung;lokal auflösbar;;https://www.powertech-performance.com/;nein;umgesetzt;neu oder gezielt geändert;ausstehend
https://www.powertech-performance.com/blog/harte-und-weiche-autolacke-der-geheime-schlssel-zur-perfekten-lackaufbereitung/;https://www.powertech-performance.com/blog/;Ratgeber;Bestand: Seitenlink;Breadcrumb;Lackaufbereitung;lokal auflösbar;;https://www.powertech-performance.com/blog/;nein;umgesetzt;neu oder gezielt geändert;ausstehend
https://www.powertech-performance.com/blog/harte-und-weiche-autolacke-der-geheime-schlssel-zur-perfekten-lackaufbereitung/;https://www.powertech-performance.com/pages/kontakt.html;Jetzt unverbindlich anfragen;Bestand: Seitenlink;Inhalt;Lackaufbereitung;lokal auflösbar;;https://www.powertech-performance.com/pages/kontakt.html;nein;umgesetzt;vorhanden, geprüft;ausstehend
https://www.powertech-performance.com/blog/harte-und-weiche-autolacke-der-geheime-schlssel-zur-perfekten-lackaufbereitung/;https://www.powertech-performance.com/blog/harte-weiche-autolacke-lackaufbereitung/;Harte und weiche Autolacke: Lackhärte verstehen;Bestand: Seitenlink;Inhalt;Lackaufbereitung;lokal auflösbar;;https://www.powertech-performance.com/blog/harte-weiche-autolacke-lackaufbereitung/;nein;umgesetzt;neu oder gezielt geändert;ausstehend
https://www.powertech-performance.com/blog/harte-und-weiche-autolacke-der-geheime-schlssel-zur-perfekten-lackaufbereitung/;https://www.powertech-performance.com/#leistungen;Alle Leistungen ansehen;Bestand: Sprunglink;Sidebar;Lackaufbereitung;lokal auflösbar;;https://www.powertech-performance.com/;nein;umgesetzt;vorhanden, geprüft;ausstehend
https://www.powertech-performance.com/blog/harte-und-weiche-autolacke-der-geheime-schlssel-zur-perfekten-lackaufbereitung/;https://www.powertech-performance.com/pages/kontakt.html;Zur Kontaktseite;Bestand: Seitenlink;Sidebar;Lackaufbereitung;lokal auflösbar;;https://www.powertech-performance.com/pages/kontakt.html;nein;umgesetzt;vorhanden, geprüft;ausstehend
https://www.powertech-performance.com/blog/harte-und-weiche-autolacke-der-geheime-schlssel-zur-perfekten-lackaufbereitung/;https://www.powertech-performance.com/pages/impressum.html;Impressum;Bestand: Seitenlink;Navigation;Lackaufbereitung;lokal auflösbar;;https://www.powertech-performance.com/pages/impressum.html;nein;umgesetzt;vorhanden, geprüft;ausstehend
https://www.powertech-performance.com/blog/harte-und-weiche-autolacke-der-geheime-schlssel-zur-perfekten-lackaufbereitung/;https://www.powertech-performance.com/pages/datenschutz.html;Datenschutzerklärung;Bestand: Seitenlink;Navigation;Lackaufbereitung;lokal auflösbar;;https://www.powertech-performance.com/pages/datenschutz.html;nein;umgesetzt;vorhanden, geprüft;ausstehend
https://www.powertech-performance.com/blog/harte-und-weiche-autolacke-der-geheime-schlssel-zur-perfekten-lackaufbereitung/;https://www.powertech-performance.com/pages/cookie-einstellungen.html;Cookie-Einstellungen;Bestand: Seitenlink;Navigation;Lackaufbereitung;lokal auflösbar;;https://www.powertech-performance.com/pages/cookie-einstellungen.html;nein;umgesetzt;vorhanden, geprüft;ausstehend
https://www.powertech-performance.com/blog/harte-und-weiche-autolacke-der-geheime-schlssel-zur-perfekten-lackaufbereitung/;https://www.powertech-performance.com/pages/seitenuebersicht.html;Seitenübersicht;Bestand: Seitenlink;Navigation;Lackaufbereitung;lokal auflösbar;;https://www.powertech-performance.com/pages/seitenuebersicht.html;nein;umgesetzt;vorhanden, geprüft;ausstehend
https://www.powertech-performance.com/blog/harte-und-weiche-autolacke-der-geheime-schlssel-zur-perfekten-lackaufbereitung/;https://www.powertech-performance.com/pages/impressum.html;Impressum;Bestand: Seitenlink;Inhalt;Lackaufbereitung;lokal auflösbar;;https://www.powertech-performance.com/pages/impressum.html;nein;umgesetzt;vorhanden, geprüft;ausstehend
https://www.powertech-performance.com/blog/harte-und-weiche-autolacke-der-geheime-schlssel-zur-perfekten-lackaufbereitung-2/;https://www.powertech-performance.com/;Powertech Performance Logo;Bestand: Seitenlink;Header;Lackaufbereitung;lokal auflösbar;;https://www.powertech-performance.com/;nein;umgesetzt;vorhanden, geprüft;ausstehend
https://www.powertech-performance.com/blog/harte-und-weiche-autolacke-der-geheime-schlssel-zur-perfekten-lackaufbereitung-2/;https://www.powertech-performance.com/#leistungen;Autoaufbereitung;Bestand: Sprunglink;Navigation;Lackaufbereitung;lokal auflösbar;;https://www.powertech-performance.com/;nein;umgesetzt;vorhanden, geprüft;ausstehend
https://www.powertech-performance.com/blog/harte-und-weiche-autolacke-der-geheime-schlssel-zur-perfekten-lackaufbereitung-2/;https://www.powertech-performance.com/#standort;Standort & Kontakt;Bestand: Sprunglink;Navigation;Lackaufbereitung;lokal auflösbar;;https://www.powertech-performance.com/;nein;umgesetzt;neu oder gezielt geändert;ausstehend
https://www.powertech-performance.com/blog/harte-und-weiche-autolacke-der-geheime-schlssel-zur-perfekten-lackaufbereitung-2/;https://www.powertech-performance.com/blog/;Blog;Bestand: Seitenlink;Navigation;Lackaufbereitung;lokal auflösbar;;https://www.powertech-performance.com/blog/;nein;umgesetzt;vorhanden, geprüft;ausstehend
https://www.powertech-performance.com/blog/harte-und-weiche-autolacke-der-geheime-schlssel-zur-perfekten-lackaufbereitung-2/;https://www.powertech-performance.com/pages/kontakt.html;Kontakt;Bestand: Seitenlink;Navigation;Lackaufbereitung;lokal auflösbar;;https://www.powertech-performance.com/pages/kontakt.html;nein;umgesetzt;vorhanden, geprüft;ausstehend
https://www.powertech-performance.com/blog/harte-und-weiche-autolacke-der-geheime-schlssel-zur-perfekten-lackaufbereitung-2/;https://www.powertech-performance.com/pages/kontakt.html;Jetzt anfragen;Bestand: Seitenlink;Inhalt;Lackaufbereitung;lokal auflösbar;;https://www.powertech-performance.com/pages/kontakt.html;nein;umgesetzt;vorhanden, geprüft;ausstehend
https://www.powertech-performance.com/blog/harte-und-weiche-autolacke-der-geheime-schlssel-zur-perfekten-lackaufbereitung-2/;https://www.powertech-performance.com/;Startseite;Bestand: Seitenlink;Breadcrumb;Lackaufbereitung;lokal auflösbar;;https://www.powertech-performance.com/;nein;umgesetzt;neu oder gezielt geändert;ausstehend
https://www.powertech-performance.com/blog/harte-und-weiche-autolacke-der-geheime-schlssel-zur-perfekten-lackaufbereitung-2/;https://www.powertech-performance.com/blog/;Ratgeber;Bestand: Seitenlink;Breadcrumb;Lackaufbereitung;lokal auflösbar;;https://www.powertech-performance.com/blog/;nein;umgesetzt;neu oder gezielt geändert;ausstehend
https://www.powertech-performance.com/blog/harte-und-weiche-autolacke-der-geheime-schlssel-zur-perfekten-lackaufbereitung-2/;https://www.powertech-performance.com/pages/kontakt.html;Jetzt unverbindlich anfragen;Bestand: Seitenlink;Inhalt;Lackaufbereitung;lokal auflösbar;;https://www.powertech-performance.com/pages/kontakt.html;nein;umgesetzt;vorhanden, geprüft;ausstehend
https://www.powertech-performance.com/blog/harte-und-weiche-autolacke-der-geheime-schlssel-zur-perfekten-lackaufbereitung-2/;https://www.powertech-performance.com/blog/harte-weiche-autolacke-lackaufbereitung/;Harte und weiche Autolacke: Lackhärte verstehen;Bestand: Seitenlink;Inhalt;Lackaufbereitung;lokal auflösbar;;https://www.powertech-performance.com/blog/harte-weiche-autolacke-lackaufbereitung/;nein;umgesetzt;neu oder gezielt geändert;ausstehend
https://www.powertech-performance.com/blog/harte-und-weiche-autolacke-der-geheime-schlssel-zur-perfekten-lackaufbereitung-2/;https://www.powertech-performance.com/#leistungen;Alle Leistungen ansehen;Bestand: Sprunglink;Sidebar;Lackaufbereitung;lokal auflösbar;;https://www.powertech-performance.com/;nein;umgesetzt;vorhanden, geprüft;ausstehend
https://www.powertech-performance.com/blog/harte-und-weiche-autolacke-der-geheime-schlssel-zur-perfekten-lackaufbereitung-2/;https://www.powertech-performance.com/pages/kontakt.html;Zur Kontaktseite;Bestand: Seitenlink;Sidebar;Lackaufbereitung;lokal auflösbar;;https://www.powertech-performance.com/pages/kontakt.html;nein;umgesetzt;vorhanden, geprüft;ausstehend
https://www.powertech-performance.com/blog/harte-und-weiche-autolacke-der-geheime-schlssel-zur-perfekten-lackaufbereitung-2/;https://www.powertech-performance.com/pages/impressum.html;Impressum;Bestand: Seitenlink;Navigation;Lackaufbereitung;lokal auflösbar;;https://www.powertech-performance.com/pages/impressum.html;nein;umgesetzt;vorhanden, geprüft;ausstehend
https://www.powertech-performance.com/blog/harte-und-weiche-autolacke-der-geheime-schlssel-zur-perfekten-lackaufbereitung-2/;https://www.powertech-performance.com/pages/datenschutz.html;Datenschutzerklärung;Bestand: Seitenlink;Navigation;Lackaufbereitung;lokal auflösbar;;https://www.powertech-performance.com/pages/datenschutz.html;nein;umgesetzt;vorhanden, geprüft;ausstehend
https://www.powertech-performance.com/blog/harte-und-weiche-autolacke-der-geheime-schlssel-zur-perfekten-lackaufbereitung-2/;https://www.powertech-performance.com/pages/cookie-einstellungen.html;Cookie-Einstellungen;Bestand: Seitenlink;Navigation;Lackaufbereitung;lokal auflösbar;;https://www.powertech-performance.com/pages/cookie-einstellungen.html;nein;umgesetzt;vorhanden, geprüft;ausstehend
https://www.powertech-performance.com/blog/harte-und-weiche-autolacke-der-geheime-schlssel-zur-perfekten-lackaufbereitung-2/;https://www.powertech-performance.com/pages/seitenuebersicht.html;Seitenübersicht;Bestand: Seitenlink;Navigation;Lackaufbereitung;lokal auflösbar;;https://www.powertech-performance.com/pages/seitenuebersicht.html;nein;umgesetzt;vorhanden, geprüft;ausstehend
https://www.powertech-performance.com/blog/harte-und-weiche-autolacke-der-geheime-schlssel-zur-perfekten-lackaufbereitung-2/;https://www.powertech-performance.com/pages/impressum.html;Impressum;Bestand: Seitenlink;Inhalt;Lackaufbereitung;lokal auflösbar;;https://www.powertech-performance.com/pages/impressum.html;nein;umgesetzt;vorhanden, geprüft;ausstehend
https://www.powertech-performance.com/blog/harte-weiche-autolacke-lackaufbereitung/;https://www.powertech-performance.com/;Powertech Performance Logo;Bestand: Seitenlink;Header;Lackaufbereitung;lokal auflösbar;;https://www.powertech-performance.com/;nein;umgesetzt;vorhanden, geprüft;ausstehend
https://www.powertech-performance.com/blog/harte-weiche-autolacke-lackaufbereitung/;https://www.powertech-performance.com/#leistungen;Autoaufbereitung;Bestand: Sprunglink;Navigation;Lackaufbereitung;lokal auflösbar;;https://www.powertech-performance.com/;nein;umgesetzt;vorhanden, geprüft;ausstehend
https://www.powertech-performance.com/blog/harte-weiche-autolacke-lackaufbereitung/;https://www.powertech-performance.com/#standort;Standort & Kontakt;Bestand: Sprunglink;Navigation;Lackaufbereitung;lokal auflösbar;;https://www.powertech-performance.com/;nein;umgesetzt;neu oder gezielt geändert;ausstehend
https://www.powertech-performance.com/blog/harte-weiche-autolacke-lackaufbereitung/;https://www.powertech-performance.com/blog/;Blog;Bestand: Seitenlink;Navigation;Lackaufbereitung;lokal auflösbar;;https://www.powertech-performance.com/blog/;nein;umgesetzt;vorhanden, geprüft;ausstehend
https://www.powertech-performance.com/blog/harte-weiche-autolacke-lackaufbereitung/;https://www.powertech-performance.com/pages/kontakt.html;Kontakt;Bestand: Seitenlink;Navigation;Lackaufbereitung;lokal auflösbar;;https://www.powertech-performance.com/pages/kontakt.html;nein;umgesetzt;vorhanden, geprüft;ausstehend
https://www.powertech-performance.com/blog/harte-weiche-autolacke-lackaufbereitung/;https://www.powertech-performance.com/pages/kontakt.html;Jetzt anfragen;Bestand: Seitenlink;Inhalt;Lackaufbereitung;lokal auflösbar;;https://www.powertech-performance.com/pages/kontakt.html;nein;umgesetzt;vorhanden, geprüft;ausstehend
https://www.powertech-performance.com/blog/harte-weiche-autolacke-lackaufbereitung/;https://www.powertech-performance.com/;Startseite;Bestand: Seitenlink;Breadcrumb;Lackaufbereitung;lokal auflösbar;;https://www.powertech-performance.com/;nein;umgesetzt;neu oder gezielt geändert;ausstehend
https://www.powertech-performance.com/blog/harte-weiche-autolacke-lackaufbereitung/;https://www.powertech-performance.com/blog/;Ratgeber;Bestand: Seitenlink;Breadcrumb;Lackaufbereitung;lokal auflösbar;;https://www.powertech-performance.com/blog/;nein;umgesetzt;neu oder gezielt geändert;ausstehend
https://www.powertech-performance.com/blog/harte-weiche-autolacke-lackaufbereitung/;https://www.powertech-performance.com/pages/kontakt.html;Jetzt unverbindlich anfragen;Bestand: Seitenlink;Inhalt;Lackaufbereitung;lokal auflösbar;;https://www.powertech-performance.com/pages/kontakt.html;nein;umgesetzt;vorhanden, geprüft;ausstehend
https://www.powertech-performance.com/blog/harte-weiche-autolacke-lackaufbereitung/;https://www.powertech-performance.com/blog/lackkorrektur-wofuer-gut-werterhalt/;Lackkorrektur: Wofür ist das gut?;Bestand: Seitenlink;Inhalt;Lackaufbereitung;lokal auflösbar;;https://www.powertech-performance.com/blog/lackkorrektur-wofuer-gut-werterhalt/;nein;umgesetzt;neu oder gezielt geändert;ausstehend
https://www.powertech-performance.com/blog/harte-weiche-autolacke-lackaufbereitung/;https://www.powertech-performance.com/#leistungen;Alle Leistungen ansehen;Bestand: Sprunglink;Sidebar;Lackaufbereitung;lokal auflösbar;;https://www.powertech-performance.com/;nein;umgesetzt;vorhanden, geprüft;ausstehend
https://www.powertech-performance.com/blog/harte-weiche-autolacke-lackaufbereitung/;https://www.powertech-performance.com/pages/kontakt.html;Zur Kontaktseite;Bestand: Seitenlink;Sidebar;Lackaufbereitung;lokal auflösbar;;https://www.powertech-performance.com/pages/kontakt.html;nein;umgesetzt;vorhanden, geprüft;ausstehend
https://www.powertech-performance.com/blog/harte-weiche-autolacke-lackaufbereitung/;https://www.powertech-performance.com/pages/impressum.html;Impressum;Bestand: Seitenlink;Navigation;Lackaufbereitung;lokal auflösbar;;https://www.powertech-performance.com/pages/impressum.html;nein;umgesetzt;vorhanden, geprüft;ausstehend
https://www.powertech-performance.com/blog/harte-weiche-autolacke-lackaufbereitung/;https://www.powertech-performance.com/pages/datenschutz.html;Datenschutzerklärung;Bestand: Seitenlink;Navigation;Lackaufbereitung;lokal auflösbar;;https://www.powertech-performance.com/pages/datenschutz.html;nein;umgesetzt;vorhanden, geprüft;ausstehend
https://www.powertech-performance.com/blog/harte-weiche-autolacke-lackaufbereitung/;https://www.powertech-performance.com/pages/cookie-einstellungen.html;Cookie-Einstellungen;Bestand: Seitenlink;Navigation;Lackaufbereitung;lokal auflösbar;;https://www.powertech-performance.com/pages/cookie-einstellungen.html;nein;umgesetzt;vorhanden, geprüft;ausstehend
https://www.powertech-performance.com/blog/harte-weiche-autolacke-lackaufbereitung/;https://www.powertech-performance.com/pages/seitenuebersicht.html;Seitenübersicht;Bestand: Seitenlink;Navigation;Lackaufbereitung;lokal auflösbar;;https://www.powertech-performance.com/pages/seitenuebersicht.html;nein;umgesetzt;vorhanden, geprüft;ausstehend
https://www.powertech-performance.com/blog/harte-weiche-autolacke-lackaufbereitung/;https://www.powertech-performance.com/pages/impressum.html;Impressum;Bestand: Seitenlink;Inhalt;Lackaufbereitung;lokal auflösbar;;https://www.powertech-performance.com/pages/impressum.html;nein;umgesetzt;vorhanden, geprüft;ausstehend
https://www.powertech-performance.com/blog/;https://www.powertech-performance.com/;Powertech Performance Logo;Bestand: Seitenlink;Header;Autoaufbereitung;lokal auflösbar;;https://www.powertech-performance.com/;nein;umgesetzt;vorhanden, geprüft;ausstehend
https://www.powertech-performance.com/blog/;https://www.powertech-performance.com/#leistungen;Autoaufbereitung;Bestand: Sprunglink;Navigation;Autoaufbereitung;lokal auflösbar;;https://www.powertech-performance.com/;nein;umgesetzt;vorhanden, geprüft;ausstehend
https://www.powertech-performance.com/blog/;https://www.powertech-performance.com/#standort;Standort & Kontakt;Bestand: Sprunglink;Navigation;Autoaufbereitung;lokal auflösbar;;https://www.powertech-performance.com/;nein;umgesetzt;neu oder gezielt geändert;ausstehend
https://www.powertech-performance.com/blog/;https://www.powertech-performance.com/blog/;Blog;Bestand: Seitenlink;Navigation;Autoaufbereitung;lokal auflösbar;;https://www.powertech-performance.com/blog/;nein;umgesetzt;vorhanden, geprüft;ausstehend
https://www.powertech-performance.com/blog/;https://www.powertech-performance.com/pages/kontakt.html;Kontakt;Bestand: Seitenlink;Navigation;Autoaufbereitung;lokal auflösbar;;https://www.powertech-performance.com/pages/kontakt.html;nein;umgesetzt;vorhanden, geprüft;ausstehend
https://www.powertech-performance.com/blog/;https://www.powertech-performance.com/blog/wie-oft-auto-aufbereiten-lassen.html;Autoaufbereitung Wie oft sollte man sein Auto professionell aufbereiten lassen? Wie oft ist eine Autoaufbereitung sinnvoll? Nutzung, Lackzustand und Innenraum berücksichtigen und regelmäßige Wäsche von intensiver Pflege unterscheiden. Powertech Performance Artikel lesen →;Bestand: Seitenlink;Inhalt;Autoaufbereitung;lokal auflösbar;;https://www.powertech-performance.com/blog/wie-oft-auto-aufbereiten-lassen.html;nein;umgesetzt;neu oder gezielt geändert;ausstehend
https://www.powertech-performance.com/blog/;https://www.powertech-performance.com/blog/wie-lange-dauert-adblue-off/;Chiptuning & Software AdBlue-Probleme: Ablauf und Zeitbedarf klären Wie lange dauert die Prüfung eines AdBlue-Problems? Welche Fahrzeugdaten, Fehlerangaben und Vorarbeiten für eine verlässliche Terminplanung benötigt werden. Powertech Performance Artikel lesen →;Bestand: Seitenlink;Inhalt;Autoaufbereitung;lokal auflösbar;;https://www.powertech-performance.com/blog/wie-lange-dauert-adblue-off/;nein;umgesetzt;neu oder gezielt geändert;ausstehend
https://www.powertech-performance.com/blog/;https://www.powertech-performance.com/blog/adblue-deaktivieren-vor-nachteile-wahrheit/;Chiptuning & Software AdBlue deaktivieren: Risiken, Grenzen und Alternativen AdBlue deaktivieren oder die Ursache reparieren? Rechtliche Grenzen, Fehlermeldungen und sinnvolle nächste Schritte bei AdBlue-Problemen verständlich erklärt. Powertech Performance Artikel lesen →;Bestand: Seitenlink;Inhalt;Autoaufbereitung;lokal auflösbar;;https://www.powertech-performance.com/blog/adblue-deaktivieren-vor-nachteile-wahrheit/;nein;umgesetzt;neu oder gezielt geändert;ausstehend
https://www.powertech-performance.com/blog/;https://www.powertech-performance.com/blog/innenreinigung-auto-in-der-naehe/;Fahrzeugpflege Professionelle Auto-Innenreinigung in Erfurt Innenraumreinigung in Erfurt: Sitze, Teppiche und Verkleidungen passend zum Fahrzeugzustand pflegen lassen. Umfang besprechen und individuelles Angebot anfragen. Powertech Performance Artikel lesen →;Bestand: Seitenlink;Inhalt;Autoaufbereitung;lokal auflösbar;;https://www.powertech-performance.com/blog/innenreinigung-auto-in-der-naehe/;nein;umgesetzt;neu oder gezielt geändert;ausstehend
https://www.powertech-performance.com/blog/;https://www.powertech-performance.com/blog/professionelle-keramikversiegelung-erfurt/;Keramikversiegelung Keramikversiegelung: Leistungsumfang verstehen Keramikversiegelung: Leistungsumfang verstehen. Grundlagen einordnen, Leistungsversprechen prüfen und die passende Beratung zur Keramikversiegelung in Erfurt finden. Powertech Performance Artikel lesen →;Bestand: Seitenlink;Inhalt;Autoaufbereitung;lokal auflösbar;;https://www.powertech-performance.com/blog/professionelle-keramikversiegelung-erfurt/;nein;umgesetzt;neu oder gezielt geändert;ausstehend
https://www.powertech-performance.com/blog/;https://www.powertech-performance.com/blog/chiptuning-raum-erfurt/;Chiptuning & Software Chiptuning: Leistung, Risiken und Nachweise einordnen Chiptuning einordnen: Leistungswünsche, Fahrzeugzustand, mögliche Risiken und Nachweise vor einer Softwareänderung besprechen. Beratung in Erfurt finden. Powertech Performance Artikel lesen →;Bestand: Seitenlink;Inhalt;Autoaufbereitung;lokal auflösbar;;https://www.powertech-performance.com/blog/chiptuning-raum-erfurt/;nein;umgesetzt;neu oder gezielt geändert;ausstehend
https://www.powertech-performance.com/blog/;https://www.powertech-performance.com/blog/auto-selber-waschen-erfurt/;Fahrzeugpflege Auto selber waschen in Erfurt: SB-Wäsche und Pflege Auto selbst waschen in Erfurt: Hinweise zur Wahl einer SB-Waschbox, zur Vorbereitung und zur Abgrenzung von Autowäsche und professioneller Aufbereitung. Powertech Performance Artikel lesen →;Bestand: Seitenlink;Inhalt;Autoaufbereitung;lokal auflösbar;;https://www.powertech-performance.com/blog/auto-selber-waschen-erfurt/;nein;umgesetzt;neu oder gezielt geändert;ausstehend
https://www.powertech-performance.com/blog/;https://www.powertech-performance.com/blog/softwareoptimierung-dpf-off-erfurt/;Chiptuning & Software Professionelle Softwareoptimierung & DPF-Management Professionelle Kennfeldoptimierung, Stage 1+2 & DPF Off in Erfurt. Benjamin Lemmer: Maximale Leistung & softwareseitige Deaktivierung für Motorsport & Export. Powertech Performance Artikel lesen →;Bestand: Seitenlink;Inhalt;Autoaufbereitung;lokal auflösbar;;https://www.powertech-performance.com/blog/softwareoptimierung-dpf-off-erfurt/;nein;umgesetzt;vorhanden, geprüft;ausstehend
https://www.powertech-performance.com/blog/;https://www.powertech-performance.com/blog/harte-und-weiche-autolacke-der-geheime-schlssel-zur-perfekten-lackaufbereitung-2/;Lackaufbereitung Harte und weiche Autolacke: Der geheime Schlüssel zur perfekten Lackaufbereitung Diese frühere Artikelfassung bleibt erreichbar. Der zentrale Ratgeber erklärt Lackhärte und die Auswahl passender Verfahren für die Lackaufbereitung. Powertech Performance Artikel lesen →;Bestand: Seitenlink;Inhalt;Autoaufbereitung;lokal auflösbar;;https://www.powertech-performance.com/blog/harte-und-weiche-autolacke-der-geheime-schlssel-zur-perfekten-lackaufbereitung-2/;nein;umgesetzt;neu oder gezielt geändert;ausstehend
https://www.powertech-performance.com/blog/;https://www.powertech-performance.com/blog/fahrzeugaufbereitung-erfurt/;Fahrzeugpflege Fahrzeugaufbereitung Erfurt: Glänzendes Auto mit PowerTech Performance Entdecke professionelle Fahrzeugaufbereitung Erfurt mit Keramikversiegelung. Jetzt Termin bei PowerTech Performance sichern! Powertech Performance Artikel lesen →;Bestand: Seitenlink;Inhalt;Autoaufbereitung;lokal auflösbar;;https://www.powertech-performance.com/blog/fahrzeugaufbereitung-erfurt/;nein;umgesetzt;vorhanden, geprüft;ausstehend
https://www.powertech-performance.com/blog/;https://www.powertech-performance.com/blog/adblue-deaktivierung/;Chiptuning & Software AdBlue-Deaktivierung: Rückrüstung prüfen lassen Bereits veränderte AdBlue-Software? Welche Angaben und Unterlagen bei der Prüfung von Serienstand, vorhandenen Komponenten und einer Rückrüstung helfen. Powertech Performance Artikel lesen →;Bestand: Seitenlink;Inhalt;Autoaufbereitung;lokal auflösbar;;https://www.powertech-performance.com/blog/adblue-deaktivierung/;nein;umgesetzt;neu oder gezielt geändert;ausstehend
https://www.powertech-performance.com/blog/;https://www.powertech-performance.com/blog/keramikversiegelung-erfurt-high-end-lackschutz-powertech-performance/;Keramikversiegelung Keramikversiegelung: Lackzustand und Glanz Keramikversiegelung: Lackzustand und Glanz. Grundlagen einordnen, Leistungsversprechen prüfen und die passende Beratung zur Keramikversiegelung in Erfurt finden. Powertech Performance Artikel lesen →;Bestand: Seitenlink;Inhalt;Autoaufbereitung;lokal auflösbar;;https://www.powertech-performance.com/blog/keramikversiegelung-erfurt-high-end-lackschutz-powertech-performance/;nein;umgesetzt;neu oder gezielt geändert;ausstehend
https://www.powertech-performance.com/blog/;https://www.powertech-performance.com/blog/flugzeugaufbereitung-innenreinigung-erfurt/;Sonderfahrzeuge Flugzeugaufbereitung & Innenreinigung Erfurt | PowerTech Performance Professionelle Flugzeugaufbereitung in Erfurt. PowerTech Performance bietet Flugzeuginnenreinigung & Außenpflege für Werterhalt und Glanz. Jetzt Termin anfragen! Powertech Performance Artikel lesen →;Bestand: Seitenlink;Inhalt;Autoaufbereitung;lokal auflösbar;;https://www.powertech-performance.com/blog/flugzeugaufbereitung-innenreinigung-erfurt/;nein;umgesetzt;vorhanden, geprüft;ausstehend
https://www.powertech-performance.com/blog/;https://www.powertech-performance.com/blog/harte-und-weiche-autolacke-der-geheime-schlssel-zur-perfekten-lackaufbereitung/;Lackaufbereitung Harte und weiche Autolacke: Der geheime Schlüssel zur perfekten Lackaufbereitung Diese frühere Artikelfassung bleibt erreichbar. Der zentrale Ratgeber erklärt Lackhärte und die Auswahl passender Verfahren für die Lackaufbereitung. Powertech Performance Artikel lesen →;Bestand: Seitenlink;Inhalt;Autoaufbereitung;lokal auflösbar;;https://www.powertech-performance.com/blog/harte-und-weiche-autolacke-der-geheime-schlssel-zur-perfekten-lackaufbereitung/;nein;umgesetzt;neu oder gezielt geändert;ausstehend
https://www.powertech-performance.com/blog/;https://www.powertech-performance.com/blog/harte-weiche-autolacke-lackaufbereitung/;Lackaufbereitung Harte und weiche Autolacke: Was die Lackhärte bedeutet Harte und weiche Autolacke: Warum der Lackzustand die Auswahl einer Politur beeinflusst und was bei einer professionellen Lackaufbereitung zu beachten ist. Powertech Performance Artikel lesen →;Bestand: Seitenlink;Inhalt;Autoaufbereitung;lokal auflösbar;;https://www.powertech-performance.com/blog/harte-weiche-autolacke-lackaufbereitung/;nein;umgesetzt;neu oder gezielt geändert;ausstehend
https://www.powertech-performance.com/blog/;https://www.powertech-performance.com/blog/chiptuning-raumerfurt/;Chiptuning & Software Chiptuning-Beratung: Welche Fahrzeugdaten werden benötigt? Chiptuning-Beratung vorbereiten: Modell, Motorisierung, Softwarestand und bisherige Umbauten zusammenstellen. Technische und formale Voraussetzungen klären. Powertech Performance Artikel lesen →;Bestand: Seitenlink;Inhalt;Autoaufbereitung;lokal auflösbar;;https://www.powertech-performance.com/blog/chiptuning-raumerfurt/;nein;umgesetzt;neu oder gezielt geändert;ausstehend
https://www.powertech-performance.com/blog/;https://www.powertech-performance.com/blog/aufbereiter-vs-detailer-unterschied/;Fahrzeugpflege Aufbereiter vs. Detailer: Wo liegt der wahre Unterschied für Ihr Fahrzeug? Was unterscheidet eine Autoaufbereitung vom professionellen Detailing? Erfahren Sie alles über Lackkorrektur, Keramikversiegelung und den perfekten Schutz. Powertech Performance Artikel lesen →;Bestand: Seitenlink;Inhalt;Autoaufbereitung;lokal auflösbar;;https://www.powertech-performance.com/blog/aufbereiter-vs-detailer-unterschied/;nein;umgesetzt;vorhanden, geprüft;ausstehend
https://www.powertech-performance.com/blog/;https://www.powertech-performance.com/blog/lackierung-oldtimer-erfurt-lackaufbereitung-keramik/;Keramikversiegelung Was Ihr Oldtimer Ihnen verschweigt: Warum eine einfache Politur Ihren Klassiker ruinieren kann Lackierung Oldtimer Erfurt, Lackaufbereitung Erfurt, Oldtimer Restauration Lack, Keramikversiegelung Oldtimer, PowerTech Performance, Autopflege Erfurt Klassiker, Werterhalt Oldtimer Thüringen Powertech Performance Artikel lesen →;Bestand: Seitenlink;Inhalt;Autoaufbereitung;lokal auflösbar;;https://www.powertech-performance.com/blog/lackierung-oldtimer-erfurt-lackaufbereitung-keramik/;nein;umgesetzt;vorhanden, geprüft;ausstehend
https://www.powertech-performance.com/blog/;https://www.powertech-performance.com/blog/haltbarkeit-keramikversiegelung-lackschutz/;Keramikversiegelung Haltbarkeit einer Keramikversiegelung: Wie lange hält der Lackschutz wirklich? Wie lange hält eine Keramikversiegelung auf dem Auto? Erfahren Sie alle Faktoren, reale Standzeiten und wie Sie den Premium-Schutz maximal verlängern. Powertech Performance Artikel lesen →;Bestand: Seitenlink;Inhalt;Autoaufbereitung;lokal auflösbar;;https://www.powertech-performance.com/blog/haltbarkeit-keramikversiegelung-lackschutz/;nein;umgesetzt;vorhanden, geprüft;ausstehend
https://www.powertech-performance.com/blog/;https://www.powertech-performance.com/blog/leasingauto-aufbereiten/;Leasing & Rückgabe Leasingauto zurückgeben – warum sich eine professionelle Aufbereitung wirklich lohnt Leasingauto zurückgeben? Mit professioneller Aufbereitung vermeiden Sie teure Nachzahlungen bei der Leasingrückgabe. Jetzt informieren. Powertech Performance Artikel lesen →;Bestand: Seitenlink;Inhalt;Autoaufbereitung;lokal auflösbar;;https://www.powertech-performance.com/blog/leasingauto-aufbereiten/;nein;umgesetzt;vorhanden, geprüft;ausstehend
https://www.powertech-performance.com/blog/;https://www.powertech-performance.com/blog/softwareoptimierung-erfurt/;Chiptuning & Software Softwareoptimierung: Fragen vor einer Änderung Softwareoptimierung am Fahrzeug: Ziel, vorhandene Änderungen und Wartungszustand besprechen. Fragen für die Beratung und zum weiteren Vorgehen in Erfurt. Powertech Performance Artikel lesen →;Bestand: Seitenlink;Inhalt;Autoaufbereitung;lokal auflösbar;;https://www.powertech-performance.com/blog/softwareoptimierung-erfurt/;nein;umgesetzt;neu oder gezielt geändert;ausstehend
https://www.powertech-performance.com/blog/;https://www.powertech-performance.com/blog/motorwaesche-erfurt-vorteile-kosten/;Fahrzeugpflege Motorraumwäsche in Erfurt: Eignung und Ablauf Motorraumwäsche in Erfurt: Fahrzeugzustand, sensible Komponenten und Reinigungsumfang besprechen. Informationen zur Vorbereitung und individuellen Anfrage. Powertech Performance Artikel lesen →;Bestand: Seitenlink;Inhalt;Autoaufbereitung;lokal auflösbar;;https://www.powertech-performance.com/blog/motorwaesche-erfurt-vorteile-kosten/;nein;umgesetzt;neu oder gezielt geändert;ausstehend
https://www.powertech-performance.com/blog/;https://www.powertech-performance.com/blog/leasingrueckgabe-checkliste/;Leasing & Rückgabe Leasingrückgabe-Checkliste: Vorbereitung und Übergabe Checkliste für die Leasingrückgabe: Unterlagen, Fahrzeugzustand, Zubehör und Übergabeprotokoll vorbereiten. Aufbereitung und Reparaturbedarf unterscheiden. Powertech Performance Artikel lesen →;Bestand: Seitenlink;Inhalt;Autoaufbereitung;lokal auflösbar;;https://www.powertech-performance.com/blog/leasingrueckgabe-checkliste/;nein;umgesetzt;neu oder gezielt geändert;ausstehend
https://www.powertech-performance.com/blog/;https://www.powertech-performance.com/blog/profi-keramikversiegelung/;Keramikversiegelung Keramikversiegelung: Vorbereitung und Verarbeitung Keramikversiegelung: Vorbereitung und Verarbeitung. Grundlagen einordnen, Leistungsversprechen prüfen und die passende Beratung zur Keramikversiegelung in Erfurt finden. Powertech Performance Artikel lesen →;Bestand: Seitenlink;Inhalt;Autoaufbereitung;lokal auflösbar;;https://www.powertech-performance.com/blog/profi-keramikversiegelung/;nein;umgesetzt;neu oder gezielt geändert;ausstehend
https://www.powertech-performance.com/blog/;https://www.powertech-performance.com/blog/oldtimer-aufbereitung-erfurt-wertschonende-pflege/;Sonderfahrzeuge Oldtimer Aufbereitung Erfurt | Werterhalt & High-End Pflege Exklusive Oldtimer-Aufbereitung in Erfurt bei PowerTech Performance. Benjamin bewahrt die Patina & schützt den Originallack Ihres Klassikers. Werterhalt & Keramikschutz bis 50.000km ab 1.000 €. Jetzt anfragen! Powertech Performance Artikel lesen →;Bestand: Seitenlink;Inhalt;Autoaufbereitung;lokal auflösbar;;https://www.powertech-performance.com/blog/oldtimer-aufbereitung-erfurt-wertschonende-pflege/;nein;umgesetzt;vorhanden, geprüft;ausstehend
https://www.powertech-performance.com/blog/;https://www.powertech-performance.com/blog/motorradaufbereitung-keramikversiegelung-experte/;Keramikversiegelung Motorradaufbereitung & Keramikschutz | Powertech Performance Benjamin Bring dein Bike zum Strahlen! Benjamin von Powertech Performance bietet High-End Motorradaufbereitung, Lackkorrektur und Langzeit-Keramikversiegelung. Jetzt Termin anfragen! Powertech Performance Artikel lesen →;Bestand: Seitenlink;Inhalt;Autoaufbereitung;lokal auflösbar;;https://www.powertech-performance.com/blog/motorradaufbereitung-keramikversiegelung-experte/;nein;umgesetzt;vorhanden, geprüft;ausstehend
https://www.powertech-performance.com/blog/;https://www.powertech-performance.com/blog/professionelle-cabrioverdeck-impraegnierung-und-reinigung/;Sonderfahrzeuge Professionelle Cabrioverdeck Imprägnierung & Reinigung | Powertech Performance Verlängern Sie die Lebensdauer Ihres Cabriodachs. Wir bieten fachgerechte Tiefenreinigung & High-End-Imprägnierung mit extremem Abperleffekt & UV-Schutz. Jetzt Termin sichern! Powertech Performance Artikel lesen →;Bestand: Seitenlink;Inhalt;Autoaufbereitung;lokal auflösbar;;https://www.powertech-performance.com/blog/professionelle-cabrioverdeck-impraegnierung-und-reinigung/;nein;umgesetzt;vorhanden, geprüft;ausstehend
https://www.powertech-performance.com/blog/;https://www.powertech-performance.com/blog/lackkorrektur-wofuer-gut-werterhalt/;Lackaufbereitung Lackkorrektur: Wofür ist das gut? | PowerTech Performance Was bringt eine professionelle Lackkorrektur wirklich? Erfahren Sie alles über maximalen Tiefenglanz, Kratzerentfernung, Werterhalt und perfekten Lackschutz. Powertech Performance Artikel lesen →;Bestand: Seitenlink;Inhalt;Autoaufbereitung;lokal auflösbar;;https://www.powertech-performance.com/blog/lackkorrektur-wofuer-gut-werterhalt/;nein;umgesetzt;vorhanden, geprüft;ausstehend
https://www.powertech-performance.com/blog/;https://www.powertech-performance.com/blog/1-step-politur-erklaert/;Lackaufbereitung 1-Step Politur erklärt – Glanz für den Autolack Was ist eine 1-Step Politur? Jetzt einfach erklärt. Vorteile, Ablauf und wie der Fahrzeuglack sichtbar aufgewertet wird. Powertech Performance Artikel lesen →;Bestand: Seitenlink;Inhalt;Autoaufbereitung;lokal auflösbar;;https://www.powertech-performance.com/blog/1-step-politur-erklaert/;nein;umgesetzt;vorhanden, geprüft;ausstehend
https://www.powertech-performance.com/blog/;https://www.powertech-performance.com/blog/1-step-2-step-oder-lackkorrektur-lackaufbereitung-im-vergleich/;Lackaufbereitung 1-Step, 2-Step oder Lackkorrektur? Lackaufbereitung im Vergleich Was ist der Unterschied zwischen 1-Step Politur, 2-Step Politur und Lackkorrektur? Finde das perfekte Verfahren für maximalen Tiefenglanz und Fahrzeugschutz. Powertech Performance Artikel lesen →;Bestand: Seitenlink;Inhalt;Autoaufbereitung;lokal auflösbar;;https://www.powertech-performance.com/blog/1-step-2-step-oder-lackkorrektur-lackaufbereitung-im-vergleich/;nein;umgesetzt;vorhanden, geprüft;ausstehend
https://www.powertech-performance.com/blog/;https://www.powertech-performance.com/blog/was-kostet-eine-auto-reinigung/;Fahrzeugpflege Was kostet eine Auto Innenreinigung? Eine Auto Innenreinigung ist mehr als nur Sauberkeit – sie ist Werterhalt, Pflege und Komfort. Erfahre, warum hochwertige Aufbereitung keine Standardpreise kennt und jedes Fahrzeug ein individuelles Konzept verdient. Powertech Performance Artikel lesen →;Bestand: Seitenlink;Inhalt;Autoaufbereitung;lokal auflösbar;;https://www.powertech-performance.com/blog/was-kostet-eine-auto-reinigung/;nein;umgesetzt;vorhanden, geprüft;ausstehend
https://www.powertech-performance.com/blog/;https://www.powertech-performance.com/blog/keramikversiegelung-profi-lackschutz/;Keramikversiegelung Keramikversiegelung: Profi oder selbst auftragen? Keramikversiegelung: Profi oder selbst auftragen?. Grundlagen einordnen, Leistungsversprechen prüfen und die passende Beratung zur Keramikversiegelung in Erfurt finden. Powertech Performance Artikel lesen →;Bestand: Seitenlink;Inhalt;Autoaufbereitung;lokal auflösbar;;https://www.powertech-performance.com/blog/keramikversiegelung-profi-lackschutz/;nein;umgesetzt;neu oder gezielt geändert;ausstehend
https://www.powertech-performance.com/blog/;https://www.powertech-performance.com/blog/boot-aufbereitung-keramikversiegelung-marine/;Keramikversiegelung Yacht- & Boot-Versiegelung: Maximaler Schutz gegen Salzwasser & Verwitterung Schütze dein Boot mit High-End Keramikversiegelung. Schutz vor Salzwasser, Verwitterung und Algen. Benjamin von Powertech Performance macht dein Boot fit für die See. Powertech Performance Artikel lesen →;Bestand: Seitenlink;Inhalt;Autoaufbereitung;lokal auflösbar;;https://www.powertech-performance.com/blog/boot-aufbereitung-keramikversiegelung-marine/;nein;umgesetzt;vorhanden, geprüft;ausstehend
https://www.powertech-performance.com/blog/;https://www.powertech-performance.com/blog/keramik-fuer-auto-erfurt-vorteile-haltbarkeit/;Keramikversiegelung Keramik fürs Auto: Nutzen und Pflegebedarf Keramik fürs Auto: Nutzen und Pflegebedarf. Grundlagen einordnen, Leistungsversprechen prüfen und die passende Beratung zur Keramikversiegelung in Erfurt finden. Powertech Performance Artikel lesen →;Bestand: Seitenlink;Inhalt;Autoaufbereitung;lokal auflösbar;;https://www.powertech-performance.com/blog/keramik-fuer-auto-erfurt-vorteile-haltbarkeit/;nein;umgesetzt;neu oder gezielt geändert;ausstehend
https://www.powertech-performance.com/blog/;https://www.powertech-performance.com/blog/porsche-aufbereitung-erfurt-keramikversiegelung-zertifiziert/;Keramikversiegelung Porsche Aufbereitung in Erfurt: Werterhalt & Perfektion für Ihren Sportwagen Exklusive Porsche Aufbereitung in Erfurt bei PowerTech Performance. Benjamin ist Ihr zertifizierter Profi für 911, Taycan & Co. Lackkorrektur & Keramikschutz bis 50.000km. Werterhalt ab 1.000 €. Hier informieren! Powertech Performance Artikel lesen →;Bestand: Seitenlink;Inhalt;Autoaufbereitung;lokal auflösbar;;https://www.powertech-performance.com/blog/porsche-aufbereitung-erfurt-keramikversiegelung-zertifiziert/;nein;umgesetzt;vorhanden, geprüft;ausstehend
https://www.powertech-performance.com/blog/;https://www.powertech-performance.com/blog/audi-r8-aufbereitung-erfurt-keramikversiegelung/;Keramikversiegelung Audi R8 Aufbereitung in Erfurt: High-End-Pflege & Werterhalt auf höchstem Niveau Profi-Audi R8 Aufbereitung in Erfurt bei PowerTech Performance. Zertifizierte Lackkorrektur & Keramikversiegelung (bis 50.000km Schutz) für maximalen Werterhalt. Erfahren Sie, warum Perfektion bei Benjamin ab 1.000 € beginnt. Jetzt Termin sichern! Powertech Performance Artikel lesen →;Bestand: Seitenlink;Inhalt;Autoaufbereitung;lokal auflösbar;;https://www.powertech-performance.com/blog/audi-r8-aufbereitung-erfurt-keramikversiegelung/;nein;umgesetzt;vorhanden, geprüft;ausstehend
https://www.powertech-performance.com/blog/;https://www.powertech-performance.com/blog/leasing-rueckgabe-aufbereitung-erfurt/;Leasing & Rückgabe Aufbereitung vor der Leasingrückgabe in Erfurt Fahrzeug vor der Leasingrückgabe aufbereiten lassen: Lack, Innenraum und Pflegebedarf in Erfurt besprechen. Zustand und Rückgabeanforderungen berücksichtigen. Powertech Performance Artikel lesen →;Bestand: Seitenlink;Inhalt;Autoaufbereitung;lokal auflösbar;;https://www.powertech-performance.com/blog/leasing-rueckgabe-aufbereitung-erfurt/;nein;umgesetzt;neu oder gezielt geändert;ausstehend
https://www.powertech-performance.com/blog/;https://www.powertech-performance.com/blog/professionelle-innenreinigung-auto-in-der-naehe/;Fahrzeugpflege Auto-Innenreinigung: So bereiten Sie den Termin vor Was vor einer professionellen Auto-Innenreinigung wichtig ist: persönliche Gegenstände, betroffene Materialien und bekannte Flecken für die Beratung vorbereiten. Powertech Performance Artikel lesen →;Bestand: Seitenlink;Inhalt;Autoaufbereitung;lokal auflösbar;;https://www.powertech-performance.com/blog/professionelle-innenreinigung-auto-in-der-naehe/;nein;umgesetzt;neu oder gezielt geändert;ausstehend
https://www.powertech-performance.com/blog/;https://www.powertech-performance.com/blog/blog-keramikversiegelung/;Keramikversiegelung Keramikversiegelung fürs Auto einfach erklärt Keramikversiegelung fürs Auto einfach erklärt. Grundlagen einordnen, Leistungsversprechen prüfen und die passende Beratung zur Keramikversiegelung in Erfurt finden. Powertech Performance Artikel lesen →;Bestand: Seitenlink;Inhalt;Autoaufbereitung;lokal auflösbar;;https://www.powertech-performance.com/blog/blog-keramikversiegelung/;nein;umgesetzt;neu oder gezielt geändert;ausstehend
https://www.powertech-performance.com/blog/;https://www.powertech-performance.com/;Autoaufbereitung;Bestand: Seitenlink;Inhalt;Autoaufbereitung;lokal auflösbar;;https://www.powertech-performance.com/;nein;umgesetzt;neu oder gezielt geändert;ausstehend
https://www.powertech-performance.com/blog/;https://www.powertech-performance.com/luxus-aufbereitung;Keramikversiegelung;Bestand: Seitenlink;Inhalt;Autoaufbereitung;lokal auflösbar;;https://www.powertech-performance.com/luxus-aufbereitung;nein;umgesetzt;neu oder gezielt geändert;ausstehend
https://www.powertech-performance.com/blog/;https://www.powertech-performance.com/adblue-service;AdBlue-Service;Bestand: Seitenlink;Inhalt;Autoaufbereitung;lokal auflösbar;;https://www.powertech-performance.com/adblue-service;nein;umgesetzt;neu oder gezielt geändert;ausstehend
https://www.powertech-performance.com/blog/;https://www.powertech-performance.com/chiptuning;Chiptuning;Bestand: Seitenlink;Inhalt;Autoaufbereitung;lokal auflösbar;;https://www.powertech-performance.com/chiptuning;nein;umgesetzt;neu oder gezielt geändert;ausstehend
https://www.powertech-performance.com/blog/;https://www.powertech-performance.com/trockeneisreinigung;Trockeneisreinigung;Bestand: Seitenlink;Inhalt;Autoaufbereitung;lokal auflösbar;;https://www.powertech-performance.com/trockeneisreinigung;nein;umgesetzt;neu oder gezielt geändert;ausstehend
https://www.powertech-performance.com/blog/;https://www.powertech-performance.com/glosar;Fachbegriffe im Glossar;Bestand: Seitenlink;Inhalt;Autoaufbereitung;lokal auflösbar;;https://www.powertech-performance.com/glosar;nein;umgesetzt;neu oder gezielt geändert;ausstehend
https://www.powertech-performance.com/blog/;https://www.powertech-performance.com/pages/impressum.html;Impressum;Bestand: Seitenlink;Navigation;Autoaufbereitung;lokal auflösbar;;https://www.powertech-performance.com/pages/impressum.html;nein;umgesetzt;vorhanden, geprüft;ausstehend
https://www.powertech-performance.com/blog/;https://www.powertech-performance.com/pages/datenschutz.html;Datenschutzerklärung;Bestand: Seitenlink;Navigation;Autoaufbereitung;lokal auflösbar;;https://www.powertech-performance.com/pages/datenschutz.html;nein;umgesetzt;vorhanden, geprüft;ausstehend
https://www.powertech-performance.com/blog/;https://www.powertech-performance.com/pages/cookie-einstellungen.html;Cookie-Einstellungen;Bestand: Seitenlink;Navigation;Autoaufbereitung;lokal auflösbar;;https://www.powertech-performance.com/pages/cookie-einstellungen.html;nein;umgesetzt;vorhanden, geprüft;ausstehend
https://www.powertech-performance.com/blog/;https://www.powertech-performance.com/pages/seitenuebersicht.html;Seitenübersicht;Bestand: Seitenlink;Navigation;Autoaufbereitung;lokal auflösbar;;https://www.powertech-performance.com/pages/seitenuebersicht.html;nein;umgesetzt;vorhanden, geprüft;ausstehend
https://www.powertech-performance.com/blog/;https://www.powertech-performance.com/pages/impressum.html;Impressum;Bestand: Seitenlink;Inhalt;Autoaufbereitung;lokal auflösbar;;https://www.powertech-performance.com/pages/impressum.html;nein;umgesetzt;vorhanden, geprüft;ausstehend
https://www.powertech-performance.com/blog/innenreinigung-auto-in-der-naehe/;https://www.powertech-performance.com/;Powertech Performance Logo;Bestand: Seitenlink;Header;Innenraumreinigung;lokal auflösbar;;https://www.powertech-performance.com/;nein;umgesetzt;vorhanden, geprüft;ausstehend
https://www.powertech-performance.com/blog/innenreinigung-auto-in-der-naehe/;https://www.powertech-performance.com/#leistungen;Autoaufbereitung;Bestand: Sprunglink;Navigation;Innenraumreinigung;lokal auflösbar;;https://www.powertech-performance.com/;nein;umgesetzt;vorhanden, geprüft;ausstehend
https://www.powertech-performance.com/blog/innenreinigung-auto-in-der-naehe/;https://www.powertech-performance.com/#standort;Standort & Kontakt;Bestand: Sprunglink;Navigation;Innenraumreinigung;lokal auflösbar;;https://www.powertech-performance.com/;nein;umgesetzt;neu oder gezielt geändert;ausstehend
https://www.powertech-performance.com/blog/innenreinigung-auto-in-der-naehe/;https://www.powertech-performance.com/blog/;Blog;Bestand: Seitenlink;Navigation;Innenraumreinigung;lokal auflösbar;;https://www.powertech-performance.com/blog/;nein;umgesetzt;vorhanden, geprüft;ausstehend
https://www.powertech-performance.com/blog/innenreinigung-auto-in-der-naehe/;https://www.powertech-performance.com/pages/kontakt.html;Kontakt;Bestand: Seitenlink;Navigation;Innenraumreinigung;lokal auflösbar;;https://www.powertech-performance.com/pages/kontakt.html;nein;umgesetzt;vorhanden, geprüft;ausstehend
https://www.powertech-performance.com/blog/innenreinigung-auto-in-der-naehe/;https://www.powertech-performance.com/pages/kontakt.html;Jetzt anfragen;Bestand: Seitenlink;Inhalt;Innenraumreinigung;lokal auflösbar;;https://www.powertech-performance.com/pages/kontakt.html;nein;umgesetzt;vorhanden, geprüft;ausstehend
https://www.powertech-performance.com/blog/innenreinigung-auto-in-der-naehe/;https://www.powertech-performance.com/;Startseite;Bestand: Seitenlink;Breadcrumb;Innenraumreinigung;lokal auflösbar;;https://www.powertech-performance.com/;nein;umgesetzt;neu oder gezielt geändert;ausstehend
https://www.powertech-performance.com/blog/innenreinigung-auto-in-der-naehe/;https://www.powertech-performance.com/blog/;Ratgeber;Bestand: Seitenlink;Breadcrumb;Innenraumreinigung;lokal auflösbar;;https://www.powertech-performance.com/blog/;nein;umgesetzt;neu oder gezielt geändert;ausstehend
https://www.powertech-performance.com/blog/innenreinigung-auto-in-der-naehe/;https://www.powertech-performance.com/pages/kontakt.html;Kontakt zur Innenraumreinigung;Bestand: Seitenlink;Inhalt;Innenraumreinigung;lokal auflösbar;;https://www.powertech-performance.com/pages/kontakt.html;nein;umgesetzt;neu oder gezielt geändert;ausstehend
https://www.powertech-performance.com/blog/innenreinigung-auto-in-der-naehe/;https://www.powertech-performance.com/blog/was-kostet-eine-auto-reinigung/;Kostenfaktoren einer Innenreinigung;Bestand: Seitenlink;Inhalt;Innenraumreinigung;lokal auflösbar;;https://www.powertech-performance.com/blog/was-kostet-eine-auto-reinigung/;nein;umgesetzt;neu oder gezielt geändert;ausstehend
https://www.powertech-performance.com/blog/innenreinigung-auto-in-der-naehe/;https://www.powertech-performance.com/pages/kontakt.html;persönlichen Anfrage;Bestand: Seitenlink;Inhalt;Innenraumreinigung;lokal auflösbar;;https://www.powertech-performance.com/pages/kontakt.html;nein;umgesetzt;neu oder gezielt geändert;ausstehend
https://www.powertech-performance.com/blog/innenreinigung-auto-in-der-naehe/;https://www.powertech-performance.com/blog/motorwaesche-erfurt-vorteile-kosten/;Motorraumwäsche in Erfurt: Eignung und Ablauf;Bestand: Seitenlink;Inhalt;Innenraumreinigung;lokal auflösbar;;https://www.powertech-performance.com/blog/motorwaesche-erfurt-vorteile-kosten/;nein;umgesetzt;neu oder gezielt geändert;ausstehend
https://www.powertech-performance.com/blog/innenreinigung-auto-in-der-naehe/;https://www.powertech-performance.com/#leistungen;Alle Leistungen ansehen;Bestand: Sprunglink;Sidebar;Innenraumreinigung;lokal auflösbar;;https://www.powertech-performance.com/;nein;umgesetzt;vorhanden, geprüft;ausstehend
https://www.powertech-performance.com/blog/innenreinigung-auto-in-der-naehe/;https://www.powertech-performance.com/pages/kontakt.html;Zur Kontaktseite;Bestand: Seitenlink;Sidebar;Innenraumreinigung;lokal auflösbar;;https://www.powertech-performance.com/pages/kontakt.html;nein;umgesetzt;vorhanden, geprüft;ausstehend
https://www.powertech-performance.com/blog/innenreinigung-auto-in-der-naehe/;https://www.powertech-performance.com/pages/impressum.html;Impressum;Bestand: Seitenlink;Navigation;Innenraumreinigung;lokal auflösbar;;https://www.powertech-performance.com/pages/impressum.html;nein;umgesetzt;vorhanden, geprüft;ausstehend
https://www.powertech-performance.com/blog/innenreinigung-auto-in-der-naehe/;https://www.powertech-performance.com/pages/datenschutz.html;Datenschutzerklärung;Bestand: Seitenlink;Navigation;Innenraumreinigung;lokal auflösbar;;https://www.powertech-performance.com/pages/datenschutz.html;nein;umgesetzt;vorhanden, geprüft;ausstehend
https://www.powertech-performance.com/blog/innenreinigung-auto-in-der-naehe/;https://www.powertech-performance.com/pages/cookie-einstellungen.html;Cookie-Einstellungen;Bestand: Seitenlink;Navigation;Innenraumreinigung;lokal auflösbar;;https://www.powertech-performance.com/pages/cookie-einstellungen.html;nein;umgesetzt;vorhanden, geprüft;ausstehend
https://www.powertech-performance.com/blog/innenreinigung-auto-in-der-naehe/;https://www.powertech-performance.com/pages/seitenuebersicht.html;Seitenübersicht;Bestand: Seitenlink;Navigation;Innenraumreinigung;lokal auflösbar;;https://www.powertech-performance.com/pages/seitenuebersicht.html;nein;umgesetzt;vorhanden, geprüft;ausstehend
https://www.powertech-performance.com/blog/innenreinigung-auto-in-der-naehe/;https://www.powertech-performance.com/pages/impressum.html;Impressum;Bestand: Seitenlink;Inhalt;Innenraumreinigung;lokal auflösbar;;https://www.powertech-performance.com/pages/impressum.html;nein;umgesetzt;vorhanden, geprüft;ausstehend
https://www.powertech-performance.com/blog/keramik-fuer-auto-erfurt-vorteile-haltbarkeit/;https://www.powertech-performance.com/;Powertech Performance Logo;Bestand: Seitenlink;Header;Keramikversiegelung;lokal auflösbar;;https://www.powertech-performance.com/;nein;umgesetzt;vorhanden, geprüft;ausstehend
https://www.powertech-performance.com/blog/keramik-fuer-auto-erfurt-vorteile-haltbarkeit/;https://www.powertech-performance.com/#leistungen;Autoaufbereitung;Bestand: Sprunglink;Navigation;Keramikversiegelung;lokal auflösbar;;https://www.powertech-performance.com/;nein;umgesetzt;vorhanden, geprüft;ausstehend
https://www.powertech-performance.com/blog/keramik-fuer-auto-erfurt-vorteile-haltbarkeit/;https://www.powertech-performance.com/#standort;Standort & Kontakt;Bestand: Sprunglink;Navigation;Keramikversiegelung;lokal auflösbar;;https://www.powertech-performance.com/;nein;umgesetzt;neu oder gezielt geändert;ausstehend
https://www.powertech-performance.com/blog/keramik-fuer-auto-erfurt-vorteile-haltbarkeit/;https://www.powertech-performance.com/blog/;Blog;Bestand: Seitenlink;Navigation;Keramikversiegelung;lokal auflösbar;;https://www.powertech-performance.com/blog/;nein;umgesetzt;vorhanden, geprüft;ausstehend
https://www.powertech-performance.com/blog/keramik-fuer-auto-erfurt-vorteile-haltbarkeit/;https://www.powertech-performance.com/pages/kontakt.html;Kontakt;Bestand: Seitenlink;Navigation;Keramikversiegelung;lokal auflösbar;;https://www.powertech-performance.com/pages/kontakt.html;nein;umgesetzt;vorhanden, geprüft;ausstehend
https://www.powertech-performance.com/blog/keramik-fuer-auto-erfurt-vorteile-haltbarkeit/;https://www.powertech-performance.com/pages/kontakt.html;Jetzt anfragen;Bestand: Seitenlink;Inhalt;Keramikversiegelung;lokal auflösbar;;https://www.powertech-performance.com/pages/kontakt.html;nein;umgesetzt;vorhanden, geprüft;ausstehend
https://www.powertech-performance.com/blog/keramik-fuer-auto-erfurt-vorteile-haltbarkeit/;https://www.powertech-performance.com/;Startseite;Bestand: Seitenlink;Breadcrumb;Keramikversiegelung;lokal auflösbar;;https://www.powertech-performance.com/;nein;umgesetzt;neu oder gezielt geändert;ausstehend
https://www.powertech-performance.com/blog/keramik-fuer-auto-erfurt-vorteile-haltbarkeit/;https://www.powertech-performance.com/blog/;Ratgeber;Bestand: Seitenlink;Breadcrumb;Keramikversiegelung;lokal auflösbar;;https://www.powertech-performance.com/blog/;nein;umgesetzt;neu oder gezielt geändert;ausstehend
https://www.powertech-performance.com/blog/keramik-fuer-auto-erfurt-vorteile-haltbarkeit/;https://www.powertech-performance.com/luxus-aufbereitung;Beratung zur Keramikversiegelung in Erfurt;Bestand: Seitenlink;Inhalt;Keramikversiegelung;lokal auflösbar;;https://www.powertech-performance.com/luxus-aufbereitung;nein;umgesetzt;neu oder gezielt geändert;ausstehend
https://www.powertech-performance.com/blog/keramik-fuer-auto-erfurt-vorteile-haltbarkeit/;https://www.powertech-performance.com/blog/haltbarkeit-keramikversiegelung-lackschutz/;Haltbarkeit der Versiegelung;Bestand: Seitenlink;Inhalt;Keramikversiegelung;lokal auflösbar;;https://www.powertech-performance.com/blog/haltbarkeit-keramikversiegelung-lackschutz/;nein;umgesetzt;neu oder gezielt geändert;ausstehend
https://www.powertech-performance.com/blog/keramik-fuer-auto-erfurt-vorteile-haltbarkeit/;https://www.powertech-performance.com/blog/keramikversiegelung-erfurt-high-end-lackschutz-powertech-performance/;Keramikversiegelung: Lackzustand und Glanz;Bestand: Seitenlink;Inhalt;Keramikversiegelung;lokal auflösbar;;https://www.powertech-performance.com/blog/keramikversiegelung-erfurt-high-end-lackschutz-powertech-performance/;nein;umgesetzt;neu oder gezielt geändert;ausstehend
https://www.powertech-performance.com/blog/keramik-fuer-auto-erfurt-vorteile-haltbarkeit/;https://www.powertech-performance.com/#leistungen;Alle Leistungen ansehen;Bestand: Sprunglink;Sidebar;Keramikversiegelung;lokal auflösbar;;https://www.powertech-performance.com/;nein;umgesetzt;vorhanden, geprüft;ausstehend
https://www.powertech-performance.com/blog/keramik-fuer-auto-erfurt-vorteile-haltbarkeit/;https://www.powertech-performance.com/pages/kontakt.html;Zur Kontaktseite;Bestand: Seitenlink;Sidebar;Keramikversiegelung;lokal auflösbar;;https://www.powertech-performance.com/pages/kontakt.html;nein;umgesetzt;vorhanden, geprüft;ausstehend
https://www.powertech-performance.com/blog/keramik-fuer-auto-erfurt-vorteile-haltbarkeit/;https://www.powertech-performance.com/pages/impressum.html;Impressum;Bestand: Seitenlink;Navigation;Keramikversiegelung;lokal auflösbar;;https://www.powertech-performance.com/pages/impressum.html;nein;umgesetzt;vorhanden, geprüft;ausstehend
https://www.powertech-performance.com/blog/keramik-fuer-auto-erfurt-vorteile-haltbarkeit/;https://www.powertech-performance.com/pages/datenschutz.html;Datenschutzerklärung;Bestand: Seitenlink;Navigation;Keramikversiegelung;lokal auflösbar;;https://www.powertech-performance.com/pages/datenschutz.html;nein;umgesetzt;vorhanden, geprüft;ausstehend
https://www.powertech-performance.com/blog/keramik-fuer-auto-erfurt-vorteile-haltbarkeit/;https://www.powertech-performance.com/pages/cookie-einstellungen.html;Cookie-Einstellungen;Bestand: Seitenlink;Navigation;Keramikversiegelung;lokal auflösbar;;https://www.powertech-performance.com/pages/cookie-einstellungen.html;nein;umgesetzt;vorhanden, geprüft;ausstehend
https://www.powertech-performance.com/blog/keramik-fuer-auto-erfurt-vorteile-haltbarkeit/;https://www.powertech-performance.com/pages/seitenuebersicht.html;Seitenübersicht;Bestand: Seitenlink;Navigation;Keramikversiegelung;lokal auflösbar;;https://www.powertech-performance.com/pages/seitenuebersicht.html;nein;umgesetzt;vorhanden, geprüft;ausstehend
https://www.powertech-performance.com/blog/keramik-fuer-auto-erfurt-vorteile-haltbarkeit/;https://www.powertech-performance.com/pages/impressum.html;Impressum;Bestand: Seitenlink;Inhalt;Keramikversiegelung;lokal auflösbar;;https://www.powertech-performance.com/pages/impressum.html;nein;umgesetzt;vorhanden, geprüft;ausstehend
https://www.powertech-performance.com/blog/keramikversiegelung-erfurt-high-end-lackschutz-powertech-performance/;https://www.powertech-performance.com/;Powertech Performance Logo;Bestand: Seitenlink;Header;Keramikversiegelung;lokal auflösbar;;https://www.powertech-performance.com/;nein;umgesetzt;vorhanden, geprüft;ausstehend
https://www.powertech-performance.com/blog/keramikversiegelung-erfurt-high-end-lackschutz-powertech-performance/;https://www.powertech-performance.com/#leistungen;Autoaufbereitung;Bestand: Sprunglink;Navigation;Keramikversiegelung;lokal auflösbar;;https://www.powertech-performance.com/;nein;umgesetzt;vorhanden, geprüft;ausstehend
https://www.powertech-performance.com/blog/keramikversiegelung-erfurt-high-end-lackschutz-powertech-performance/;https://www.powertech-performance.com/#standort;Standort & Kontakt;Bestand: Sprunglink;Navigation;Keramikversiegelung;lokal auflösbar;;https://www.powertech-performance.com/;nein;umgesetzt;neu oder gezielt geändert;ausstehend
https://www.powertech-performance.com/blog/keramikversiegelung-erfurt-high-end-lackschutz-powertech-performance/;https://www.powertech-performance.com/blog/;Blog;Bestand: Seitenlink;Navigation;Keramikversiegelung;lokal auflösbar;;https://www.powertech-performance.com/blog/;nein;umgesetzt;vorhanden, geprüft;ausstehend
https://www.powertech-performance.com/blog/keramikversiegelung-erfurt-high-end-lackschutz-powertech-performance/;https://www.powertech-performance.com/pages/kontakt.html;Kontakt;Bestand: Seitenlink;Navigation;Keramikversiegelung;lokal auflösbar;;https://www.powertech-performance.com/pages/kontakt.html;nein;umgesetzt;vorhanden, geprüft;ausstehend
https://www.powertech-performance.com/blog/keramikversiegelung-erfurt-high-end-lackschutz-powertech-performance/;https://www.powertech-performance.com/pages/kontakt.html;Jetzt anfragen;Bestand: Seitenlink;Inhalt;Keramikversiegelung;lokal auflösbar;;https://www.powertech-performance.com/pages/kontakt.html;nein;umgesetzt;vorhanden, geprüft;ausstehend
https://www.powertech-performance.com/blog/keramikversiegelung-erfurt-high-end-lackschutz-powertech-performance/;https://www.powertech-performance.com/;Startseite;Bestand: Seitenlink;Breadcrumb;Keramikversiegelung;lokal auflösbar;;https://www.powertech-performance.com/;nein;umgesetzt;neu oder gezielt geändert;ausstehend
https://www.powertech-performance.com/blog/keramikversiegelung-erfurt-high-end-lackschutz-powertech-performance/;https://www.powertech-performance.com/blog/;Ratgeber;Bestand: Seitenlink;Breadcrumb;Keramikversiegelung;lokal auflösbar;;https://www.powertech-performance.com/blog/;nein;umgesetzt;neu oder gezielt geändert;ausstehend
https://www.powertech-performance.com/blog/keramikversiegelung-erfurt-high-end-lackschutz-powertech-performance/;https://www.powertech-performance.com/pages/kontakt.html;Jetzt unverbindlich anfragen;Bestand: Seitenlink;Inhalt;Keramikversiegelung;lokal auflösbar;;https://www.powertech-performance.com/pages/kontakt.html;nein;umgesetzt;vorhanden, geprüft;ausstehend
https://www.powertech-performance.com/blog/keramikversiegelung-erfurt-high-end-lackschutz-powertech-performance/;https://www.powertech-performance.com/luxus-aufbereitung;Beratung zur Keramikversiegelung in Erfurt;Bestand: Seitenlink;Inhalt;Keramikversiegelung;lokal auflösbar;;https://www.powertech-performance.com/luxus-aufbereitung;nein;umgesetzt;neu oder gezielt geändert;ausstehend
https://www.powertech-performance.com/blog/keramikversiegelung-erfurt-high-end-lackschutz-powertech-performance/;https://www.powertech-performance.com/blog/haltbarkeit-keramikversiegelung-lackschutz/;Haltbarkeit der Versiegelung;Bestand: Seitenlink;Inhalt;Keramikversiegelung;lokal auflösbar;;https://www.powertech-performance.com/blog/haltbarkeit-keramikversiegelung-lackschutz/;nein;umgesetzt;neu oder gezielt geändert;ausstehend
https://www.powertech-performance.com/blog/keramikversiegelung-erfurt-high-end-lackschutz-powertech-performance/;https://www.powertech-performance.com/blog/keramikversiegelung-profi-lackschutz/;Keramikversiegelung: Profi oder selbst auftragen?;Bestand: Seitenlink;Inhalt;Keramikversiegelung;lokal auflösbar;;https://www.powertech-performance.com/blog/keramikversiegelung-profi-lackschutz/;nein;umgesetzt;neu oder gezielt geändert;ausstehend
https://www.powertech-performance.com/blog/keramikversiegelung-erfurt-high-end-lackschutz-powertech-performance/;https://www.powertech-performance.com/#leistungen;Alle Leistungen ansehen;Bestand: Sprunglink;Sidebar;Keramikversiegelung;lokal auflösbar;;https://www.powertech-performance.com/;nein;umgesetzt;vorhanden, geprüft;ausstehend
https://www.powertech-performance.com/blog/keramikversiegelung-erfurt-high-end-lackschutz-powertech-performance/;https://www.powertech-performance.com/pages/kontakt.html;Zur Kontaktseite;Bestand: Seitenlink;Sidebar;Keramikversiegelung;lokal auflösbar;;https://www.powertech-performance.com/pages/kontakt.html;nein;umgesetzt;vorhanden, geprüft;ausstehend
https://www.powertech-performance.com/blog/keramikversiegelung-erfurt-high-end-lackschutz-powertech-performance/;https://www.powertech-performance.com/pages/impressum.html;Impressum;Bestand: Seitenlink;Navigation;Keramikversiegelung;lokal auflösbar;;https://www.powertech-performance.com/pages/impressum.html;nein;umgesetzt;vorhanden, geprüft;ausstehend
https://www.powertech-performance.com/blog/keramikversiegelung-erfurt-high-end-lackschutz-powertech-performance/;https://www.powertech-performance.com/pages/datenschutz.html;Datenschutzerklärung;Bestand: Seitenlink;Navigation;Keramikversiegelung;lokal auflösbar;;https://www.powertech-performance.com/pages/datenschutz.html;nein;umgesetzt;vorhanden, geprüft;ausstehend
https://www.powertech-performance.com/blog/keramikversiegelung-erfurt-high-end-lackschutz-powertech-performance/;https://www.powertech-performance.com/pages/cookie-einstellungen.html;Cookie-Einstellungen;Bestand: Seitenlink;Navigation;Keramikversiegelung;lokal auflösbar;;https://www.powertech-performance.com/pages/cookie-einstellungen.html;nein;umgesetzt;vorhanden, geprüft;ausstehend
https://www.powertech-performance.com/blog/keramikversiegelung-erfurt-high-end-lackschutz-powertech-performance/;https://www.powertech-performance.com/pages/seitenuebersicht.html;Seitenübersicht;Bestand: Seitenlink;Navigation;Keramikversiegelung;lokal auflösbar;;https://www.powertech-performance.com/pages/seitenuebersicht.html;nein;umgesetzt;vorhanden, geprüft;ausstehend
https://www.powertech-performance.com/blog/keramikversiegelung-erfurt-high-end-lackschutz-powertech-performance/;https://www.powertech-performance.com/pages/impressum.html;Impressum;Bestand: Seitenlink;Inhalt;Keramikversiegelung;lokal auflösbar;;https://www.powertech-performance.com/pages/impressum.html;nein;umgesetzt;vorhanden, geprüft;ausstehend
https://www.powertech-performance.com/blog/keramikversiegelung-profi-lackschutz/;https://www.powertech-performance.com/;Powertech Performance Logo;Bestand: Seitenlink;Header;Keramikversiegelung;lokal auflösbar;;https://www.powertech-performance.com/;nein;umgesetzt;vorhanden, geprüft;ausstehend
https://www.powertech-performance.com/blog/keramikversiegelung-profi-lackschutz/;https://www.powertech-performance.com/#leistungen;Autoaufbereitung;Bestand: Sprunglink;Navigation;Keramikversiegelung;lokal auflösbar;;https://www.powertech-performance.com/;nein;umgesetzt;vorhanden, geprüft;ausstehend
https://www.powertech-performance.com/blog/keramikversiegelung-profi-lackschutz/;https://www.powertech-performance.com/#standort;Standort & Kontakt;Bestand: Sprunglink;Navigation;Keramikversiegelung;lokal auflösbar;;https://www.powertech-performance.com/;nein;umgesetzt;neu oder gezielt geändert;ausstehend
https://www.powertech-performance.com/blog/keramikversiegelung-profi-lackschutz/;https://www.powertech-performance.com/blog/;Blog;Bestand: Seitenlink;Navigation;Keramikversiegelung;lokal auflösbar;;https://www.powertech-performance.com/blog/;nein;umgesetzt;vorhanden, geprüft;ausstehend
https://www.powertech-performance.com/blog/keramikversiegelung-profi-lackschutz/;https://www.powertech-performance.com/pages/kontakt.html;Kontakt;Bestand: Seitenlink;Navigation;Keramikversiegelung;lokal auflösbar;;https://www.powertech-performance.com/pages/kontakt.html;nein;umgesetzt;vorhanden, geprüft;ausstehend
https://www.powertech-performance.com/blog/keramikversiegelung-profi-lackschutz/;https://www.powertech-performance.com/pages/kontakt.html;Jetzt anfragen;Bestand: Seitenlink;Inhalt;Keramikversiegelung;lokal auflösbar;;https://www.powertech-performance.com/pages/kontakt.html;nein;umgesetzt;vorhanden, geprüft;ausstehend
https://www.powertech-performance.com/blog/keramikversiegelung-profi-lackschutz/;https://www.powertech-performance.com/;Startseite;Bestand: Seitenlink;Breadcrumb;Keramikversiegelung;lokal auflösbar;;https://www.powertech-performance.com/;nein;umgesetzt;neu oder gezielt geändert;ausstehend
https://www.powertech-performance.com/blog/keramikversiegelung-profi-lackschutz/;https://www.powertech-performance.com/blog/;Ratgeber;Bestand: Seitenlink;Breadcrumb;Keramikversiegelung;lokal auflösbar;;https://www.powertech-performance.com/blog/;nein;umgesetzt;neu oder gezielt geändert;ausstehend
https://www.powertech-performance.com/blog/keramikversiegelung-profi-lackschutz/;https://www.powertech-performance.com/pages/kontakt.html;Jetzt unverbindliches Angebot anfordern!;Bestand: Seitenlink;Inhalt;Keramikversiegelung;lokal auflösbar;;https://www.powertech-performance.com/pages/kontakt.html;nein;umgesetzt;vorhanden, geprüft;ausstehend
https://www.powertech-performance.com/blog/keramikversiegelung-profi-lackschutz/;https://www.powertech-performance.com/luxus-aufbereitung;Beratung zur Keramikversiegelung in Erfurt;Bestand: Seitenlink;Inhalt;Keramikversiegelung;lokal auflösbar;;https://www.powertech-performance.com/luxus-aufbereitung;nein;umgesetzt;neu oder gezielt geändert;ausstehend
https://www.powertech-performance.com/blog/keramikversiegelung-profi-lackschutz/;https://www.powertech-performance.com/blog/haltbarkeit-keramikversiegelung-lackschutz/;Haltbarkeit der Versiegelung;Bestand: Seitenlink;Inhalt;Keramikversiegelung;lokal auflösbar;;https://www.powertech-performance.com/blog/haltbarkeit-keramikversiegelung-lackschutz/;nein;umgesetzt;neu oder gezielt geändert;ausstehend
https://www.powertech-performance.com/blog/keramikversiegelung-profi-lackschutz/;https://www.powertech-performance.com/blog/lackierung-oldtimer-erfurt-lackaufbereitung-keramik/;Was Ihr Oldtimer Ihnen verschweigt: Warum eine einfache Politur Ihren Klassiker ruinieren kann;Bestand: Seitenlink;Inhalt;Keramikversiegelung;lokal auflösbar;;https://www.powertech-performance.com/blog/lackierung-oldtimer-erfurt-lackaufbereitung-keramik/;nein;umgesetzt;neu oder gezielt geändert;ausstehend
https://www.powertech-performance.com/blog/keramikversiegelung-profi-lackschutz/;https://www.powertech-performance.com/#leistungen;Alle Leistungen ansehen;Bestand: Sprunglink;Sidebar;Keramikversiegelung;lokal auflösbar;;https://www.powertech-performance.com/;nein;umgesetzt;vorhanden, geprüft;ausstehend
https://www.powertech-performance.com/blog/keramikversiegelung-profi-lackschutz/;https://www.powertech-performance.com/pages/kontakt.html;Zur Kontaktseite;Bestand: Seitenlink;Sidebar;Keramikversiegelung;lokal auflösbar;;https://www.powertech-performance.com/pages/kontakt.html;nein;umgesetzt;vorhanden, geprüft;ausstehend
https://www.powertech-performance.com/blog/keramikversiegelung-profi-lackschutz/;https://www.powertech-performance.com/pages/impressum.html;Impressum;Bestand: Seitenlink;Navigation;Keramikversiegelung;lokal auflösbar;;https://www.powertech-performance.com/pages/impressum.html;nein;umgesetzt;vorhanden, geprüft;ausstehend
https://www.powertech-performance.com/blog/keramikversiegelung-profi-lackschutz/;https://www.powertech-performance.com/pages/datenschutz.html;Datenschutzerklärung;Bestand: Seitenlink;Navigation;Keramikversiegelung;lokal auflösbar;;https://www.powertech-performance.com/pages/datenschutz.html;nein;umgesetzt;vorhanden, geprüft;ausstehend
https://www.powertech-performance.com/blog/keramikversiegelung-profi-lackschutz/;https://www.powertech-performance.com/pages/cookie-einstellungen.html;Cookie-Einstellungen;Bestand: Seitenlink;Navigation;Keramikversiegelung;lokal auflösbar;;https://www.powertech-performance.com/pages/cookie-einstellungen.html;nein;umgesetzt;vorhanden, geprüft;ausstehend
https://www.powertech-performance.com/blog/keramikversiegelung-profi-lackschutz/;https://www.powertech-performance.com/pages/seitenuebersicht.html;Seitenübersicht;Bestand: Seitenlink;Navigation;Keramikversiegelung;lokal auflösbar;;https://www.powertech-performance.com/pages/seitenuebersicht.html;nein;umgesetzt;vorhanden, geprüft;ausstehend
https://www.powertech-performance.com/blog/keramikversiegelung-profi-lackschutz/;https://www.powertech-performance.com/pages/impressum.html;Impressum;Bestand: Seitenlink;Inhalt;Keramikversiegelung;lokal auflösbar;;https://www.powertech-performance.com/pages/impressum.html;nein;umgesetzt;vorhanden, geprüft;ausstehend
https://www.powertech-performance.com/blog/lackierung-oldtimer-erfurt-lackaufbereitung-keramik/;https://www.powertech-performance.com/;Powertech Performance Logo;Bestand: Seitenlink;Header;Spezialfahrzeuge;lokal auflösbar;;https://www.powertech-performance.com/;nein;umgesetzt;vorhanden, geprüft;ausstehend
https://www.powertech-performance.com/blog/lackierung-oldtimer-erfurt-lackaufbereitung-keramik/;https://www.powertech-performance.com/#leistungen;Autoaufbereitung;Bestand: Sprunglink;Navigation;Spezialfahrzeuge;lokal auflösbar;;https://www.powertech-performance.com/;nein;umgesetzt;vorhanden, geprüft;ausstehend
https://www.powertech-performance.com/blog/lackierung-oldtimer-erfurt-lackaufbereitung-keramik/;https://www.powertech-performance.com/#standort;Standort & Kontakt;Bestand: Sprunglink;Navigation;Spezialfahrzeuge;lokal auflösbar;;https://www.powertech-performance.com/;nein;umgesetzt;neu oder gezielt geändert;ausstehend
https://www.powertech-performance.com/blog/lackierung-oldtimer-erfurt-lackaufbereitung-keramik/;https://www.powertech-performance.com/blog/;Blog;Bestand: Seitenlink;Navigation;Spezialfahrzeuge;lokal auflösbar;;https://www.powertech-performance.com/blog/;nein;umgesetzt;vorhanden, geprüft;ausstehend
https://www.powertech-performance.com/blog/lackierung-oldtimer-erfurt-lackaufbereitung-keramik/;https://www.powertech-performance.com/pages/kontakt.html;Kontakt;Bestand: Seitenlink;Navigation;Spezialfahrzeuge;lokal auflösbar;;https://www.powertech-performance.com/pages/kontakt.html;nein;umgesetzt;vorhanden, geprüft;ausstehend
https://www.powertech-performance.com/blog/lackierung-oldtimer-erfurt-lackaufbereitung-keramik/;https://www.powertech-performance.com/pages/kontakt.html;Jetzt anfragen;Bestand: Seitenlink;Inhalt;Spezialfahrzeuge;lokal auflösbar;;https://www.powertech-performance.com/pages/kontakt.html;nein;umgesetzt;vorhanden, geprüft;ausstehend
https://www.powertech-performance.com/blog/lackierung-oldtimer-erfurt-lackaufbereitung-keramik/;https://www.powertech-performance.com/;Startseite;Bestand: Seitenlink;Breadcrumb;Spezialfahrzeuge;lokal auflösbar;;https://www.powertech-performance.com/;nein;umgesetzt;neu oder gezielt geändert;ausstehend
https://www.powertech-performance.com/blog/lackierung-oldtimer-erfurt-lackaufbereitung-keramik/;https://www.powertech-performance.com/blog/;Ratgeber;Bestand: Seitenlink;Breadcrumb;Spezialfahrzeuge;lokal auflösbar;;https://www.powertech-performance.com/blog/;nein;umgesetzt;neu oder gezielt geändert;ausstehend
https://www.powertech-performance.com/blog/lackierung-oldtimer-erfurt-lackaufbereitung-keramik/;https://www.powertech-performance.com/blog/motorradaufbereitung-keramikversiegelung-experte/;Motorradaufbereitung & Keramikschutz;Bestand: Seitenlink;Inhalt;Spezialfahrzeuge;lokal auflösbar;;https://www.powertech-performance.com/blog/motorradaufbereitung-keramikversiegelung-experte/;nein;umgesetzt;neu oder gezielt geändert;ausstehend
https://www.powertech-performance.com/blog/lackierung-oldtimer-erfurt-lackaufbereitung-keramik/;https://www.powertech-performance.com/#leistungen;Alle Leistungen ansehen;Bestand: Sprunglink;Sidebar;Spezialfahrzeuge;lokal auflösbar;;https://www.powertech-performance.com/;nein;umgesetzt;vorhanden, geprüft;ausstehend
https://www.powertech-performance.com/blog/lackierung-oldtimer-erfurt-lackaufbereitung-keramik/;https://www.powertech-performance.com/pages/kontakt.html;Zur Kontaktseite;Bestand: Seitenlink;Sidebar;Spezialfahrzeuge;lokal auflösbar;;https://www.powertech-performance.com/pages/kontakt.html;nein;umgesetzt;vorhanden, geprüft;ausstehend
https://www.powertech-performance.com/blog/lackierung-oldtimer-erfurt-lackaufbereitung-keramik/;https://www.powertech-performance.com/pages/impressum.html;Impressum;Bestand: Seitenlink;Navigation;Spezialfahrzeuge;lokal auflösbar;;https://www.powertech-performance.com/pages/impressum.html;nein;umgesetzt;vorhanden, geprüft;ausstehend
https://www.powertech-performance.com/blog/lackierung-oldtimer-erfurt-lackaufbereitung-keramik/;https://www.powertech-performance.com/pages/datenschutz.html;Datenschutzerklärung;Bestand: Seitenlink;Navigation;Spezialfahrzeuge;lokal auflösbar;;https://www.powertech-performance.com/pages/datenschutz.html;nein;umgesetzt;vorhanden, geprüft;ausstehend
https://www.powertech-performance.com/blog/lackierung-oldtimer-erfurt-lackaufbereitung-keramik/;https://www.powertech-performance.com/pages/cookie-einstellungen.html;Cookie-Einstellungen;Bestand: Seitenlink;Navigation;Spezialfahrzeuge;lokal auflösbar;;https://www.powertech-performance.com/pages/cookie-einstellungen.html;nein;umgesetzt;vorhanden, geprüft;ausstehend
https://www.powertech-performance.com/blog/lackierung-oldtimer-erfurt-lackaufbereitung-keramik/;https://www.powertech-performance.com/pages/seitenuebersicht.html;Seitenübersicht;Bestand: Seitenlink;Navigation;Spezialfahrzeuge;lokal auflösbar;;https://www.powertech-performance.com/pages/seitenuebersicht.html;nein;umgesetzt;vorhanden, geprüft;ausstehend
https://www.powertech-performance.com/blog/lackierung-oldtimer-erfurt-lackaufbereitung-keramik/;https://www.powertech-performance.com/pages/impressum.html;Impressum;Bestand: Seitenlink;Inhalt;Spezialfahrzeuge;lokal auflösbar;;https://www.powertech-performance.com/pages/impressum.html;nein;umgesetzt;vorhanden, geprüft;ausstehend
https://www.powertech-performance.com/blog/lackkorrektur-wofuer-gut-werterhalt/;https://www.powertech-performance.com/;Powertech Performance Logo;Bestand: Seitenlink;Header;Lackaufbereitung;lokal auflösbar;;https://www.powertech-performance.com/;nein;umgesetzt;vorhanden, geprüft;ausstehend
https://www.powertech-performance.com/blog/lackkorrektur-wofuer-gut-werterhalt/;https://www.powertech-performance.com/#leistungen;Autoaufbereitung;Bestand: Sprunglink;Navigation;Lackaufbereitung;lokal auflösbar;;https://www.powertech-performance.com/;nein;umgesetzt;vorhanden, geprüft;ausstehend
https://www.powertech-performance.com/blog/lackkorrektur-wofuer-gut-werterhalt/;https://www.powertech-performance.com/#standort;Standort & Kontakt;Bestand: Sprunglink;Navigation;Lackaufbereitung;lokal auflösbar;;https://www.powertech-performance.com/;nein;umgesetzt;neu oder gezielt geändert;ausstehend
https://www.powertech-performance.com/blog/lackkorrektur-wofuer-gut-werterhalt/;https://www.powertech-performance.com/blog/;Blog;Bestand: Seitenlink;Navigation;Lackaufbereitung;lokal auflösbar;;https://www.powertech-performance.com/blog/;nein;umgesetzt;vorhanden, geprüft;ausstehend
https://www.powertech-performance.com/blog/lackkorrektur-wofuer-gut-werterhalt/;https://www.powertech-performance.com/pages/kontakt.html;Kontakt;Bestand: Seitenlink;Navigation;Lackaufbereitung;lokal auflösbar;;https://www.powertech-performance.com/pages/kontakt.html;nein;umgesetzt;vorhanden, geprüft;ausstehend
https://www.powertech-performance.com/blog/lackkorrektur-wofuer-gut-werterhalt/;https://www.powertech-performance.com/pages/kontakt.html;Jetzt anfragen;Bestand: Seitenlink;Inhalt;Lackaufbereitung;lokal auflösbar;;https://www.powertech-performance.com/pages/kontakt.html;nein;umgesetzt;vorhanden, geprüft;ausstehend
https://www.powertech-performance.com/blog/lackkorrektur-wofuer-gut-werterhalt/;https://www.powertech-performance.com/;Startseite;Bestand: Seitenlink;Breadcrumb;Lackaufbereitung;lokal auflösbar;;https://www.powertech-performance.com/;nein;umgesetzt;neu oder gezielt geändert;ausstehend
https://www.powertech-performance.com/blog/lackkorrektur-wofuer-gut-werterhalt/;https://www.powertech-performance.com/blog/;Ratgeber;Bestand: Seitenlink;Breadcrumb;Lackaufbereitung;lokal auflösbar;;https://www.powertech-performance.com/blog/;nein;umgesetzt;neu oder gezielt geändert;ausstehend
https://www.powertech-performance.com/blog/lackkorrektur-wofuer-gut-werterhalt/;https://www.powertech-performance.com/pages/kontakt.html;Jetzt unverbindlich anfragen;Bestand: Seitenlink;Inhalt;Lackaufbereitung;lokal auflösbar;;https://www.powertech-performance.com/pages/kontakt.html;nein;umgesetzt;vorhanden, geprüft;ausstehend
https://www.powertech-performance.com/blog/lackkorrektur-wofuer-gut-werterhalt/;https://www.powertech-performance.com/blog/1-step-2-step-oder-lackkorrektur-lackaufbereitung-im-vergleich/;Politurverfahren im Vergleich;Bestand: Seitenlink;Inhalt;Lackaufbereitung;lokal auflösbar;;https://www.powertech-performance.com/blog/1-step-2-step-oder-lackkorrektur-lackaufbereitung-im-vergleich/;nein;umgesetzt;neu oder gezielt geändert;ausstehend
https://www.powertech-performance.com/blog/lackkorrektur-wofuer-gut-werterhalt/;https://www.powertech-performance.com/#leistungen;Alle Leistungen ansehen;Bestand: Sprunglink;Sidebar;Lackaufbereitung;lokal auflösbar;;https://www.powertech-performance.com/;nein;umgesetzt;vorhanden, geprüft;ausstehend
https://www.powertech-performance.com/blog/lackkorrektur-wofuer-gut-werterhalt/;https://www.powertech-performance.com/pages/kontakt.html;Zur Kontaktseite;Bestand: Seitenlink;Sidebar;Lackaufbereitung;lokal auflösbar;;https://www.powertech-performance.com/pages/kontakt.html;nein;umgesetzt;vorhanden, geprüft;ausstehend
https://www.powertech-performance.com/blog/lackkorrektur-wofuer-gut-werterhalt/;https://www.powertech-performance.com/pages/impressum.html;Impressum;Bestand: Seitenlink;Navigation;Lackaufbereitung;lokal auflösbar;;https://www.powertech-performance.com/pages/impressum.html;nein;umgesetzt;vorhanden, geprüft;ausstehend
https://www.powertech-performance.com/blog/lackkorrektur-wofuer-gut-werterhalt/;https://www.powertech-performance.com/pages/datenschutz.html;Datenschutzerklärung;Bestand: Seitenlink;Navigation;Lackaufbereitung;lokal auflösbar;;https://www.powertech-performance.com/pages/datenschutz.html;nein;umgesetzt;vorhanden, geprüft;ausstehend
https://www.powertech-performance.com/blog/lackkorrektur-wofuer-gut-werterhalt/;https://www.powertech-performance.com/pages/cookie-einstellungen.html;Cookie-Einstellungen;Bestand: Seitenlink;Navigation;Lackaufbereitung;lokal auflösbar;;https://www.powertech-performance.com/pages/cookie-einstellungen.html;nein;umgesetzt;vorhanden, geprüft;ausstehend
https://www.powertech-performance.com/blog/lackkorrektur-wofuer-gut-werterhalt/;https://www.powertech-performance.com/pages/seitenuebersicht.html;Seitenübersicht;Bestand: Seitenlink;Navigation;Lackaufbereitung;lokal auflösbar;;https://www.powertech-performance.com/pages/seitenuebersicht.html;nein;umgesetzt;vorhanden, geprüft;ausstehend
https://www.powertech-performance.com/blog/lackkorrektur-wofuer-gut-werterhalt/;https://www.powertech-performance.com/pages/impressum.html;Impressum;Bestand: Seitenlink;Inhalt;Lackaufbereitung;lokal auflösbar;;https://www.powertech-performance.com/pages/impressum.html;nein;umgesetzt;vorhanden, geprüft;ausstehend
https://www.powertech-performance.com/blog/leasing-rueckgabe-aufbereitung-erfurt/;https://www.powertech-performance.com/;Powertech Performance Logo;Bestand: Seitenlink;Header;Leasingrückgabe;lokal auflösbar;;https://www.powertech-performance.com/;nein;umgesetzt;vorhanden, geprüft;ausstehend
https://www.powertech-performance.com/blog/leasing-rueckgabe-aufbereitung-erfurt/;https://www.powertech-performance.com/#leistungen;Autoaufbereitung;Bestand: Sprunglink;Navigation;Leasingrückgabe;lokal auflösbar;;https://www.powertech-performance.com/;nein;umgesetzt;vorhanden, geprüft;ausstehend
https://www.powertech-performance.com/blog/leasing-rueckgabe-aufbereitung-erfurt/;https://www.powertech-performance.com/#standort;Standort & Kontakt;Bestand: Sprunglink;Navigation;Leasingrückgabe;lokal auflösbar;;https://www.powertech-performance.com/;nein;umgesetzt;neu oder gezielt geändert;ausstehend
https://www.powertech-performance.com/blog/leasing-rueckgabe-aufbereitung-erfurt/;https://www.powertech-performance.com/blog/;Blog;Bestand: Seitenlink;Navigation;Leasingrückgabe;lokal auflösbar;;https://www.powertech-performance.com/blog/;nein;umgesetzt;vorhanden, geprüft;ausstehend
https://www.powertech-performance.com/blog/leasing-rueckgabe-aufbereitung-erfurt/;https://www.powertech-performance.com/pages/kontakt.html;Kontakt;Bestand: Seitenlink;Navigation;Leasingrückgabe;lokal auflösbar;;https://www.powertech-performance.com/pages/kontakt.html;nein;umgesetzt;vorhanden, geprüft;ausstehend
https://www.powertech-performance.com/blog/leasing-rueckgabe-aufbereitung-erfurt/;https://www.powertech-performance.com/pages/kontakt.html;Jetzt anfragen;Bestand: Seitenlink;Inhalt;Leasingrückgabe;lokal auflösbar;;https://www.powertech-performance.com/pages/kontakt.html;nein;umgesetzt;vorhanden, geprüft;ausstehend
https://www.powertech-performance.com/blog/leasing-rueckgabe-aufbereitung-erfurt/;https://www.powertech-performance.com/;Startseite;Bestand: Seitenlink;Breadcrumb;Leasingrückgabe;lokal auflösbar;;https://www.powertech-performance.com/;nein;umgesetzt;neu oder gezielt geändert;ausstehend
https://www.powertech-performance.com/blog/leasing-rueckgabe-aufbereitung-erfurt/;https://www.powertech-performance.com/blog/;Ratgeber;Bestand: Seitenlink;Breadcrumb;Leasingrückgabe;lokal auflösbar;;https://www.powertech-performance.com/blog/;nein;umgesetzt;neu oder gezielt geändert;ausstehend
https://www.powertech-performance.com/blog/leasing-rueckgabe-aufbereitung-erfurt/;https://www.powertech-performance.com/pages/kontakt.html;www.powertech-performance.com;Bestand: Seitenlink;Inhalt;Leasingrückgabe;lokal auflösbar;;https://www.powertech-performance.com/pages/kontakt.html;nein;umgesetzt;vorhanden, geprüft;ausstehend
https://www.powertech-performance.com/blog/leasing-rueckgabe-aufbereitung-erfurt/;https://www.powertech-performance.com/blog/leasingrueckgabe-checkliste/;Checkliste zur Leasingrückgabe;Bestand: Seitenlink;Inhalt;Leasingrückgabe;lokal auflösbar;;https://www.powertech-performance.com/blog/leasingrueckgabe-checkliste/;nein;umgesetzt;neu oder gezielt geändert;ausstehend
https://www.powertech-performance.com/blog/leasing-rueckgabe-aufbereitung-erfurt/;https://www.powertech-performance.com/blog/leasingauto-aufbereiten/;Leasingauto zurückgeben – warum sich eine professionelle Aufbereitung wirklich lohnt;Bestand: Seitenlink;Inhalt;Leasingrückgabe;lokal auflösbar;;https://www.powertech-performance.com/blog/leasingauto-aufbereiten/;nein;umgesetzt;neu oder gezielt geändert;ausstehend
https://www.powertech-performance.com/blog/leasing-rueckgabe-aufbereitung-erfurt/;https://www.powertech-performance.com/#leistungen;Alle Leistungen ansehen;Bestand: Sprunglink;Sidebar;Leasingrückgabe;lokal auflösbar;;https://www.powertech-performance.com/;nein;umgesetzt;vorhanden, geprüft;ausstehend
https://www.powertech-performance.com/blog/leasing-rueckgabe-aufbereitung-erfurt/;https://www.powertech-performance.com/pages/kontakt.html;Zur Kontaktseite;Bestand: Seitenlink;Sidebar;Leasingrückgabe;lokal auflösbar;;https://www.powertech-performance.com/pages/kontakt.html;nein;umgesetzt;vorhanden, geprüft;ausstehend
https://www.powertech-performance.com/blog/leasing-rueckgabe-aufbereitung-erfurt/;https://www.powertech-performance.com/pages/impressum.html;Impressum;Bestand: Seitenlink;Navigation;Leasingrückgabe;lokal auflösbar;;https://www.powertech-performance.com/pages/impressum.html;nein;umgesetzt;vorhanden, geprüft;ausstehend
https://www.powertech-performance.com/blog/leasing-rueckgabe-aufbereitung-erfurt/;https://www.powertech-performance.com/pages/datenschutz.html;Datenschutzerklärung;Bestand: Seitenlink;Navigation;Leasingrückgabe;lokal auflösbar;;https://www.powertech-performance.com/pages/datenschutz.html;nein;umgesetzt;vorhanden, geprüft;ausstehend
https://www.powertech-performance.com/blog/leasing-rueckgabe-aufbereitung-erfurt/;https://www.powertech-performance.com/pages/cookie-einstellungen.html;Cookie-Einstellungen;Bestand: Seitenlink;Navigation;Leasingrückgabe;lokal auflösbar;;https://www.powertech-performance.com/pages/cookie-einstellungen.html;nein;umgesetzt;vorhanden, geprüft;ausstehend
https://www.powertech-performance.com/blog/leasing-rueckgabe-aufbereitung-erfurt/;https://www.powertech-performance.com/pages/seitenuebersicht.html;Seitenübersicht;Bestand: Seitenlink;Navigation;Leasingrückgabe;lokal auflösbar;;https://www.powertech-performance.com/pages/seitenuebersicht.html;nein;umgesetzt;vorhanden, geprüft;ausstehend
https://www.powertech-performance.com/blog/leasing-rueckgabe-aufbereitung-erfurt/;https://www.powertech-performance.com/pages/impressum.html;Impressum;Bestand: Seitenlink;Inhalt;Leasingrückgabe;lokal auflösbar;;https://www.powertech-performance.com/pages/impressum.html;nein;umgesetzt;vorhanden, geprüft;ausstehend
https://www.powertech-performance.com/blog/leasingauto-aufbereiten/;https://www.powertech-performance.com/;Powertech Performance Logo;Bestand: Seitenlink;Header;Leasingrückgabe;lokal auflösbar;;https://www.powertech-performance.com/;nein;umgesetzt;vorhanden, geprüft;ausstehend
https://www.powertech-performance.com/blog/leasingauto-aufbereiten/;https://www.powertech-performance.com/#leistungen;Autoaufbereitung;Bestand: Sprunglink;Navigation;Leasingrückgabe;lokal auflösbar;;https://www.powertech-performance.com/;nein;umgesetzt;vorhanden, geprüft;ausstehend
https://www.powertech-performance.com/blog/leasingauto-aufbereiten/;https://www.powertech-performance.com/#standort;Standort & Kontakt;Bestand: Sprunglink;Navigation;Leasingrückgabe;lokal auflösbar;;https://www.powertech-performance.com/;nein;umgesetzt;neu oder gezielt geändert;ausstehend
https://www.powertech-performance.com/blog/leasingauto-aufbereiten/;https://www.powertech-performance.com/blog/;Blog;Bestand: Seitenlink;Navigation;Leasingrückgabe;lokal auflösbar;;https://www.powertech-performance.com/blog/;nein;umgesetzt;vorhanden, geprüft;ausstehend
https://www.powertech-performance.com/blog/leasingauto-aufbereiten/;https://www.powertech-performance.com/pages/kontakt.html;Kontakt;Bestand: Seitenlink;Navigation;Leasingrückgabe;lokal auflösbar;;https://www.powertech-performance.com/pages/kontakt.html;nein;umgesetzt;vorhanden, geprüft;ausstehend
https://www.powertech-performance.com/blog/leasingauto-aufbereiten/;https://www.powertech-performance.com/pages/kontakt.html;Jetzt anfragen;Bestand: Seitenlink;Inhalt;Leasingrückgabe;lokal auflösbar;;https://www.powertech-performance.com/pages/kontakt.html;nein;umgesetzt;vorhanden, geprüft;ausstehend
https://www.powertech-performance.com/blog/leasingauto-aufbereiten/;https://www.powertech-performance.com/;Startseite;Bestand: Seitenlink;Breadcrumb;Leasingrückgabe;lokal auflösbar;;https://www.powertech-performance.com/;nein;umgesetzt;neu oder gezielt geändert;ausstehend
https://www.powertech-performance.com/blog/leasingauto-aufbereiten/;https://www.powertech-performance.com/blog/;Ratgeber;Bestand: Seitenlink;Breadcrumb;Leasingrückgabe;lokal auflösbar;;https://www.powertech-performance.com/blog/;nein;umgesetzt;neu oder gezielt geändert;ausstehend
https://www.powertech-performance.com/blog/leasingauto-aufbereiten/;https://www.powertech-performance.com/blog/leasing-rueckgabe-aufbereitung-erfurt/;Leasing-Rückgabe: So vermeiden Sie hohe Nachzahlungen;Bestand: Seitenlink;Inhalt;Leasingrückgabe;lokal auflösbar;;https://www.powertech-performance.com/blog/leasing-rueckgabe-aufbereitung-erfurt/;nein;umgesetzt;neu oder gezielt geändert;ausstehend
https://www.powertech-performance.com/blog/leasingauto-aufbereiten/;https://www.powertech-performance.com/blog/leasingrueckgabe-checkliste/;Leasingrückgabe-Checkliste: Vorbereitung und Übergabe;Bestand: Seitenlink;Inhalt;Leasingrückgabe;lokal auflösbar;;https://www.powertech-performance.com/blog/leasingrueckgabe-checkliste/;nein;umgesetzt;neu oder gezielt geändert;ausstehend
https://www.powertech-performance.com/blog/leasingauto-aufbereiten/;https://www.powertech-performance.com/#leistungen;Alle Leistungen ansehen;Bestand: Sprunglink;Sidebar;Leasingrückgabe;lokal auflösbar;;https://www.powertech-performance.com/;nein;umgesetzt;vorhanden, geprüft;ausstehend
https://www.powertech-performance.com/blog/leasingauto-aufbereiten/;https://www.powertech-performance.com/pages/kontakt.html;Zur Kontaktseite;Bestand: Seitenlink;Sidebar;Leasingrückgabe;lokal auflösbar;;https://www.powertech-performance.com/pages/kontakt.html;nein;umgesetzt;vorhanden, geprüft;ausstehend
https://www.powertech-performance.com/blog/leasingauto-aufbereiten/;https://www.powertech-performance.com/pages/impressum.html;Impressum;Bestand: Seitenlink;Navigation;Leasingrückgabe;lokal auflösbar;;https://www.powertech-performance.com/pages/impressum.html;nein;umgesetzt;vorhanden, geprüft;ausstehend
https://www.powertech-performance.com/blog/leasingauto-aufbereiten/;https://www.powertech-performance.com/pages/datenschutz.html;Datenschutzerklärung;Bestand: Seitenlink;Navigation;Leasingrückgabe;lokal auflösbar;;https://www.powertech-performance.com/pages/datenschutz.html;nein;umgesetzt;vorhanden, geprüft;ausstehend
https://www.powertech-performance.com/blog/leasingauto-aufbereiten/;https://www.powertech-performance.com/pages/cookie-einstellungen.html;Cookie-Einstellungen;Bestand: Seitenlink;Navigation;Leasingrückgabe;lokal auflösbar;;https://www.powertech-performance.com/pages/cookie-einstellungen.html;nein;umgesetzt;vorhanden, geprüft;ausstehend
https://www.powertech-performance.com/blog/leasingauto-aufbereiten/;https://www.powertech-performance.com/pages/seitenuebersicht.html;Seitenübersicht;Bestand: Seitenlink;Navigation;Leasingrückgabe;lokal auflösbar;;https://www.powertech-performance.com/pages/seitenuebersicht.html;nein;umgesetzt;vorhanden, geprüft;ausstehend
https://www.powertech-performance.com/blog/leasingauto-aufbereiten/;https://www.powertech-performance.com/pages/impressum.html;Impressum;Bestand: Seitenlink;Inhalt;Leasingrückgabe;lokal auflösbar;;https://www.powertech-performance.com/pages/impressum.html;nein;umgesetzt;vorhanden, geprüft;ausstehend
https://www.powertech-performance.com/blog/leasingrueckgabe-checkliste/;https://www.powertech-performance.com/;Powertech Performance Logo;Bestand: Seitenlink;Header;Leasingrückgabe;lokal auflösbar;;https://www.powertech-performance.com/;nein;umgesetzt;vorhanden, geprüft;ausstehend
https://www.powertech-performance.com/blog/leasingrueckgabe-checkliste/;https://www.powertech-performance.com/#leistungen;Autoaufbereitung;Bestand: Sprunglink;Navigation;Leasingrückgabe;lokal auflösbar;;https://www.powertech-performance.com/;nein;umgesetzt;vorhanden, geprüft;ausstehend
https://www.powertech-performance.com/blog/leasingrueckgabe-checkliste/;https://www.powertech-performance.com/#standort;Standort & Kontakt;Bestand: Sprunglink;Navigation;Leasingrückgabe;lokal auflösbar;;https://www.powertech-performance.com/;nein;umgesetzt;neu oder gezielt geändert;ausstehend
https://www.powertech-performance.com/blog/leasingrueckgabe-checkliste/;https://www.powertech-performance.com/blog/;Blog;Bestand: Seitenlink;Navigation;Leasingrückgabe;lokal auflösbar;;https://www.powertech-performance.com/blog/;nein;umgesetzt;vorhanden, geprüft;ausstehend
https://www.powertech-performance.com/blog/leasingrueckgabe-checkliste/;https://www.powertech-performance.com/pages/kontakt.html;Kontakt;Bestand: Seitenlink;Navigation;Leasingrückgabe;lokal auflösbar;;https://www.powertech-performance.com/pages/kontakt.html;nein;umgesetzt;vorhanden, geprüft;ausstehend
https://www.powertech-performance.com/blog/leasingrueckgabe-checkliste/;https://www.powertech-performance.com/pages/kontakt.html;Jetzt anfragen;Bestand: Seitenlink;Inhalt;Leasingrückgabe;lokal auflösbar;;https://www.powertech-performance.com/pages/kontakt.html;nein;umgesetzt;vorhanden, geprüft;ausstehend
https://www.powertech-performance.com/blog/leasingrueckgabe-checkliste/;https://www.powertech-performance.com/;Startseite;Bestand: Seitenlink;Breadcrumb;Leasingrückgabe;lokal auflösbar;;https://www.powertech-performance.com/;nein;umgesetzt;neu oder gezielt geändert;ausstehend
https://www.powertech-performance.com/blog/leasingrueckgabe-checkliste/;https://www.powertech-performance.com/blog/;Ratgeber;Bestand: Seitenlink;Breadcrumb;Leasingrückgabe;lokal auflösbar;;https://www.powertech-performance.com/blog/;nein;umgesetzt;neu oder gezielt geändert;ausstehend
https://www.powertech-performance.com/blog/leasingrueckgabe-checkliste/;https://www.powertech-performance.com/blog/leasing-rueckgabe-aufbereitung-erfurt/;Beratung zur Aufbereitung vor der Leasingrückgabe;Bestand: Seitenlink;Inhalt;Leasingrückgabe;lokal auflösbar;;https://www.powertech-performance.com/blog/leasing-rueckgabe-aufbereitung-erfurt/;nein;umgesetzt;neu oder gezielt geändert;ausstehend
https://www.powertech-performance.com/blog/leasingrueckgabe-checkliste/;https://www.powertech-performance.com/#leistungen;Alle Leistungen ansehen;Bestand: Sprunglink;Sidebar;Leasingrückgabe;lokal auflösbar;;https://www.powertech-performance.com/;nein;umgesetzt;vorhanden, geprüft;ausstehend
https://www.powertech-performance.com/blog/leasingrueckgabe-checkliste/;https://www.powertech-performance.com/pages/kontakt.html;Zur Kontaktseite;Bestand: Seitenlink;Sidebar;Leasingrückgabe;lokal auflösbar;;https://www.powertech-performance.com/pages/kontakt.html;nein;umgesetzt;vorhanden, geprüft;ausstehend
https://www.powertech-performance.com/blog/leasingrueckgabe-checkliste/;https://www.powertech-performance.com/pages/impressum.html;Impressum;Bestand: Seitenlink;Navigation;Leasingrückgabe;lokal auflösbar;;https://www.powertech-performance.com/pages/impressum.html;nein;umgesetzt;vorhanden, geprüft;ausstehend
https://www.powertech-performance.com/blog/leasingrueckgabe-checkliste/;https://www.powertech-performance.com/pages/datenschutz.html;Datenschutzerklärung;Bestand: Seitenlink;Navigation;Leasingrückgabe;lokal auflösbar;;https://www.powertech-performance.com/pages/datenschutz.html;nein;umgesetzt;vorhanden, geprüft;ausstehend
https://www.powertech-performance.com/blog/leasingrueckgabe-checkliste/;https://www.powertech-performance.com/pages/cookie-einstellungen.html;Cookie-Einstellungen;Bestand: Seitenlink;Navigation;Leasingrückgabe;lokal auflösbar;;https://www.powertech-performance.com/pages/cookie-einstellungen.html;nein;umgesetzt;vorhanden, geprüft;ausstehend
https://www.powertech-performance.com/blog/leasingrueckgabe-checkliste/;https://www.powertech-performance.com/pages/seitenuebersicht.html;Seitenübersicht;Bestand: Seitenlink;Navigation;Leasingrückgabe;lokal auflösbar;;https://www.powertech-performance.com/pages/seitenuebersicht.html;nein;umgesetzt;vorhanden, geprüft;ausstehend
https://www.powertech-performance.com/blog/leasingrueckgabe-checkliste/;https://www.powertech-performance.com/pages/impressum.html;Impressum;Bestand: Seitenlink;Inhalt;Leasingrückgabe;lokal auflösbar;;https://www.powertech-performance.com/pages/impressum.html;nein;umgesetzt;vorhanden, geprüft;ausstehend
https://www.powertech-performance.com/blog/motorradaufbereitung-keramikversiegelung-experte/;https://www.powertech-performance.com/;Powertech Performance Logo;Bestand: Seitenlink;Header;Spezialfahrzeuge;lokal auflösbar;;https://www.powertech-performance.com/;nein;umgesetzt;vorhanden, geprüft;ausstehend
https://www.powertech-performance.com/blog/motorradaufbereitung-keramikversiegelung-experte/;https://www.powertech-performance.com/#leistungen;Autoaufbereitung;Bestand: Sprunglink;Navigation;Spezialfahrzeuge;lokal auflösbar;;https://www.powertech-performance.com/;nein;umgesetzt;vorhanden, geprüft;ausstehend
https://www.powertech-performance.com/blog/motorradaufbereitung-keramikversiegelung-experte/;https://www.powertech-performance.com/#standort;Standort & Kontakt;Bestand: Sprunglink;Navigation;Spezialfahrzeuge;lokal auflösbar;;https://www.powertech-performance.com/;nein;umgesetzt;neu oder gezielt geändert;ausstehend
https://www.powertech-performance.com/blog/motorradaufbereitung-keramikversiegelung-experte/;https://www.powertech-performance.com/blog/;Blog;Bestand: Seitenlink;Navigation;Spezialfahrzeuge;lokal auflösbar;;https://www.powertech-performance.com/blog/;nein;umgesetzt;vorhanden, geprüft;ausstehend
https://www.powertech-performance.com/blog/motorradaufbereitung-keramikversiegelung-experte/;https://www.powertech-performance.com/pages/kontakt.html;Kontakt;Bestand: Seitenlink;Navigation;Spezialfahrzeuge;lokal auflösbar;;https://www.powertech-performance.com/pages/kontakt.html;nein;umgesetzt;vorhanden, geprüft;ausstehend
https://www.powertech-performance.com/blog/motorradaufbereitung-keramikversiegelung-experte/;https://www.powertech-performance.com/pages/kontakt.html;Jetzt anfragen;Bestand: Seitenlink;Inhalt;Spezialfahrzeuge;lokal auflösbar;;https://www.powertech-performance.com/pages/kontakt.html;nein;umgesetzt;vorhanden, geprüft;ausstehend
https://www.powertech-performance.com/blog/motorradaufbereitung-keramikversiegelung-experte/;https://www.powertech-performance.com/;Startseite;Bestand: Seitenlink;Breadcrumb;Spezialfahrzeuge;lokal auflösbar;;https://www.powertech-performance.com/;nein;umgesetzt;neu oder gezielt geändert;ausstehend
https://www.powertech-performance.com/blog/motorradaufbereitung-keramikversiegelung-experte/;https://www.powertech-performance.com/blog/;Ratgeber;Bestand: Seitenlink;Breadcrumb;Spezialfahrzeuge;lokal auflösbar;;https://www.powertech-performance.com/blog/;nein;umgesetzt;neu oder gezielt geändert;ausstehend
https://www.powertech-performance.com/blog/motorradaufbereitung-keramikversiegelung-experte/;https://www.powertech-performance.com/pages/kontakt.html;Auto-Aufbereitung;Bestand: Seitenlink;Inhalt;Spezialfahrzeuge;lokal auflösbar;;https://www.powertech-performance.com/pages/kontakt.html;nein;umgesetzt;vorhanden, geprüft;ausstehend
https://www.powertech-performance.com/blog/motorradaufbereitung-keramikversiegelung-experte/;https://www.powertech-performance.com/pages/kontakt.html;ZUM KONTAKTFORMULAR;Bestand: Seitenlink;Inhalt;Spezialfahrzeuge;lokal auflösbar;;https://www.powertech-performance.com/pages/kontakt.html;nein;umgesetzt;vorhanden, geprüft;ausstehend
https://www.powertech-performance.com/blog/motorradaufbereitung-keramikversiegelung-experte/;https://www.powertech-performance.com/pages/kontakt.html;www.powertech-performance.com;Bestand: Seitenlink;Inhalt;Spezialfahrzeuge;lokal auflösbar;;https://www.powertech-performance.com/pages/kontakt.html;nein;umgesetzt;vorhanden, geprüft;ausstehend
https://www.powertech-performance.com/blog/motorradaufbereitung-keramikversiegelung-experte/;https://www.powertech-performance.com/blog/porsche-aufbereitung-erfurt-keramikversiegelung-zertifiziert/;Porsche Aufbereitung in Erfurt: Werterhalt & Perfektion für Ihren Sportwagen;Bestand: Seitenlink;Inhalt;Spezialfahrzeuge;lokal auflösbar;;https://www.powertech-performance.com/blog/porsche-aufbereitung-erfurt-keramikversiegelung-zertifiziert/;nein;umgesetzt;neu oder gezielt geändert;ausstehend
https://www.powertech-performance.com/blog/motorradaufbereitung-keramikversiegelung-experte/;https://www.powertech-performance.com/#leistungen;Alle Leistungen ansehen;Bestand: Sprunglink;Sidebar;Spezialfahrzeuge;lokal auflösbar;;https://www.powertech-performance.com/;nein;umgesetzt;vorhanden, geprüft;ausstehend
https://www.powertech-performance.com/blog/motorradaufbereitung-keramikversiegelung-experte/;https://www.powertech-performance.com/pages/kontakt.html;Zur Kontaktseite;Bestand: Seitenlink;Sidebar;Spezialfahrzeuge;lokal auflösbar;;https://www.powertech-performance.com/pages/kontakt.html;nein;umgesetzt;vorhanden, geprüft;ausstehend
https://www.powertech-performance.com/blog/motorradaufbereitung-keramikversiegelung-experte/;https://www.powertech-performance.com/pages/impressum.html;Impressum;Bestand: Seitenlink;Navigation;Spezialfahrzeuge;lokal auflösbar;;https://www.powertech-performance.com/pages/impressum.html;nein;umgesetzt;vorhanden, geprüft;ausstehend
https://www.powertech-performance.com/blog/motorradaufbereitung-keramikversiegelung-experte/;https://www.powertech-performance.com/pages/datenschutz.html;Datenschutzerklärung;Bestand: Seitenlink;Navigation;Spezialfahrzeuge;lokal auflösbar;;https://www.powertech-performance.com/pages/datenschutz.html;nein;umgesetzt;vorhanden, geprüft;ausstehend
https://www.powertech-performance.com/blog/motorradaufbereitung-keramikversiegelung-experte/;https://www.powertech-performance.com/pages/cookie-einstellungen.html;Cookie-Einstellungen;Bestand: Seitenlink;Navigation;Spezialfahrzeuge;lokal auflösbar;;https://www.powertech-performance.com/pages/cookie-einstellungen.html;nein;umgesetzt;vorhanden, geprüft;ausstehend
https://www.powertech-performance.com/blog/motorradaufbereitung-keramikversiegelung-experte/;https://www.powertech-performance.com/pages/seitenuebersicht.html;Seitenübersicht;Bestand: Seitenlink;Navigation;Spezialfahrzeuge;lokal auflösbar;;https://www.powertech-performance.com/pages/seitenuebersicht.html;nein;umgesetzt;vorhanden, geprüft;ausstehend
https://www.powertech-performance.com/blog/motorradaufbereitung-keramikversiegelung-experte/;https://www.powertech-performance.com/pages/impressum.html;Impressum;Bestand: Seitenlink;Inhalt;Spezialfahrzeuge;lokal auflösbar;;https://www.powertech-performance.com/pages/impressum.html;nein;umgesetzt;vorhanden, geprüft;ausstehend
https://www.powertech-performance.com/blog/motorwaesche-erfurt-vorteile-kosten/;https://www.powertech-performance.com/;Powertech Performance Logo;Bestand: Seitenlink;Header;Motorraumwäsche;lokal auflösbar;;https://www.powertech-performance.com/;nein;umgesetzt;vorhanden, geprüft;ausstehend
https://www.powertech-performance.com/blog/motorwaesche-erfurt-vorteile-kosten/;https://www.powertech-performance.com/#leistungen;Autoaufbereitung;Bestand: Sprunglink;Navigation;Motorraumwäsche;lokal auflösbar;;https://www.powertech-performance.com/;nein;umgesetzt;vorhanden, geprüft;ausstehend
https://www.powertech-performance.com/blog/motorwaesche-erfurt-vorteile-kosten/;https://www.powertech-performance.com/#standort;Standort & Kontakt;Bestand: Sprunglink;Navigation;Motorraumwäsche;lokal auflösbar;;https://www.powertech-performance.com/;nein;umgesetzt;neu oder gezielt geändert;ausstehend
https://www.powertech-performance.com/blog/motorwaesche-erfurt-vorteile-kosten/;https://www.powertech-performance.com/blog/;Blog;Bestand: Seitenlink;Navigation;Motorraumwäsche;lokal auflösbar;;https://www.powertech-performance.com/blog/;nein;umgesetzt;vorhanden, geprüft;ausstehend
https://www.powertech-performance.com/blog/motorwaesche-erfurt-vorteile-kosten/;https://www.powertech-performance.com/pages/kontakt.html;Kontakt;Bestand: Seitenlink;Navigation;Motorraumwäsche;lokal auflösbar;;https://www.powertech-performance.com/pages/kontakt.html;nein;umgesetzt;vorhanden, geprüft;ausstehend
https://www.powertech-performance.com/blog/motorwaesche-erfurt-vorteile-kosten/;https://www.powertech-performance.com/pages/kontakt.html;Jetzt anfragen;Bestand: Seitenlink;Inhalt;Motorraumwäsche;lokal auflösbar;;https://www.powertech-performance.com/pages/kontakt.html;nein;umgesetzt;vorhanden, geprüft;ausstehend
https://www.powertech-performance.com/blog/motorwaesche-erfurt-vorteile-kosten/;https://www.powertech-performance.com/;Startseite;Bestand: Seitenlink;Breadcrumb;Motorraumwäsche;lokal auflösbar;;https://www.powertech-performance.com/;nein;umgesetzt;neu oder gezielt geändert;ausstehend
https://www.powertech-performance.com/blog/motorwaesche-erfurt-vorteile-kosten/;https://www.powertech-performance.com/blog/;Ratgeber;Bestand: Seitenlink;Breadcrumb;Motorraumwäsche;lokal auflösbar;;https://www.powertech-performance.com/blog/;nein;umgesetzt;neu oder gezielt geändert;ausstehend
https://www.powertech-performance.com/blog/motorwaesche-erfurt-vorteile-kosten/;https://www.powertech-performance.com/trockeneisreinigung;Trockeneisreinigung am Fahrzeug;Bestand: Seitenlink;Inhalt;Motorraumwäsche;lokal auflösbar;;https://www.powertech-performance.com/trockeneisreinigung;nein;umgesetzt;neu oder gezielt geändert;ausstehend
https://www.powertech-performance.com/blog/motorwaesche-erfurt-vorteile-kosten/;https://www.powertech-performance.com/pages/kontakt.html;Anfrage zur Motorraumreinigung;Bestand: Seitenlink;Inhalt;Motorraumwäsche;lokal auflösbar;;https://www.powertech-performance.com/pages/kontakt.html;nein;umgesetzt;neu oder gezielt geändert;ausstehend
https://www.powertech-performance.com/blog/motorwaesche-erfurt-vorteile-kosten/;https://www.powertech-performance.com/blog/professionelle-innenreinigung-auto-in-der-naehe/;Auto-Innenreinigung: So bereiten Sie den Termin vor;Bestand: Seitenlink;Inhalt;Motorraumwäsche;lokal auflösbar;;https://www.powertech-performance.com/blog/professionelle-innenreinigung-auto-in-der-naehe/;nein;umgesetzt;neu oder gezielt geändert;ausstehend
https://www.powertech-performance.com/blog/motorwaesche-erfurt-vorteile-kosten/;https://www.powertech-performance.com/#leistungen;Alle Leistungen ansehen;Bestand: Sprunglink;Sidebar;Motorraumwäsche;lokal auflösbar;;https://www.powertech-performance.com/;nein;umgesetzt;vorhanden, geprüft;ausstehend
https://www.powertech-performance.com/blog/motorwaesche-erfurt-vorteile-kosten/;https://www.powertech-performance.com/pages/kontakt.html;Zur Kontaktseite;Bestand: Seitenlink;Sidebar;Motorraumwäsche;lokal auflösbar;;https://www.powertech-performance.com/pages/kontakt.html;nein;umgesetzt;vorhanden, geprüft;ausstehend
https://www.powertech-performance.com/blog/motorwaesche-erfurt-vorteile-kosten/;https://www.powertech-performance.com/pages/impressum.html;Impressum;Bestand: Seitenlink;Navigation;Motorraumwäsche;lokal auflösbar;;https://www.powertech-performance.com/pages/impressum.html;nein;umgesetzt;vorhanden, geprüft;ausstehend
https://www.powertech-performance.com/blog/motorwaesche-erfurt-vorteile-kosten/;https://www.powertech-performance.com/pages/datenschutz.html;Datenschutzerklärung;Bestand: Seitenlink;Navigation;Motorraumwäsche;lokal auflösbar;;https://www.powertech-performance.com/pages/datenschutz.html;nein;umgesetzt;vorhanden, geprüft;ausstehend
https://www.powertech-performance.com/blog/motorwaesche-erfurt-vorteile-kosten/;https://www.powertech-performance.com/pages/cookie-einstellungen.html;Cookie-Einstellungen;Bestand: Seitenlink;Navigation;Motorraumwäsche;lokal auflösbar;;https://www.powertech-performance.com/pages/cookie-einstellungen.html;nein;umgesetzt;vorhanden, geprüft;ausstehend
https://www.powertech-performance.com/blog/motorwaesche-erfurt-vorteile-kosten/;https://www.powertech-performance.com/pages/seitenuebersicht.html;Seitenübersicht;Bestand: Seitenlink;Navigation;Motorraumwäsche;lokal auflösbar;;https://www.powertech-performance.com/pages/seitenuebersicht.html;nein;umgesetzt;vorhanden, geprüft;ausstehend
https://www.powertech-performance.com/blog/motorwaesche-erfurt-vorteile-kosten/;https://www.powertech-performance.com/pages/impressum.html;Impressum;Bestand: Seitenlink;Inhalt;Motorraumwäsche;lokal auflösbar;;https://www.powertech-performance.com/pages/impressum.html;nein;umgesetzt;vorhanden, geprüft;ausstehend
https://www.powertech-performance.com/blog/oldtimer-aufbereitung-erfurt-wertschonende-pflege/;https://www.powertech-performance.com/;Powertech Performance Logo;Bestand: Seitenlink;Header;Spezialfahrzeuge;lokal auflösbar;;https://www.powertech-performance.com/;nein;umgesetzt;vorhanden, geprüft;ausstehend
https://www.powertech-performance.com/blog/oldtimer-aufbereitung-erfurt-wertschonende-pflege/;https://www.powertech-performance.com/#leistungen;Autoaufbereitung;Bestand: Sprunglink;Navigation;Spezialfahrzeuge;lokal auflösbar;;https://www.powertech-performance.com/;nein;umgesetzt;vorhanden, geprüft;ausstehend
https://www.powertech-performance.com/blog/oldtimer-aufbereitung-erfurt-wertschonende-pflege/;https://www.powertech-performance.com/#standort;Standort & Kontakt;Bestand: Sprunglink;Navigation;Spezialfahrzeuge;lokal auflösbar;;https://www.powertech-performance.com/;nein;umgesetzt;neu oder gezielt geändert;ausstehend
https://www.powertech-performance.com/blog/oldtimer-aufbereitung-erfurt-wertschonende-pflege/;https://www.powertech-performance.com/blog/;Blog;Bestand: Seitenlink;Navigation;Spezialfahrzeuge;lokal auflösbar;;https://www.powertech-performance.com/blog/;nein;umgesetzt;vorhanden, geprüft;ausstehend
https://www.powertech-performance.com/blog/oldtimer-aufbereitung-erfurt-wertschonende-pflege/;https://www.powertech-performance.com/pages/kontakt.html;Kontakt;Bestand: Seitenlink;Navigation;Spezialfahrzeuge;lokal auflösbar;;https://www.powertech-performance.com/pages/kontakt.html;nein;umgesetzt;vorhanden, geprüft;ausstehend
https://www.powertech-performance.com/blog/oldtimer-aufbereitung-erfurt-wertschonende-pflege/;https://www.powertech-performance.com/pages/kontakt.html;Jetzt anfragen;Bestand: Seitenlink;Inhalt;Spezialfahrzeuge;lokal auflösbar;;https://www.powertech-performance.com/pages/kontakt.html;nein;umgesetzt;vorhanden, geprüft;ausstehend
https://www.powertech-performance.com/blog/oldtimer-aufbereitung-erfurt-wertschonende-pflege/;https://www.powertech-performance.com/;Startseite;Bestand: Seitenlink;Breadcrumb;Spezialfahrzeuge;lokal auflösbar;;https://www.powertech-performance.com/;nein;umgesetzt;neu oder gezielt geändert;ausstehend
https://www.powertech-performance.com/blog/oldtimer-aufbereitung-erfurt-wertschonende-pflege/;https://www.powertech-performance.com/blog/;Ratgeber;Bestand: Seitenlink;Breadcrumb;Spezialfahrzeuge;lokal auflösbar;;https://www.powertech-performance.com/blog/;nein;umgesetzt;neu oder gezielt geändert;ausstehend
https://www.powertech-performance.com/blog/oldtimer-aufbereitung-erfurt-wertschonende-pflege/;https://www.powertech-performance.com/blog/professionelle-cabrioverdeck-impraegnierung-und-reinigung/;Professionelle Cabrioverdeck Imprägnierung & Reinigung;Bestand: Seitenlink;Inhalt;Spezialfahrzeuge;lokal auflösbar;;https://www.powertech-performance.com/blog/professionelle-cabrioverdeck-impraegnierung-und-reinigung/;nein;umgesetzt;neu oder gezielt geändert;ausstehend
https://www.powertech-performance.com/blog/oldtimer-aufbereitung-erfurt-wertschonende-pflege/;https://www.powertech-performance.com/#leistungen;Alle Leistungen ansehen;Bestand: Sprunglink;Sidebar;Spezialfahrzeuge;lokal auflösbar;;https://www.powertech-performance.com/;nein;umgesetzt;vorhanden, geprüft;ausstehend
https://www.powertech-performance.com/blog/oldtimer-aufbereitung-erfurt-wertschonende-pflege/;https://www.powertech-performance.com/pages/kontakt.html;Zur Kontaktseite;Bestand: Seitenlink;Sidebar;Spezialfahrzeuge;lokal auflösbar;;https://www.powertech-performance.com/pages/kontakt.html;nein;umgesetzt;vorhanden, geprüft;ausstehend
https://www.powertech-performance.com/blog/oldtimer-aufbereitung-erfurt-wertschonende-pflege/;https://www.powertech-performance.com/pages/impressum.html;Impressum;Bestand: Seitenlink;Navigation;Spezialfahrzeuge;lokal auflösbar;;https://www.powertech-performance.com/pages/impressum.html;nein;umgesetzt;vorhanden, geprüft;ausstehend
https://www.powertech-performance.com/blog/oldtimer-aufbereitung-erfurt-wertschonende-pflege/;https://www.powertech-performance.com/pages/datenschutz.html;Datenschutzerklärung;Bestand: Seitenlink;Navigation;Spezialfahrzeuge;lokal auflösbar;;https://www.powertech-performance.com/pages/datenschutz.html;nein;umgesetzt;vorhanden, geprüft;ausstehend
https://www.powertech-performance.com/blog/oldtimer-aufbereitung-erfurt-wertschonende-pflege/;https://www.powertech-performance.com/pages/cookie-einstellungen.html;Cookie-Einstellungen;Bestand: Seitenlink;Navigation;Spezialfahrzeuge;lokal auflösbar;;https://www.powertech-performance.com/pages/cookie-einstellungen.html;nein;umgesetzt;vorhanden, geprüft;ausstehend
https://www.powertech-performance.com/blog/oldtimer-aufbereitung-erfurt-wertschonende-pflege/;https://www.powertech-performance.com/pages/seitenuebersicht.html;Seitenübersicht;Bestand: Seitenlink;Navigation;Spezialfahrzeuge;lokal auflösbar;;https://www.powertech-performance.com/pages/seitenuebersicht.html;nein;umgesetzt;vorhanden, geprüft;ausstehend
https://www.powertech-performance.com/blog/oldtimer-aufbereitung-erfurt-wertschonende-pflege/;https://www.powertech-performance.com/pages/impressum.html;Impressum;Bestand: Seitenlink;Inhalt;Spezialfahrzeuge;lokal auflösbar;;https://www.powertech-performance.com/pages/impressum.html;nein;umgesetzt;vorhanden, geprüft;ausstehend
https://www.powertech-performance.com/blog/porsche-aufbereitung-erfurt-keramikversiegelung-zertifiziert/;https://www.powertech-performance.com/;Powertech Performance Logo;Bestand: Seitenlink;Header;Spezialfahrzeuge;lokal auflösbar;;https://www.powertech-performance.com/;nein;umgesetzt;vorhanden, geprüft;ausstehend
https://www.powertech-performance.com/blog/porsche-aufbereitung-erfurt-keramikversiegelung-zertifiziert/;https://www.powertech-performance.com/#leistungen;Autoaufbereitung;Bestand: Sprunglink;Navigation;Spezialfahrzeuge;lokal auflösbar;;https://www.powertech-performance.com/;nein;umgesetzt;vorhanden, geprüft;ausstehend
https://www.powertech-performance.com/blog/porsche-aufbereitung-erfurt-keramikversiegelung-zertifiziert/;https://www.powertech-performance.com/#standort;Standort & Kontakt;Bestand: Sprunglink;Navigation;Spezialfahrzeuge;lokal auflösbar;;https://www.powertech-performance.com/;nein;umgesetzt;neu oder gezielt geändert;ausstehend
https://www.powertech-performance.com/blog/porsche-aufbereitung-erfurt-keramikversiegelung-zertifiziert/;https://www.powertech-performance.com/blog/;Blog;Bestand: Seitenlink;Navigation;Spezialfahrzeuge;lokal auflösbar;;https://www.powertech-performance.com/blog/;nein;umgesetzt;vorhanden, geprüft;ausstehend
https://www.powertech-performance.com/blog/porsche-aufbereitung-erfurt-keramikversiegelung-zertifiziert/;https://www.powertech-performance.com/pages/kontakt.html;Kontakt;Bestand: Seitenlink;Navigation;Spezialfahrzeuge;lokal auflösbar;;https://www.powertech-performance.com/pages/kontakt.html;nein;umgesetzt;vorhanden, geprüft;ausstehend
https://www.powertech-performance.com/blog/porsche-aufbereitung-erfurt-keramikversiegelung-zertifiziert/;https://www.powertech-performance.com/pages/kontakt.html;Jetzt anfragen;Bestand: Seitenlink;Inhalt;Spezialfahrzeuge;lokal auflösbar;;https://www.powertech-performance.com/pages/kontakt.html;nein;umgesetzt;vorhanden, geprüft;ausstehend
https://www.powertech-performance.com/blog/porsche-aufbereitung-erfurt-keramikversiegelung-zertifiziert/;https://www.powertech-performance.com/;Startseite;Bestand: Seitenlink;Breadcrumb;Spezialfahrzeuge;lokal auflösbar;;https://www.powertech-performance.com/;nein;umgesetzt;neu oder gezielt geändert;ausstehend
https://www.powertech-performance.com/blog/porsche-aufbereitung-erfurt-keramikversiegelung-zertifiziert/;https://www.powertech-performance.com/blog/;Ratgeber;Bestand: Seitenlink;Breadcrumb;Spezialfahrzeuge;lokal auflösbar;;https://www.powertech-performance.com/blog/;nein;umgesetzt;neu oder gezielt geändert;ausstehend
https://www.powertech-performance.com/blog/porsche-aufbereitung-erfurt-keramikversiegelung-zertifiziert/;https://www.powertech-performance.com/blog/professionelle-keramikversiegelung-erfurt/;Keramikversiegelung: Leistungsumfang verstehen;Bestand: Seitenlink;Inhalt;Spezialfahrzeuge;lokal auflösbar;;https://www.powertech-performance.com/blog/professionelle-keramikversiegelung-erfurt/;nein;umgesetzt;neu oder gezielt geändert;ausstehend
https://www.powertech-performance.com/blog/porsche-aufbereitung-erfurt-keramikversiegelung-zertifiziert/;https://www.powertech-performance.com/#leistungen;Alle Leistungen ansehen;Bestand: Sprunglink;Sidebar;Spezialfahrzeuge;lokal auflösbar;;https://www.powertech-performance.com/;nein;umgesetzt;vorhanden, geprüft;ausstehend
https://www.powertech-performance.com/blog/porsche-aufbereitung-erfurt-keramikversiegelung-zertifiziert/;https://www.powertech-performance.com/pages/kontakt.html;Zur Kontaktseite;Bestand: Seitenlink;Sidebar;Spezialfahrzeuge;lokal auflösbar;;https://www.powertech-performance.com/pages/kontakt.html;nein;umgesetzt;vorhanden, geprüft;ausstehend
https://www.powertech-performance.com/blog/porsche-aufbereitung-erfurt-keramikversiegelung-zertifiziert/;https://www.powertech-performance.com/pages/impressum.html;Impressum;Bestand: Seitenlink;Navigation;Spezialfahrzeuge;lokal auflösbar;;https://www.powertech-performance.com/pages/impressum.html;nein;umgesetzt;vorhanden, geprüft;ausstehend
https://www.powertech-performance.com/blog/porsche-aufbereitung-erfurt-keramikversiegelung-zertifiziert/;https://www.powertech-performance.com/pages/datenschutz.html;Datenschutzerklärung;Bestand: Seitenlink;Navigation;Spezialfahrzeuge;lokal auflösbar;;https://www.powertech-performance.com/pages/datenschutz.html;nein;umgesetzt;vorhanden, geprüft;ausstehend
https://www.powertech-performance.com/blog/porsche-aufbereitung-erfurt-keramikversiegelung-zertifiziert/;https://www.powertech-performance.com/pages/cookie-einstellungen.html;Cookie-Einstellungen;Bestand: Seitenlink;Navigation;Spezialfahrzeuge;lokal auflösbar;;https://www.powertech-performance.com/pages/cookie-einstellungen.html;nein;umgesetzt;vorhanden, geprüft;ausstehend
https://www.powertech-performance.com/blog/porsche-aufbereitung-erfurt-keramikversiegelung-zertifiziert/;https://www.powertech-performance.com/pages/seitenuebersicht.html;Seitenübersicht;Bestand: Seitenlink;Navigation;Spezialfahrzeuge;lokal auflösbar;;https://www.powertech-performance.com/pages/seitenuebersicht.html;nein;umgesetzt;vorhanden, geprüft;ausstehend
https://www.powertech-performance.com/blog/porsche-aufbereitung-erfurt-keramikversiegelung-zertifiziert/;https://www.powertech-performance.com/pages/impressum.html;Impressum;Bestand: Seitenlink;Inhalt;Spezialfahrzeuge;lokal auflösbar;;https://www.powertech-performance.com/pages/impressum.html;nein;umgesetzt;vorhanden, geprüft;ausstehend
https://www.powertech-performance.com/blog/professionelle-cabrioverdeck-impraegnierung-und-reinigung/;https://www.powertech-performance.com/;Powertech Performance Logo;Bestand: Seitenlink;Header;Spezialfahrzeuge;lokal auflösbar;;https://www.powertech-performance.com/;nein;umgesetzt;vorhanden, geprüft;ausstehend
https://www.powertech-performance.com/blog/professionelle-cabrioverdeck-impraegnierung-und-reinigung/;https://www.powertech-performance.com/#leistungen;Autoaufbereitung;Bestand: Sprunglink;Navigation;Spezialfahrzeuge;lokal auflösbar;;https://www.powertech-performance.com/;nein;umgesetzt;vorhanden, geprüft;ausstehend
https://www.powertech-performance.com/blog/professionelle-cabrioverdeck-impraegnierung-und-reinigung/;https://www.powertech-performance.com/#standort;Standort & Kontakt;Bestand: Sprunglink;Navigation;Spezialfahrzeuge;lokal auflösbar;;https://www.powertech-performance.com/;nein;umgesetzt;neu oder gezielt geändert;ausstehend
https://www.powertech-performance.com/blog/professionelle-cabrioverdeck-impraegnierung-und-reinigung/;https://www.powertech-performance.com/blog/;Blog;Bestand: Seitenlink;Navigation;Spezialfahrzeuge;lokal auflösbar;;https://www.powertech-performance.com/blog/;nein;umgesetzt;vorhanden, geprüft;ausstehend
https://www.powertech-performance.com/blog/professionelle-cabrioverdeck-impraegnierung-und-reinigung/;https://www.powertech-performance.com/pages/kontakt.html;Kontakt;Bestand: Seitenlink;Navigation;Spezialfahrzeuge;lokal auflösbar;;https://www.powertech-performance.com/pages/kontakt.html;nein;umgesetzt;vorhanden, geprüft;ausstehend
https://www.powertech-performance.com/blog/professionelle-cabrioverdeck-impraegnierung-und-reinigung/;https://www.powertech-performance.com/pages/kontakt.html;Jetzt anfragen;Bestand: Seitenlink;Inhalt;Spezialfahrzeuge;lokal auflösbar;;https://www.powertech-performance.com/pages/kontakt.html;nein;umgesetzt;vorhanden, geprüft;ausstehend
https://www.powertech-performance.com/blog/professionelle-cabrioverdeck-impraegnierung-und-reinigung/;https://www.powertech-performance.com/;Startseite;Bestand: Seitenlink;Breadcrumb;Spezialfahrzeuge;lokal auflösbar;;https://www.powertech-performance.com/;nein;umgesetzt;neu oder gezielt geändert;ausstehend
https://www.powertech-performance.com/blog/professionelle-cabrioverdeck-impraegnierung-und-reinigung/;https://www.powertech-performance.com/blog/;Ratgeber;Bestand: Seitenlink;Breadcrumb;Spezialfahrzeuge;lokal auflösbar;;https://www.powertech-performance.com/blog/;nein;umgesetzt;neu oder gezielt geändert;ausstehend
https://www.powertech-performance.com/blog/professionelle-cabrioverdeck-impraegnierung-und-reinigung/;https://www.powertech-performance.com/pages/kontakt.html;Angebot anfordern;Bestand: Seitenlink;Inhalt;Spezialfahrzeuge;lokal auflösbar;;https://www.powertech-performance.com/pages/kontakt.html;nein;umgesetzt;vorhanden, geprüft;ausstehend
https://www.powertech-performance.com/blog/professionelle-cabrioverdeck-impraegnierung-und-reinigung/;https://www.powertech-performance.com/blog/flugzeugaufbereitung-innenreinigung-erfurt/;Flugzeugaufbereitung & Innenreinigung Erfurt;Bestand: Seitenlink;Inhalt;Spezialfahrzeuge;lokal auflösbar;;https://www.powertech-performance.com/blog/flugzeugaufbereitung-innenreinigung-erfurt/;nein;umgesetzt;neu oder gezielt geändert;ausstehend
https://www.powertech-performance.com/blog/professionelle-cabrioverdeck-impraegnierung-und-reinigung/;https://www.powertech-performance.com/#leistungen;Alle Leistungen ansehen;Bestand: Sprunglink;Sidebar;Spezialfahrzeuge;lokal auflösbar;;https://www.powertech-performance.com/;nein;umgesetzt;vorhanden, geprüft;ausstehend
https://www.powertech-performance.com/blog/professionelle-cabrioverdeck-impraegnierung-und-reinigung/;https://www.powertech-performance.com/pages/kontakt.html;Zur Kontaktseite;Bestand: Seitenlink;Sidebar;Spezialfahrzeuge;lokal auflösbar;;https://www.powertech-performance.com/pages/kontakt.html;nein;umgesetzt;vorhanden, geprüft;ausstehend
https://www.powertech-performance.com/blog/professionelle-cabrioverdeck-impraegnierung-und-reinigung/;https://www.powertech-performance.com/pages/impressum.html;Impressum;Bestand: Seitenlink;Navigation;Spezialfahrzeuge;lokal auflösbar;;https://www.powertech-performance.com/pages/impressum.html;nein;umgesetzt;vorhanden, geprüft;ausstehend
https://www.powertech-performance.com/blog/professionelle-cabrioverdeck-impraegnierung-und-reinigung/;https://www.powertech-performance.com/pages/datenschutz.html;Datenschutzerklärung;Bestand: Seitenlink;Navigation;Spezialfahrzeuge;lokal auflösbar;;https://www.powertech-performance.com/pages/datenschutz.html;nein;umgesetzt;vorhanden, geprüft;ausstehend
https://www.powertech-performance.com/blog/professionelle-cabrioverdeck-impraegnierung-und-reinigung/;https://www.powertech-performance.com/pages/cookie-einstellungen.html;Cookie-Einstellungen;Bestand: Seitenlink;Navigation;Spezialfahrzeuge;lokal auflösbar;;https://www.powertech-performance.com/pages/cookie-einstellungen.html;nein;umgesetzt;vorhanden, geprüft;ausstehend
https://www.powertech-performance.com/blog/professionelle-cabrioverdeck-impraegnierung-und-reinigung/;https://www.powertech-performance.com/pages/seitenuebersicht.html;Seitenübersicht;Bestand: Seitenlink;Navigation;Spezialfahrzeuge;lokal auflösbar;;https://www.powertech-performance.com/pages/seitenuebersicht.html;nein;umgesetzt;vorhanden, geprüft;ausstehend
https://www.powertech-performance.com/blog/professionelle-cabrioverdeck-impraegnierung-und-reinigung/;https://www.powertech-performance.com/pages/impressum.html;Impressum;Bestand: Seitenlink;Inhalt;Spezialfahrzeuge;lokal auflösbar;;https://www.powertech-performance.com/pages/impressum.html;nein;umgesetzt;vorhanden, geprüft;ausstehend
https://www.powertech-performance.com/blog/professionelle-innenreinigung-auto-in-der-naehe/;https://www.powertech-performance.com/;Powertech Performance Logo;Bestand: Seitenlink;Header;Innenraumreinigung;lokal auflösbar;;https://www.powertech-performance.com/;nein;umgesetzt;vorhanden, geprüft;ausstehend
https://www.powertech-performance.com/blog/professionelle-innenreinigung-auto-in-der-naehe/;https://www.powertech-performance.com/#leistungen;Autoaufbereitung;Bestand: Sprunglink;Navigation;Innenraumreinigung;lokal auflösbar;;https://www.powertech-performance.com/;nein;umgesetzt;vorhanden, geprüft;ausstehend
https://www.powertech-performance.com/blog/professionelle-innenreinigung-auto-in-der-naehe/;https://www.powertech-performance.com/#standort;Standort & Kontakt;Bestand: Sprunglink;Navigation;Innenraumreinigung;lokal auflösbar;;https://www.powertech-performance.com/;nein;umgesetzt;neu oder gezielt geändert;ausstehend
https://www.powertech-performance.com/blog/professionelle-innenreinigung-auto-in-der-naehe/;https://www.powertech-performance.com/blog/;Blog;Bestand: Seitenlink;Navigation;Innenraumreinigung;lokal auflösbar;;https://www.powertech-performance.com/blog/;nein;umgesetzt;vorhanden, geprüft;ausstehend
https://www.powertech-performance.com/blog/professionelle-innenreinigung-auto-in-der-naehe/;https://www.powertech-performance.com/pages/kontakt.html;Kontakt;Bestand: Seitenlink;Navigation;Innenraumreinigung;lokal auflösbar;;https://www.powertech-performance.com/pages/kontakt.html;nein;umgesetzt;vorhanden, geprüft;ausstehend
https://www.powertech-performance.com/blog/professionelle-innenreinigung-auto-in-der-naehe/;https://www.powertech-performance.com/pages/kontakt.html;Jetzt anfragen;Bestand: Seitenlink;Inhalt;Innenraumreinigung;lokal auflösbar;;https://www.powertech-performance.com/pages/kontakt.html;nein;umgesetzt;vorhanden, geprüft;ausstehend
https://www.powertech-performance.com/blog/professionelle-innenreinigung-auto-in-der-naehe/;https://www.powertech-performance.com/;Startseite;Bestand: Seitenlink;Breadcrumb;Innenraumreinigung;lokal auflösbar;;https://www.powertech-performance.com/;nein;umgesetzt;neu oder gezielt geändert;ausstehend
https://www.powertech-performance.com/blog/professionelle-innenreinigung-auto-in-der-naehe/;https://www.powertech-performance.com/blog/;Ratgeber;Bestand: Seitenlink;Breadcrumb;Innenraumreinigung;lokal auflösbar;;https://www.powertech-performance.com/blog/;nein;umgesetzt;neu oder gezielt geändert;ausstehend
https://www.powertech-performance.com/blog/professionelle-innenreinigung-auto-in-der-naehe/;https://www.powertech-performance.com/pages/kontakt.html;Zur Startseite von PowerTech Performance;Bestand: Seitenlink;Inhalt;Innenraumreinigung;lokal auflösbar;;https://www.powertech-performance.com/pages/kontakt.html;nein;umgesetzt;vorhanden, geprüft;ausstehend
https://www.powertech-performance.com/blog/professionelle-innenreinigung-auto-in-der-naehe/;https://www.powertech-performance.com/blog/innenreinigung-auto-in-der-naehe/;Innenraumreinigung in Erfurt;Bestand: Seitenlink;Inhalt;Innenraumreinigung;lokal auflösbar;;https://www.powertech-performance.com/blog/innenreinigung-auto-in-der-naehe/;nein;umgesetzt;neu oder gezielt geändert;ausstehend
https://www.powertech-performance.com/blog/professionelle-innenreinigung-auto-in-der-naehe/;https://www.powertech-performance.com/blog/was-kostet-eine-auto-reinigung/;Was kostet eine Auto Innenreinigung?;Bestand: Seitenlink;Inhalt;Innenraumreinigung;lokal auflösbar;;https://www.powertech-performance.com/blog/was-kostet-eine-auto-reinigung/;nein;umgesetzt;neu oder gezielt geändert;ausstehend
https://www.powertech-performance.com/blog/professionelle-innenreinigung-auto-in-der-naehe/;https://www.powertech-performance.com/#leistungen;Alle Leistungen ansehen;Bestand: Sprunglink;Sidebar;Innenraumreinigung;lokal auflösbar;;https://www.powertech-performance.com/;nein;umgesetzt;vorhanden, geprüft;ausstehend
https://www.powertech-performance.com/blog/professionelle-innenreinigung-auto-in-der-naehe/;https://www.powertech-performance.com/pages/kontakt.html;Zur Kontaktseite;Bestand: Seitenlink;Sidebar;Innenraumreinigung;lokal auflösbar;;https://www.powertech-performance.com/pages/kontakt.html;nein;umgesetzt;vorhanden, geprüft;ausstehend
https://www.powertech-performance.com/blog/professionelle-innenreinigung-auto-in-der-naehe/;https://www.powertech-performance.com/pages/impressum.html;Impressum;Bestand: Seitenlink;Navigation;Innenraumreinigung;lokal auflösbar;;https://www.powertech-performance.com/pages/impressum.html;nein;umgesetzt;vorhanden, geprüft;ausstehend
https://www.powertech-performance.com/blog/professionelle-innenreinigung-auto-in-der-naehe/;https://www.powertech-performance.com/pages/datenschutz.html;Datenschutzerklärung;Bestand: Seitenlink;Navigation;Innenraumreinigung;lokal auflösbar;;https://www.powertech-performance.com/pages/datenschutz.html;nein;umgesetzt;vorhanden, geprüft;ausstehend
https://www.powertech-performance.com/blog/professionelle-innenreinigung-auto-in-der-naehe/;https://www.powertech-performance.com/pages/cookie-einstellungen.html;Cookie-Einstellungen;Bestand: Seitenlink;Navigation;Innenraumreinigung;lokal auflösbar;;https://www.powertech-performance.com/pages/cookie-einstellungen.html;nein;umgesetzt;vorhanden, geprüft;ausstehend
https://www.powertech-performance.com/blog/professionelle-innenreinigung-auto-in-der-naehe/;https://www.powertech-performance.com/pages/seitenuebersicht.html;Seitenübersicht;Bestand: Seitenlink;Navigation;Innenraumreinigung;lokal auflösbar;;https://www.powertech-performance.com/pages/seitenuebersicht.html;nein;umgesetzt;vorhanden, geprüft;ausstehend
https://www.powertech-performance.com/blog/professionelle-innenreinigung-auto-in-der-naehe/;https://www.powertech-performance.com/pages/impressum.html;Impressum;Bestand: Seitenlink;Inhalt;Innenraumreinigung;lokal auflösbar;;https://www.powertech-performance.com/pages/impressum.html;nein;umgesetzt;vorhanden, geprüft;ausstehend
https://www.powertech-performance.com/blog/professionelle-keramikversiegelung-erfurt/;https://www.powertech-performance.com/;Powertech Performance Logo;Bestand: Seitenlink;Header;Keramikversiegelung;lokal auflösbar;;https://www.powertech-performance.com/;nein;umgesetzt;vorhanden, geprüft;ausstehend
https://www.powertech-performance.com/blog/professionelle-keramikversiegelung-erfurt/;https://www.powertech-performance.com/#leistungen;Autoaufbereitung;Bestand: Sprunglink;Navigation;Keramikversiegelung;lokal auflösbar;;https://www.powertech-performance.com/;nein;umgesetzt;vorhanden, geprüft;ausstehend
https://www.powertech-performance.com/blog/professionelle-keramikversiegelung-erfurt/;https://www.powertech-performance.com/#standort;Standort & Kontakt;Bestand: Sprunglink;Navigation;Keramikversiegelung;lokal auflösbar;;https://www.powertech-performance.com/;nein;umgesetzt;neu oder gezielt geändert;ausstehend
https://www.powertech-performance.com/blog/professionelle-keramikversiegelung-erfurt/;https://www.powertech-performance.com/blog/;Blog;Bestand: Seitenlink;Navigation;Keramikversiegelung;lokal auflösbar;;https://www.powertech-performance.com/blog/;nein;umgesetzt;vorhanden, geprüft;ausstehend
https://www.powertech-performance.com/blog/professionelle-keramikversiegelung-erfurt/;https://www.powertech-performance.com/pages/kontakt.html;Kontakt;Bestand: Seitenlink;Navigation;Keramikversiegelung;lokal auflösbar;;https://www.powertech-performance.com/pages/kontakt.html;nein;umgesetzt;vorhanden, geprüft;ausstehend
https://www.powertech-performance.com/blog/professionelle-keramikversiegelung-erfurt/;https://www.powertech-performance.com/pages/kontakt.html;Jetzt anfragen;Bestand: Seitenlink;Inhalt;Keramikversiegelung;lokal auflösbar;;https://www.powertech-performance.com/pages/kontakt.html;nein;umgesetzt;vorhanden, geprüft;ausstehend
https://www.powertech-performance.com/blog/professionelle-keramikversiegelung-erfurt/;https://www.powertech-performance.com/;Startseite;Bestand: Seitenlink;Breadcrumb;Keramikversiegelung;lokal auflösbar;;https://www.powertech-performance.com/;nein;umgesetzt;neu oder gezielt geändert;ausstehend
https://www.powertech-performance.com/blog/professionelle-keramikversiegelung-erfurt/;https://www.powertech-performance.com/blog/;Ratgeber;Bestand: Seitenlink;Breadcrumb;Keramikversiegelung;lokal auflösbar;;https://www.powertech-performance.com/blog/;nein;umgesetzt;neu oder gezielt geändert;ausstehend
https://www.powertech-performance.com/blog/professionelle-keramikversiegelung-erfurt/;https://www.powertech-performance.com/luxus-aufbereitung;Beratung zur Keramikversiegelung in Erfurt;Bestand: Seitenlink;Inhalt;Keramikversiegelung;lokal auflösbar;;https://www.powertech-performance.com/luxus-aufbereitung;nein;umgesetzt;neu oder gezielt geändert;ausstehend
https://www.powertech-performance.com/blog/professionelle-keramikversiegelung-erfurt/;https://www.powertech-performance.com/blog/haltbarkeit-keramikversiegelung-lackschutz/;Haltbarkeit der Versiegelung;Bestand: Seitenlink;Inhalt;Keramikversiegelung;lokal auflösbar;;https://www.powertech-performance.com/blog/haltbarkeit-keramikversiegelung-lackschutz/;nein;umgesetzt;neu oder gezielt geändert;ausstehend
https://www.powertech-performance.com/blog/professionelle-keramikversiegelung-erfurt/;https://www.powertech-performance.com/blog/profi-keramikversiegelung/;Keramikversiegelung: Vorbereitung und Verarbeitung;Bestand: Seitenlink;Inhalt;Keramikversiegelung;lokal auflösbar;;https://www.powertech-performance.com/blog/profi-keramikversiegelung/;nein;umgesetzt;neu oder gezielt geändert;ausstehend
https://www.powertech-performance.com/blog/professionelle-keramikversiegelung-erfurt/;https://www.powertech-performance.com/#leistungen;Alle Leistungen ansehen;Bestand: Sprunglink;Sidebar;Keramikversiegelung;lokal auflösbar;;https://www.powertech-performance.com/;nein;umgesetzt;vorhanden, geprüft;ausstehend
https://www.powertech-performance.com/blog/professionelle-keramikversiegelung-erfurt/;https://www.powertech-performance.com/pages/kontakt.html;Zur Kontaktseite;Bestand: Seitenlink;Sidebar;Keramikversiegelung;lokal auflösbar;;https://www.powertech-performance.com/pages/kontakt.html;nein;umgesetzt;vorhanden, geprüft;ausstehend
https://www.powertech-performance.com/blog/professionelle-keramikversiegelung-erfurt/;https://www.powertech-performance.com/pages/impressum.html;Impressum;Bestand: Seitenlink;Navigation;Keramikversiegelung;lokal auflösbar;;https://www.powertech-performance.com/pages/impressum.html;nein;umgesetzt;vorhanden, geprüft;ausstehend
https://www.powertech-performance.com/blog/professionelle-keramikversiegelung-erfurt/;https://www.powertech-performance.com/pages/datenschutz.html;Datenschutzerklärung;Bestand: Seitenlink;Navigation;Keramikversiegelung;lokal auflösbar;;https://www.powertech-performance.com/pages/datenschutz.html;nein;umgesetzt;vorhanden, geprüft;ausstehend
https://www.powertech-performance.com/blog/professionelle-keramikversiegelung-erfurt/;https://www.powertech-performance.com/pages/cookie-einstellungen.html;Cookie-Einstellungen;Bestand: Seitenlink;Navigation;Keramikversiegelung;lokal auflösbar;;https://www.powertech-performance.com/pages/cookie-einstellungen.html;nein;umgesetzt;vorhanden, geprüft;ausstehend
https://www.powertech-performance.com/blog/professionelle-keramikversiegelung-erfurt/;https://www.powertech-performance.com/pages/seitenuebersicht.html;Seitenübersicht;Bestand: Seitenlink;Navigation;Keramikversiegelung;lokal auflösbar;;https://www.powertech-performance.com/pages/seitenuebersicht.html;nein;umgesetzt;vorhanden, geprüft;ausstehend
https://www.powertech-performance.com/blog/professionelle-keramikversiegelung-erfurt/;https://www.powertech-performance.com/pages/impressum.html;Impressum;Bestand: Seitenlink;Inhalt;Keramikversiegelung;lokal auflösbar;;https://www.powertech-performance.com/pages/impressum.html;nein;umgesetzt;vorhanden, geprüft;ausstehend
https://www.powertech-performance.com/blog/profi-keramikversiegelung/;https://www.powertech-performance.com/;Powertech Performance Logo;Bestand: Seitenlink;Header;Keramikversiegelung;lokal auflösbar;;https://www.powertech-performance.com/;nein;umgesetzt;vorhanden, geprüft;ausstehend
https://www.powertech-performance.com/blog/profi-keramikversiegelung/;https://www.powertech-performance.com/#leistungen;Autoaufbereitung;Bestand: Sprunglink;Navigation;Keramikversiegelung;lokal auflösbar;;https://www.powertech-performance.com/;nein;umgesetzt;vorhanden, geprüft;ausstehend
https://www.powertech-performance.com/blog/profi-keramikversiegelung/;https://www.powertech-performance.com/#standort;Standort & Kontakt;Bestand: Sprunglink;Navigation;Keramikversiegelung;lokal auflösbar;;https://www.powertech-performance.com/;nein;umgesetzt;neu oder gezielt geändert;ausstehend
https://www.powertech-performance.com/blog/profi-keramikversiegelung/;https://www.powertech-performance.com/blog/;Blog;Bestand: Seitenlink;Navigation;Keramikversiegelung;lokal auflösbar;;https://www.powertech-performance.com/blog/;nein;umgesetzt;vorhanden, geprüft;ausstehend
https://www.powertech-performance.com/blog/profi-keramikversiegelung/;https://www.powertech-performance.com/pages/kontakt.html;Kontakt;Bestand: Seitenlink;Navigation;Keramikversiegelung;lokal auflösbar;;https://www.powertech-performance.com/pages/kontakt.html;nein;umgesetzt;vorhanden, geprüft;ausstehend
https://www.powertech-performance.com/blog/profi-keramikversiegelung/;https://www.powertech-performance.com/pages/kontakt.html;Jetzt anfragen;Bestand: Seitenlink;Inhalt;Keramikversiegelung;lokal auflösbar;;https://www.powertech-performance.com/pages/kontakt.html;nein;umgesetzt;vorhanden, geprüft;ausstehend
https://www.powertech-performance.com/blog/profi-keramikversiegelung/;https://www.powertech-performance.com/;Startseite;Bestand: Seitenlink;Breadcrumb;Keramikversiegelung;lokal auflösbar;;https://www.powertech-performance.com/;nein;umgesetzt;neu oder gezielt geändert;ausstehend
https://www.powertech-performance.com/blog/profi-keramikversiegelung/;https://www.powertech-performance.com/blog/;Ratgeber;Bestand: Seitenlink;Breadcrumb;Keramikversiegelung;lokal auflösbar;;https://www.powertech-performance.com/blog/;nein;umgesetzt;neu oder gezielt geändert;ausstehend
https://www.powertech-performance.com/blog/profi-keramikversiegelung/;https://www.powertech-performance.com/;www.powertech-performance.com;Bestand: Seitenlink;Inhalt;Keramikversiegelung;lokal auflösbar;;https://www.powertech-performance.com/;nein;umgesetzt;vorhanden, geprüft;ausstehend
https://www.powertech-performance.com/blog/profi-keramikversiegelung/;https://www.powertech-performance.com/luxus-aufbereitung;Beratung zur Keramikversiegelung in Erfurt;Bestand: Seitenlink;Inhalt;Keramikversiegelung;lokal auflösbar;;https://www.powertech-performance.com/luxus-aufbereitung;nein;umgesetzt;neu oder gezielt geändert;ausstehend
https://www.powertech-performance.com/blog/profi-keramikversiegelung/;https://www.powertech-performance.com/blog/haltbarkeit-keramikversiegelung-lackschutz/;Haltbarkeit der Versiegelung;Bestand: Seitenlink;Inhalt;Keramikversiegelung;lokal auflösbar;;https://www.powertech-performance.com/blog/haltbarkeit-keramikversiegelung-lackschutz/;nein;umgesetzt;neu oder gezielt geändert;ausstehend
https://www.powertech-performance.com/blog/profi-keramikversiegelung/;https://www.powertech-performance.com/blog/audi-r8-aufbereitung-erfurt-keramikversiegelung/;Audi R8 Aufbereitung in Erfurt: High-End-Pflege & Werterhalt auf höchstem Niveau;Bestand: Seitenlink;Inhalt;Keramikversiegelung;lokal auflösbar;;https://www.powertech-performance.com/blog/audi-r8-aufbereitung-erfurt-keramikversiegelung/;nein;umgesetzt;neu oder gezielt geändert;ausstehend
https://www.powertech-performance.com/blog/profi-keramikversiegelung/;https://www.powertech-performance.com/#leistungen;Alle Leistungen ansehen;Bestand: Sprunglink;Sidebar;Keramikversiegelung;lokal auflösbar;;https://www.powertech-performance.com/;nein;umgesetzt;vorhanden, geprüft;ausstehend
https://www.powertech-performance.com/blog/profi-keramikversiegelung/;https://www.powertech-performance.com/pages/kontakt.html;Zur Kontaktseite;Bestand: Seitenlink;Sidebar;Keramikversiegelung;lokal auflösbar;;https://www.powertech-performance.com/pages/kontakt.html;nein;umgesetzt;vorhanden, geprüft;ausstehend
https://www.powertech-performance.com/blog/profi-keramikversiegelung/;https://www.powertech-performance.com/pages/impressum.html;Impressum;Bestand: Seitenlink;Navigation;Keramikversiegelung;lokal auflösbar;;https://www.powertech-performance.com/pages/impressum.html;nein;umgesetzt;vorhanden, geprüft;ausstehend
https://www.powertech-performance.com/blog/profi-keramikversiegelung/;https://www.powertech-performance.com/pages/datenschutz.html;Datenschutzerklärung;Bestand: Seitenlink;Navigation;Keramikversiegelung;lokal auflösbar;;https://www.powertech-performance.com/pages/datenschutz.html;nein;umgesetzt;vorhanden, geprüft;ausstehend
https://www.powertech-performance.com/blog/profi-keramikversiegelung/;https://www.powertech-performance.com/pages/cookie-einstellungen.html;Cookie-Einstellungen;Bestand: Seitenlink;Navigation;Keramikversiegelung;lokal auflösbar;;https://www.powertech-performance.com/pages/cookie-einstellungen.html;nein;umgesetzt;vorhanden, geprüft;ausstehend
https://www.powertech-performance.com/blog/profi-keramikversiegelung/;https://www.powertech-performance.com/pages/seitenuebersicht.html;Seitenübersicht;Bestand: Seitenlink;Navigation;Keramikversiegelung;lokal auflösbar;;https://www.powertech-performance.com/pages/seitenuebersicht.html;nein;umgesetzt;vorhanden, geprüft;ausstehend
https://www.powertech-performance.com/blog/profi-keramikversiegelung/;https://www.powertech-performance.com/pages/impressum.html;Impressum;Bestand: Seitenlink;Inhalt;Keramikversiegelung;lokal auflösbar;;https://www.powertech-performance.com/pages/impressum.html;nein;umgesetzt;vorhanden, geprüft;ausstehend
https://www.powertech-performance.com/blog/softwareoptimierung-dpf-off-erfurt/;https://www.powertech-performance.com/;Powertech Performance Logo;Bestand: Seitenlink;Header;AdBlue / SCR / DPF;lokal auflösbar;;https://www.powertech-performance.com/;nein;umgesetzt;vorhanden, geprüft;ausstehend
https://www.powertech-performance.com/blog/softwareoptimierung-dpf-off-erfurt/;https://www.powertech-performance.com/#leistungen;Autoaufbereitung;Bestand: Sprunglink;Navigation;AdBlue / SCR / DPF;lokal auflösbar;;https://www.powertech-performance.com/;nein;umgesetzt;vorhanden, geprüft;ausstehend
https://www.powertech-performance.com/blog/softwareoptimierung-dpf-off-erfurt/;https://www.powertech-performance.com/#standort;Standort & Kontakt;Bestand: Sprunglink;Navigation;AdBlue / SCR / DPF;lokal auflösbar;;https://www.powertech-performance.com/;nein;umgesetzt;neu oder gezielt geändert;ausstehend
https://www.powertech-performance.com/blog/softwareoptimierung-dpf-off-erfurt/;https://www.powertech-performance.com/blog/;Blog;Bestand: Seitenlink;Navigation;AdBlue / SCR / DPF;lokal auflösbar;;https://www.powertech-performance.com/blog/;nein;umgesetzt;vorhanden, geprüft;ausstehend
https://www.powertech-performance.com/blog/softwareoptimierung-dpf-off-erfurt/;https://www.powertech-performance.com/pages/kontakt.html;Kontakt;Bestand: Seitenlink;Navigation;AdBlue / SCR / DPF;lokal auflösbar;;https://www.powertech-performance.com/pages/kontakt.html;nein;umgesetzt;vorhanden, geprüft;ausstehend
https://www.powertech-performance.com/blog/softwareoptimierung-dpf-off-erfurt/;https://www.powertech-performance.com/pages/kontakt.html;Jetzt anfragen;Bestand: Seitenlink;Inhalt;AdBlue / SCR / DPF;lokal auflösbar;;https://www.powertech-performance.com/pages/kontakt.html;nein;umgesetzt;vorhanden, geprüft;ausstehend
https://www.powertech-performance.com/blog/softwareoptimierung-dpf-off-erfurt/;https://www.powertech-performance.com/;Startseite;Bestand: Seitenlink;Breadcrumb;AdBlue / SCR / DPF;lokal auflösbar;;https://www.powertech-performance.com/;nein;umgesetzt;neu oder gezielt geändert;ausstehend
https://www.powertech-performance.com/blog/softwareoptimierung-dpf-off-erfurt/;https://www.powertech-performance.com/blog/;Ratgeber;Bestand: Seitenlink;Breadcrumb;AdBlue / SCR / DPF;lokal auflösbar;;https://www.powertech-performance.com/blog/;nein;umgesetzt;neu oder gezielt geändert;ausstehend
https://www.powertech-performance.com/blog/softwareoptimierung-dpf-off-erfurt/;https://www.powertech-performance.com/blog/softwareoptimierung-erfurt/;Softwareoptimierung: Fragen vor einer Änderung;Bestand: Seitenlink;Inhalt;AdBlue / SCR / DPF;lokal auflösbar;;https://www.powertech-performance.com/blog/softwareoptimierung-erfurt/;nein;umgesetzt;neu oder gezielt geändert;ausstehend
https://www.powertech-performance.com/blog/softwareoptimierung-dpf-off-erfurt/;https://www.powertech-performance.com/#leistungen;Alle Leistungen ansehen;Bestand: Sprunglink;Sidebar;AdBlue / SCR / DPF;lokal auflösbar;;https://www.powertech-performance.com/;nein;umgesetzt;vorhanden, geprüft;ausstehend
https://www.powertech-performance.com/blog/softwareoptimierung-dpf-off-erfurt/;https://www.powertech-performance.com/pages/kontakt.html;Zur Kontaktseite;Bestand: Seitenlink;Sidebar;AdBlue / SCR / DPF;lokal auflösbar;;https://www.powertech-performance.com/pages/kontakt.html;nein;umgesetzt;vorhanden, geprüft;ausstehend
https://www.powertech-performance.com/blog/softwareoptimierung-dpf-off-erfurt/;https://www.powertech-performance.com/pages/impressum.html;Impressum;Bestand: Seitenlink;Navigation;AdBlue / SCR / DPF;lokal auflösbar;;https://www.powertech-performance.com/pages/impressum.html;nein;umgesetzt;vorhanden, geprüft;ausstehend
https://www.powertech-performance.com/blog/softwareoptimierung-dpf-off-erfurt/;https://www.powertech-performance.com/pages/datenschutz.html;Datenschutzerklärung;Bestand: Seitenlink;Navigation;AdBlue / SCR / DPF;lokal auflösbar;;https://www.powertech-performance.com/pages/datenschutz.html;nein;umgesetzt;vorhanden, geprüft;ausstehend
https://www.powertech-performance.com/blog/softwareoptimierung-dpf-off-erfurt/;https://www.powertech-performance.com/pages/cookie-einstellungen.html;Cookie-Einstellungen;Bestand: Seitenlink;Navigation;AdBlue / SCR / DPF;lokal auflösbar;;https://www.powertech-performance.com/pages/cookie-einstellungen.html;nein;umgesetzt;vorhanden, geprüft;ausstehend
https://www.powertech-performance.com/blog/softwareoptimierung-dpf-off-erfurt/;https://www.powertech-performance.com/pages/seitenuebersicht.html;Seitenübersicht;Bestand: Seitenlink;Navigation;AdBlue / SCR / DPF;lokal auflösbar;;https://www.powertech-performance.com/pages/seitenuebersicht.html;nein;umgesetzt;vorhanden, geprüft;ausstehend
https://www.powertech-performance.com/blog/softwareoptimierung-dpf-off-erfurt/;https://www.powertech-performance.com/pages/impressum.html;Impressum;Bestand: Seitenlink;Inhalt;AdBlue / SCR / DPF;lokal auflösbar;;https://www.powertech-performance.com/pages/impressum.html;nein;umgesetzt;vorhanden, geprüft;ausstehend
https://www.powertech-performance.com/blog/softwareoptimierung-erfurt/;https://www.powertech-performance.com/;Powertech Performance Logo;Bestand: Seitenlink;Header;Chiptuning;lokal auflösbar;;https://www.powertech-performance.com/;nein;umgesetzt;vorhanden, geprüft;ausstehend
https://www.powertech-performance.com/blog/softwareoptimierung-erfurt/;https://www.powertech-performance.com/#leistungen;Autoaufbereitung;Bestand: Sprunglink;Navigation;Chiptuning;lokal auflösbar;;https://www.powertech-performance.com/;nein;umgesetzt;vorhanden, geprüft;ausstehend
https://www.powertech-performance.com/blog/softwareoptimierung-erfurt/;https://www.powertech-performance.com/#standort;Standort & Kontakt;Bestand: Sprunglink;Navigation;Chiptuning;lokal auflösbar;;https://www.powertech-performance.com/;nein;umgesetzt;neu oder gezielt geändert;ausstehend
https://www.powertech-performance.com/blog/softwareoptimierung-erfurt/;https://www.powertech-performance.com/blog/;Blog;Bestand: Seitenlink;Navigation;Chiptuning;lokal auflösbar;;https://www.powertech-performance.com/blog/;nein;umgesetzt;vorhanden, geprüft;ausstehend
https://www.powertech-performance.com/blog/softwareoptimierung-erfurt/;https://www.powertech-performance.com/pages/kontakt.html;Kontakt;Bestand: Seitenlink;Navigation;Chiptuning;lokal auflösbar;;https://www.powertech-performance.com/pages/kontakt.html;nein;umgesetzt;vorhanden, geprüft;ausstehend
https://www.powertech-performance.com/blog/softwareoptimierung-erfurt/;https://www.powertech-performance.com/pages/kontakt.html;Jetzt anfragen;Bestand: Seitenlink;Inhalt;Chiptuning;lokal auflösbar;;https://www.powertech-performance.com/pages/kontakt.html;nein;umgesetzt;vorhanden, geprüft;ausstehend
https://www.powertech-performance.com/blog/softwareoptimierung-erfurt/;https://www.powertech-performance.com/;Startseite;Bestand: Seitenlink;Breadcrumb;Chiptuning;lokal auflösbar;;https://www.powertech-performance.com/;nein;umgesetzt;neu oder gezielt geändert;ausstehend
https://www.powertech-performance.com/blog/softwareoptimierung-erfurt/;https://www.powertech-performance.com/blog/;Ratgeber;Bestand: Seitenlink;Breadcrumb;Chiptuning;lokal auflösbar;;https://www.powertech-performance.com/blog/;nein;umgesetzt;neu oder gezielt geändert;ausstehend
https://www.powertech-performance.com/blog/softwareoptimierung-erfurt/;https://www.powertech-performance.com/pages/kontakt.html;Jetzt Besichtigungstermin buchen;Bestand: Seitenlink;Inhalt;Chiptuning;lokal auflösbar;;https://www.powertech-performance.com/pages/kontakt.html;nein;umgesetzt;vorhanden, geprüft;ausstehend
https://www.powertech-performance.com/blog/softwareoptimierung-erfurt/;https://www.powertech-performance.com/chiptuning;Chiptuning-Beratung in Erfurt;Bestand: Seitenlink;Inhalt;Chiptuning;lokal auflösbar;;https://www.powertech-performance.com/chiptuning;nein;umgesetzt;neu oder gezielt geändert;ausstehend
https://www.powertech-performance.com/blog/softwareoptimierung-erfurt/;https://www.powertech-performance.com/blog/wie-lange-dauert-adblue-off/;AdBlue-Probleme: Ablauf und Zeitbedarf klären;Bestand: Seitenlink;Inhalt;Chiptuning;lokal auflösbar;;https://www.powertech-performance.com/blog/wie-lange-dauert-adblue-off/;nein;umgesetzt;neu oder gezielt geändert;ausstehend
https://www.powertech-performance.com/blog/softwareoptimierung-erfurt/;https://www.powertech-performance.com/#leistungen;Alle Leistungen ansehen;Bestand: Sprunglink;Sidebar;Chiptuning;lokal auflösbar;;https://www.powertech-performance.com/;nein;umgesetzt;vorhanden, geprüft;ausstehend
https://www.powertech-performance.com/blog/softwareoptimierung-erfurt/;https://www.powertech-performance.com/pages/kontakt.html;Zur Kontaktseite;Bestand: Seitenlink;Sidebar;Chiptuning;lokal auflösbar;;https://www.powertech-performance.com/pages/kontakt.html;nein;umgesetzt;vorhanden, geprüft;ausstehend
https://www.powertech-performance.com/blog/softwareoptimierung-erfurt/;https://www.powertech-performance.com/pages/impressum.html;Impressum;Bestand: Seitenlink;Navigation;Chiptuning;lokal auflösbar;;https://www.powertech-performance.com/pages/impressum.html;nein;umgesetzt;vorhanden, geprüft;ausstehend
https://www.powertech-performance.com/blog/softwareoptimierung-erfurt/;https://www.powertech-performance.com/pages/datenschutz.html;Datenschutzerklärung;Bestand: Seitenlink;Navigation;Chiptuning;lokal auflösbar;;https://www.powertech-performance.com/pages/datenschutz.html;nein;umgesetzt;vorhanden, geprüft;ausstehend
https://www.powertech-performance.com/blog/softwareoptimierung-erfurt/;https://www.powertech-performance.com/pages/cookie-einstellungen.html;Cookie-Einstellungen;Bestand: Seitenlink;Navigation;Chiptuning;lokal auflösbar;;https://www.powertech-performance.com/pages/cookie-einstellungen.html;nein;umgesetzt;vorhanden, geprüft;ausstehend
https://www.powertech-performance.com/blog/softwareoptimierung-erfurt/;https://www.powertech-performance.com/pages/seitenuebersicht.html;Seitenübersicht;Bestand: Seitenlink;Navigation;Chiptuning;lokal auflösbar;;https://www.powertech-performance.com/pages/seitenuebersicht.html;nein;umgesetzt;vorhanden, geprüft;ausstehend
https://www.powertech-performance.com/blog/softwareoptimierung-erfurt/;https://www.powertech-performance.com/pages/impressum.html;Impressum;Bestand: Seitenlink;Inhalt;Chiptuning;lokal auflösbar;;https://www.powertech-performance.com/pages/impressum.html;nein;umgesetzt;vorhanden, geprüft;ausstehend
https://www.powertech-performance.com/blog/was-kostet-eine-auto-reinigung/;https://www.powertech-performance.com/;Powertech Performance Logo;Bestand: Seitenlink;Header;Innenraumreinigung;lokal auflösbar;;https://www.powertech-performance.com/;nein;umgesetzt;vorhanden, geprüft;ausstehend
https://www.powertech-performance.com/blog/was-kostet-eine-auto-reinigung/;https://www.powertech-performance.com/#leistungen;Autoaufbereitung;Bestand: Sprunglink;Navigation;Innenraumreinigung;lokal auflösbar;;https://www.powertech-performance.com/;nein;umgesetzt;vorhanden, geprüft;ausstehend
https://www.powertech-performance.com/blog/was-kostet-eine-auto-reinigung/;https://www.powertech-performance.com/#standort;Standort & Kontakt;Bestand: Sprunglink;Navigation;Innenraumreinigung;lokal auflösbar;;https://www.powertech-performance.com/;nein;umgesetzt;neu oder gezielt geändert;ausstehend
https://www.powertech-performance.com/blog/was-kostet-eine-auto-reinigung/;https://www.powertech-performance.com/blog/;Blog;Bestand: Seitenlink;Navigation;Innenraumreinigung;lokal auflösbar;;https://www.powertech-performance.com/blog/;nein;umgesetzt;vorhanden, geprüft;ausstehend
https://www.powertech-performance.com/blog/was-kostet-eine-auto-reinigung/;https://www.powertech-performance.com/pages/kontakt.html;Kontakt;Bestand: Seitenlink;Navigation;Innenraumreinigung;lokal auflösbar;;https://www.powertech-performance.com/pages/kontakt.html;nein;umgesetzt;vorhanden, geprüft;ausstehend
https://www.powertech-performance.com/blog/was-kostet-eine-auto-reinigung/;https://www.powertech-performance.com/pages/kontakt.html;Jetzt anfragen;Bestand: Seitenlink;Inhalt;Innenraumreinigung;lokal auflösbar;;https://www.powertech-performance.com/pages/kontakt.html;nein;umgesetzt;vorhanden, geprüft;ausstehend
https://www.powertech-performance.com/blog/was-kostet-eine-auto-reinigung/;https://www.powertech-performance.com/;Startseite;Bestand: Seitenlink;Breadcrumb;Innenraumreinigung;lokal auflösbar;;https://www.powertech-performance.com/;nein;umgesetzt;neu oder gezielt geändert;ausstehend
https://www.powertech-performance.com/blog/was-kostet-eine-auto-reinigung/;https://www.powertech-performance.com/blog/;Ratgeber;Bestand: Seitenlink;Breadcrumb;Innenraumreinigung;lokal auflösbar;;https://www.powertech-performance.com/blog/;nein;umgesetzt;neu oder gezielt geändert;ausstehend
https://www.powertech-performance.com/blog/was-kostet-eine-auto-reinigung/;https://www.powertech-performance.com/blog/innenreinigung-auto-in-der-naehe/;Innenraumreinigung anfragen;Bestand: Seitenlink;Inhalt;Innenraumreinigung;lokal auflösbar;;https://www.powertech-performance.com/blog/innenreinigung-auto-in-der-naehe/;nein;umgesetzt;neu oder gezielt geändert;ausstehend
https://www.powertech-performance.com/blog/was-kostet-eine-auto-reinigung/;https://www.powertech-performance.com/blog/aufbereiter-vs-detailer-unterschied/;Aufbereiter vs. Detailer: Wo liegt der wahre Unterschied für Ihr Fahrzeug?;Bestand: Seitenlink;Inhalt;Innenraumreinigung;lokal auflösbar;;https://www.powertech-performance.com/blog/aufbereiter-vs-detailer-unterschied/;nein;umgesetzt;neu oder gezielt geändert;ausstehend
https://www.powertech-performance.com/blog/was-kostet-eine-auto-reinigung/;https://www.powertech-performance.com/#leistungen;Alle Leistungen ansehen;Bestand: Sprunglink;Sidebar;Innenraumreinigung;lokal auflösbar;;https://www.powertech-performance.com/;nein;umgesetzt;vorhanden, geprüft;ausstehend
https://www.powertech-performance.com/blog/was-kostet-eine-auto-reinigung/;https://www.powertech-performance.com/pages/kontakt.html;Zur Kontaktseite;Bestand: Seitenlink;Sidebar;Innenraumreinigung;lokal auflösbar;;https://www.powertech-performance.com/pages/kontakt.html;nein;umgesetzt;vorhanden, geprüft;ausstehend
https://www.powertech-performance.com/blog/was-kostet-eine-auto-reinigung/;https://www.powertech-performance.com/pages/impressum.html;Impressum;Bestand: Seitenlink;Navigation;Innenraumreinigung;lokal auflösbar;;https://www.powertech-performance.com/pages/impressum.html;nein;umgesetzt;vorhanden, geprüft;ausstehend
https://www.powertech-performance.com/blog/was-kostet-eine-auto-reinigung/;https://www.powertech-performance.com/pages/datenschutz.html;Datenschutzerklärung;Bestand: Seitenlink;Navigation;Innenraumreinigung;lokal auflösbar;;https://www.powertech-performance.com/pages/datenschutz.html;nein;umgesetzt;vorhanden, geprüft;ausstehend
https://www.powertech-performance.com/blog/was-kostet-eine-auto-reinigung/;https://www.powertech-performance.com/pages/cookie-einstellungen.html;Cookie-Einstellungen;Bestand: Seitenlink;Navigation;Innenraumreinigung;lokal auflösbar;;https://www.powertech-performance.com/pages/cookie-einstellungen.html;nein;umgesetzt;vorhanden, geprüft;ausstehend
https://www.powertech-performance.com/blog/was-kostet-eine-auto-reinigung/;https://www.powertech-performance.com/pages/seitenuebersicht.html;Seitenübersicht;Bestand: Seitenlink;Navigation;Innenraumreinigung;lokal auflösbar;;https://www.powertech-performance.com/pages/seitenuebersicht.html;nein;umgesetzt;vorhanden, geprüft;ausstehend
https://www.powertech-performance.com/blog/was-kostet-eine-auto-reinigung/;https://www.powertech-performance.com/pages/impressum.html;Impressum;Bestand: Seitenlink;Inhalt;Innenraumreinigung;lokal auflösbar;;https://www.powertech-performance.com/pages/impressum.html;nein;umgesetzt;vorhanden, geprüft;ausstehend
https://www.powertech-performance.com/blog/wie-lange-dauert-adblue-off/;https://www.powertech-performance.com/;Powertech Performance Logo;Bestand: Seitenlink;Header;AdBlue / SCR / DPF;lokal auflösbar;;https://www.powertech-performance.com/;nein;umgesetzt;vorhanden, geprüft;ausstehend
https://www.powertech-performance.com/blog/wie-lange-dauert-adblue-off/;https://www.powertech-performance.com/#leistungen;Autoaufbereitung;Bestand: Sprunglink;Navigation;AdBlue / SCR / DPF;lokal auflösbar;;https://www.powertech-performance.com/;nein;umgesetzt;vorhanden, geprüft;ausstehend
https://www.powertech-performance.com/blog/wie-lange-dauert-adblue-off/;https://www.powertech-performance.com/#standort;Standort & Kontakt;Bestand: Sprunglink;Navigation;AdBlue / SCR / DPF;lokal auflösbar;;https://www.powertech-performance.com/;nein;umgesetzt;neu oder gezielt geändert;ausstehend
https://www.powertech-performance.com/blog/wie-lange-dauert-adblue-off/;https://www.powertech-performance.com/blog/;Blog;Bestand: Seitenlink;Navigation;AdBlue / SCR / DPF;lokal auflösbar;;https://www.powertech-performance.com/blog/;nein;umgesetzt;vorhanden, geprüft;ausstehend
https://www.powertech-performance.com/blog/wie-lange-dauert-adblue-off/;https://www.powertech-performance.com/pages/kontakt.html;Kontakt;Bestand: Seitenlink;Navigation;AdBlue / SCR / DPF;lokal auflösbar;;https://www.powertech-performance.com/pages/kontakt.html;nein;umgesetzt;vorhanden, geprüft;ausstehend
https://www.powertech-performance.com/blog/wie-lange-dauert-adblue-off/;https://www.powertech-performance.com/pages/kontakt.html;Jetzt anfragen;Bestand: Seitenlink;Inhalt;AdBlue / SCR / DPF;lokal auflösbar;;https://www.powertech-performance.com/pages/kontakt.html;nein;umgesetzt;vorhanden, geprüft;ausstehend
https://www.powertech-performance.com/blog/wie-lange-dauert-adblue-off/;https://www.powertech-performance.com/;Startseite;Bestand: Seitenlink;Breadcrumb;AdBlue / SCR / DPF;lokal auflösbar;;https://www.powertech-performance.com/;nein;umgesetzt;neu oder gezielt geändert;ausstehend
https://www.powertech-performance.com/blog/wie-lange-dauert-adblue-off/;https://www.powertech-performance.com/blog/;Ratgeber;Bestand: Seitenlink;Breadcrumb;AdBlue / SCR / DPF;lokal auflösbar;;https://www.powertech-performance.com/blog/;nein;umgesetzt;neu oder gezielt geändert;ausstehend
https://www.powertech-performance.com/blog/wie-lange-dauert-adblue-off/;https://www.powertech-performance.com/blog/adblue-deaktivierung/;Prüfung einer AdBlue-Rückrüstung;Bestand: Seitenlink;Inhalt;AdBlue / SCR / DPF;lokal auflösbar;;https://www.powertech-performance.com/blog/adblue-deaktivierung/;nein;umgesetzt;neu oder gezielt geändert;ausstehend
https://www.powertech-performance.com/blog/wie-lange-dauert-adblue-off/;https://www.powertech-performance.com/pages/kontakt.html;Kontaktseite;Bestand: Seitenlink;Inhalt;AdBlue / SCR / DPF;lokal auflösbar;;https://www.powertech-performance.com/pages/kontakt.html;nein;umgesetzt;neu oder gezielt geändert;ausstehend
https://www.powertech-performance.com/blog/wie-lange-dauert-adblue-off/;https://www.powertech-performance.com/adblue-service;AdBlue-Service in Erfurt;Bestand: Seitenlink;Inhalt;AdBlue / SCR / DPF;lokal auflösbar;;https://www.powertech-performance.com/adblue-service;nein;umgesetzt;neu oder gezielt geändert;ausstehend
https://www.powertech-performance.com/blog/wie-lange-dauert-adblue-off/;https://www.powertech-performance.com/blog/adblue-deaktivieren-vor-nachteile-wahrheit/;AdBlue deaktivieren: Risiken, Grenzen und Alternativen;Bestand: Seitenlink;Inhalt;AdBlue / SCR / DPF;lokal auflösbar;;https://www.powertech-performance.com/blog/adblue-deaktivieren-vor-nachteile-wahrheit/;nein;umgesetzt;neu oder gezielt geändert;ausstehend
https://www.powertech-performance.com/blog/wie-lange-dauert-adblue-off/;https://www.powertech-performance.com/#leistungen;Alle Leistungen ansehen;Bestand: Sprunglink;Sidebar;AdBlue / SCR / DPF;lokal auflösbar;;https://www.powertech-performance.com/;nein;umgesetzt;vorhanden, geprüft;ausstehend
https://www.powertech-performance.com/blog/wie-lange-dauert-adblue-off/;https://www.powertech-performance.com/pages/kontakt.html;Zur Kontaktseite;Bestand: Seitenlink;Sidebar;AdBlue / SCR / DPF;lokal auflösbar;;https://www.powertech-performance.com/pages/kontakt.html;nein;umgesetzt;vorhanden, geprüft;ausstehend
https://www.powertech-performance.com/blog/wie-lange-dauert-adblue-off/;https://www.powertech-performance.com/pages/impressum.html;Impressum;Bestand: Seitenlink;Navigation;AdBlue / SCR / DPF;lokal auflösbar;;https://www.powertech-performance.com/pages/impressum.html;nein;umgesetzt;vorhanden, geprüft;ausstehend
https://www.powertech-performance.com/blog/wie-lange-dauert-adblue-off/;https://www.powertech-performance.com/pages/datenschutz.html;Datenschutzerklärung;Bestand: Seitenlink;Navigation;AdBlue / SCR / DPF;lokal auflösbar;;https://www.powertech-performance.com/pages/datenschutz.html;nein;umgesetzt;vorhanden, geprüft;ausstehend
https://www.powertech-performance.com/blog/wie-lange-dauert-adblue-off/;https://www.powertech-performance.com/pages/cookie-einstellungen.html;Cookie-Einstellungen;Bestand: Seitenlink;Navigation;AdBlue / SCR / DPF;lokal auflösbar;;https://www.powertech-performance.com/pages/cookie-einstellungen.html;nein;umgesetzt;vorhanden, geprüft;ausstehend
https://www.powertech-performance.com/blog/wie-lange-dauert-adblue-off/;https://www.powertech-performance.com/pages/seitenuebersicht.html;Seitenübersicht;Bestand: Seitenlink;Navigation;AdBlue / SCR / DPF;lokal auflösbar;;https://www.powertech-performance.com/pages/seitenuebersicht.html;nein;umgesetzt;vorhanden, geprüft;ausstehend
https://www.powertech-performance.com/blog/wie-lange-dauert-adblue-off/;https://www.powertech-performance.com/pages/impressum.html;Impressum;Bestand: Seitenlink;Inhalt;AdBlue / SCR / DPF;lokal auflösbar;;https://www.powertech-performance.com/pages/impressum.html;nein;umgesetzt;vorhanden, geprüft;ausstehend
https://www.powertech-performance.com/blog/wie-oft-auto-aufbereiten-lassen.html;https://www.powertech-performance.com/;Powertech Performance Logo;Bestand: Seitenlink;Header;Autoaufbereitung;lokal auflösbar;;https://www.powertech-performance.com/;nein;umgesetzt;vorhanden, geprüft;ausstehend
https://www.powertech-performance.com/blog/wie-oft-auto-aufbereiten-lassen.html;https://www.powertech-performance.com/#leistungen;Autoaufbereitung;Bestand: Sprunglink;Navigation;Autoaufbereitung;lokal auflösbar;;https://www.powertech-performance.com/;nein;umgesetzt;vorhanden, geprüft;ausstehend
https://www.powertech-performance.com/blog/wie-oft-auto-aufbereiten-lassen.html;https://www.powertech-performance.com/#standort;Standort & Kontakt;Bestand: Sprunglink;Navigation;Autoaufbereitung;lokal auflösbar;;https://www.powertech-performance.com/;nein;umgesetzt;neu oder gezielt geändert;ausstehend
https://www.powertech-performance.com/blog/wie-oft-auto-aufbereiten-lassen.html;https://www.powertech-performance.com/blog/;Blog;Bestand: Seitenlink;Navigation;Autoaufbereitung;lokal auflösbar;;https://www.powertech-performance.com/blog/;nein;umgesetzt;vorhanden, geprüft;ausstehend
https://www.powertech-performance.com/blog/wie-oft-auto-aufbereiten-lassen.html;https://www.powertech-performance.com/pages/kontakt.html;Kontakt;Bestand: Seitenlink;Navigation;Autoaufbereitung;lokal auflösbar;;https://www.powertech-performance.com/pages/kontakt.html;nein;umgesetzt;vorhanden, geprüft;ausstehend
https://www.powertech-performance.com/blog/wie-oft-auto-aufbereiten-lassen.html;https://www.powertech-performance.com/pages/kontakt.html;Jetzt anfragen;Bestand: Seitenlink;Inhalt;Autoaufbereitung;lokal auflösbar;;https://www.powertech-performance.com/pages/kontakt.html;nein;umgesetzt;vorhanden, geprüft;ausstehend
https://www.powertech-performance.com/blog/wie-oft-auto-aufbereiten-lassen.html;https://www.powertech-performance.com/;Startseite;Bestand: Seitenlink;Breadcrumb;Autoaufbereitung;lokal auflösbar;;https://www.powertech-performance.com/;nein;umgesetzt;neu oder gezielt geändert;ausstehend
https://www.powertech-performance.com/blog/wie-oft-auto-aufbereiten-lassen.html;https://www.powertech-performance.com/blog/;Ratgeber;Bestand: Seitenlink;Breadcrumb;Autoaufbereitung;lokal auflösbar;;https://www.powertech-performance.com/blog/;nein;umgesetzt;neu oder gezielt geändert;ausstehend
https://www.powertech-performance.com/blog/wie-oft-auto-aufbereiten-lassen.html;https://www.powertech-performance.com/blog/innenreinigung-auto-in-der-naehe/;Innenraumreinigung;Bestand: Seitenlink;Inhalt;Autoaufbereitung;lokal auflösbar;;https://www.powertech-performance.com/blog/innenreinigung-auto-in-der-naehe/;nein;umgesetzt;neu oder gezielt geändert;ausstehend
https://www.powertech-performance.com/blog/wie-oft-auto-aufbereiten-lassen.html;https://www.powertech-performance.com/blog/1-step-2-step-oder-lackkorrektur-lackaufbereitung-im-vergleich/;verschiedenen Stufen der Lackaufbereitung;Bestand: Seitenlink;Inhalt;Autoaufbereitung;lokal auflösbar;;https://www.powertech-performance.com/blog/1-step-2-step-oder-lackkorrektur-lackaufbereitung-im-vergleich/;nein;umgesetzt;neu oder gezielt geändert;ausstehend
https://www.powertech-performance.com/blog/wie-oft-auto-aufbereiten-lassen.html;https://www.powertech-performance.com/#leistungen;Alle Leistungen ansehen;Bestand: Sprunglink;Sidebar;Autoaufbereitung;lokal auflösbar;;https://www.powertech-performance.com/;nein;umgesetzt;vorhanden, geprüft;ausstehend
https://www.powertech-performance.com/blog/wie-oft-auto-aufbereiten-lassen.html;https://www.powertech-performance.com/blog/wie-oft-auto-aufbereiten-lassen.html;Wie oft sollte man sein Auto professionell aufbereiten lassen?;Bestand: Seitenlink;Sidebar;Autoaufbereitung;lokal auflösbar;;https://www.powertech-performance.com/blog/wie-oft-auto-aufbereiten-lassen.html;nein;umgesetzt;vorhanden, geprüft;ausstehend
https://www.powertech-performance.com/blog/wie-oft-auto-aufbereiten-lassen.html;https://www.powertech-performance.com/pages/impressum.html;Impressum;Bestand: Seitenlink;Navigation;Autoaufbereitung;lokal auflösbar;;https://www.powertech-performance.com/pages/impressum.html;nein;umgesetzt;vorhanden, geprüft;ausstehend
https://www.powertech-performance.com/blog/wie-oft-auto-aufbereiten-lassen.html;https://www.powertech-performance.com/pages/datenschutz.html;Datenschutzerklärung;Bestand: Seitenlink;Navigation;Autoaufbereitung;lokal auflösbar;;https://www.powertech-performance.com/pages/datenschutz.html;nein;umgesetzt;vorhanden, geprüft;ausstehend
https://www.powertech-performance.com/blog/wie-oft-auto-aufbereiten-lassen.html;https://www.powertech-performance.com/pages/cookie-einstellungen.html;Cookie-Einstellungen;Bestand: Seitenlink;Navigation;Autoaufbereitung;lokal auflösbar;;https://www.powertech-performance.com/pages/cookie-einstellungen.html;nein;umgesetzt;vorhanden, geprüft;ausstehend
https://www.powertech-performance.com/blog/wie-oft-auto-aufbereiten-lassen.html;https://www.powertech-performance.com/pages/seitenuebersicht.html;Seitenübersicht;Bestand: Seitenlink;Navigation;Autoaufbereitung;lokal auflösbar;;https://www.powertech-performance.com/pages/seitenuebersicht.html;nein;umgesetzt;vorhanden, geprüft;ausstehend
https://www.powertech-performance.com/blog/wie-oft-auto-aufbereiten-lassen.html;https://www.powertech-performance.com/pages/impressum.html;Impressum;Bestand: Seitenlink;Inhalt;Autoaufbereitung;lokal auflösbar;;https://www.powertech-performance.com/pages/impressum.html;nein;umgesetzt;vorhanden, geprüft;ausstehend
https://www.powertech-performance.com/chiptuning;https://www.powertech-performance.com/;Powertech Performance Logo;Bestand: Seitenlink;Header;Chiptuning;lokal auflösbar;;https://www.powertech-performance.com/;nein;umgesetzt;vorhanden, geprüft;ausstehend
https://www.powertech-performance.com/chiptuning;https://www.powertech-performance.com/#leistungen;Autoaufbereitung;Bestand: Sprunglink;Navigation;Chiptuning;lokal auflösbar;;https://www.powertech-performance.com/;nein;umgesetzt;vorhanden, geprüft;ausstehend
https://www.powertech-performance.com/chiptuning;https://www.powertech-performance.com/#standort;Standort & Kontakt;Bestand: Sprunglink;Navigation;Chiptuning;lokal auflösbar;;https://www.powertech-performance.com/;nein;umgesetzt;neu oder gezielt geändert;ausstehend
https://www.powertech-performance.com/chiptuning;https://www.powertech-performance.com/blog/;Blog;Bestand: Seitenlink;Navigation;Chiptuning;lokal auflösbar;;https://www.powertech-performance.com/blog/;nein;umgesetzt;vorhanden, geprüft;ausstehend
https://www.powertech-performance.com/chiptuning;https://www.powertech-performance.com/pages/kontakt.html;Kontakt;Bestand: Seitenlink;Navigation;Chiptuning;lokal auflösbar;;https://www.powertech-performance.com/pages/kontakt.html;nein;umgesetzt;vorhanden, geprüft;ausstehend
https://www.powertech-performance.com/chiptuning;https://www.powertech-performance.com/pages/kontakt.html;👉 Jetzt Termin anfragen!;Bestand: Seitenlink;Inhalt;Chiptuning;lokal auflösbar;;https://www.powertech-performance.com/pages/kontakt.html;nein;umgesetzt;vorhanden, geprüft;ausstehend
https://www.powertech-performance.com/chiptuning;https://www.powertech-performance.com/adblue-service;AdBlue-Service mit Diagnose und Reparaturprüfung;Bestand: Seitenlink;Inhalt;Chiptuning;lokal auflösbar;;https://www.powertech-performance.com/adblue-service;nein;umgesetzt;neu oder gezielt geändert;ausstehend
https://www.powertech-performance.com/chiptuning;https://www.powertech-performance.com/pages/kontakt.html;👉 Zur Kontaktseite;Bestand: Seitenlink;Inhalt;Chiptuning;lokal auflösbar;;https://www.powertech-performance.com/pages/kontakt.html;nein;umgesetzt;vorhanden, geprüft;ausstehend
https://www.powertech-performance.com/chiptuning;https://www.powertech-performance.com/blog/chiptuning-raumerfurt/;Fahrzeugdaten für die Chiptuning-Beratung;Bestand: Seitenlink;Inhalt;Chiptuning;lokal auflösbar;;https://www.powertech-performance.com/blog/chiptuning-raumerfurt/;nein;umgesetzt;neu oder gezielt geändert;ausstehend
https://www.powertech-performance.com/chiptuning;https://www.powertech-performance.com/blog/chiptuning-raum-erfurt/;Fragen zu Leistung, Risiken und Nachweisen;Bestand: Seitenlink;Inhalt;Chiptuning;lokal auflösbar;;https://www.powertech-performance.com/blog/chiptuning-raum-erfurt/;nein;umgesetzt;neu oder gezielt geändert;ausstehend
https://www.powertech-performance.com/chiptuning;https://www.powertech-performance.com/pages/impressum.html;Impressum;Bestand: Seitenlink;Navigation;Chiptuning;lokal auflösbar;;https://www.powertech-performance.com/pages/impressum.html;nein;umgesetzt;vorhanden, geprüft;ausstehend
https://www.powertech-performance.com/chiptuning;https://www.powertech-performance.com/pages/datenschutz.html;Datenschutzerklärung;Bestand: Seitenlink;Navigation;Chiptuning;lokal auflösbar;;https://www.powertech-performance.com/pages/datenschutz.html;nein;umgesetzt;vorhanden, geprüft;ausstehend
https://www.powertech-performance.com/chiptuning;https://www.powertech-performance.com/pages/cookie-einstellungen.html;Cookie-Einstellungen;Bestand: Seitenlink;Navigation;Chiptuning;lokal auflösbar;;https://www.powertech-performance.com/pages/cookie-einstellungen.html;nein;umgesetzt;vorhanden, geprüft;ausstehend
https://www.powertech-performance.com/chiptuning;https://www.powertech-performance.com/pages/seitenuebersicht.html;Seitenübersicht;Bestand: Seitenlink;Navigation;Chiptuning;lokal auflösbar;;https://www.powertech-performance.com/pages/seitenuebersicht.html;nein;umgesetzt;vorhanden, geprüft;ausstehend
https://www.powertech-performance.com/chiptuning;https://www.powertech-performance.com/pages/impressum.html;Impressum;Bestand: Seitenlink;Inhalt;Chiptuning;lokal auflösbar;;https://www.powertech-performance.com/pages/impressum.html;nein;umgesetzt;vorhanden, geprüft;ausstehend
https://www.powertech-performance.com/eisenach;https://www.powertech-performance.com/;Powertech Performance Logo;Bestand: Seitenlink;Header;Einzugsgebiet;lokal auflösbar;;https://www.powertech-performance.com/;nein;umgesetzt;vorhanden, geprüft;ausstehend
https://www.powertech-performance.com/eisenach;https://www.powertech-performance.com/eisenach#leistungen;Autoaufbereitung;Bestand: Sprunglink;Navigation;Einzugsgebiet;lokal auflösbar;;https://www.powertech-performance.com/eisenach;nein;umgesetzt;vorhanden, geprüft;ausstehend
https://www.powertech-performance.com/eisenach;https://www.powertech-performance.com/eisenach#ueber-uns;Über uns;Bestand: Sprunglink;Navigation;Einzugsgebiet;lokal auflösbar;;https://www.powertech-performance.com/eisenach;nein;umgesetzt;vorhanden, geprüft;ausstehend
https://www.powertech-performance.com/eisenach;https://www.powertech-performance.com/eisenach#faq;Häufige Fragen;Bestand: Sprunglink;Navigation;Einzugsgebiet;lokal auflösbar;;https://www.powertech-performance.com/eisenach;nein;umgesetzt;vorhanden, geprüft;ausstehend
https://www.powertech-performance.com/eisenach;https://www.powertech-performance.com/blog/;Blog;Bestand: Seitenlink;Navigation;Einzugsgebiet;lokal auflösbar;;https://www.powertech-performance.com/blog/;nein;umgesetzt;vorhanden, geprüft;ausstehend
https://www.powertech-performance.com/eisenach;https://www.powertech-performance.com/pages/kontakt.html;Kontakt;Bestand: Seitenlink;Navigation;Einzugsgebiet;lokal auflösbar;;https://www.powertech-performance.com/pages/kontakt.html;nein;umgesetzt;vorhanden, geprüft;ausstehend
https://www.powertech-performance.com/eisenach;https://www.powertech-performance.com/eisenach#kontakt;👉 Jetzt Termin für Ihre Autoaufbereitung anfragen!;Bestand: Sprunglink;Inhalt;Einzugsgebiet;lokal auflösbar;;https://www.powertech-performance.com/eisenach;nein;umgesetzt;vorhanden, geprüft;ausstehend
https://www.powertech-performance.com/eisenach;https://www.powertech-performance.com/eisenach#kontakt;👉 Sofort Angebot einholen;Bestand: Sprunglink;Inhalt;Einzugsgebiet;lokal auflösbar;;https://www.powertech-performance.com/eisenach;nein;umgesetzt;vorhanden, geprüft;ausstehend
https://www.powertech-performance.com/eisenach;https://www.powertech-performance.com/online-termin-buchen;Besichtigungstermin anfragen;Bestand: Seitenlink;Inhalt;Einzugsgebiet;lokal auflösbar;;https://www.powertech-performance.com/online-termin-buchen;nein;umgesetzt;neu oder gezielt geändert;ausstehend
https://www.powertech-performance.com/eisenach;https://www.powertech-performance.com/pages/kontakt.html;Kontakt zu Powertech Performance;Bestand: Seitenlink;Inhalt;Einzugsgebiet;lokal auflösbar;;https://www.powertech-performance.com/pages/kontakt.html;nein;umgesetzt;neu oder gezielt geändert;ausstehend
https://www.powertech-performance.com/eisenach;https://www.powertech-performance.com/;Leistungsübersicht der Autoaufbereitung in Erfurt;Bestand: Seitenlink;Inhalt;Einzugsgebiet;lokal auflösbar;;https://www.powertech-performance.com/;nein;umgesetzt;neu oder gezielt geändert;ausstehend
https://www.powertech-performance.com/eisenach;https://www.powertech-performance.com/pages/impressum.html;Impressum;Bestand: Seitenlink;Navigation;Einzugsgebiet;lokal auflösbar;;https://www.powertech-performance.com/pages/impressum.html;nein;umgesetzt;vorhanden, geprüft;ausstehend
https://www.powertech-performance.com/eisenach;https://www.powertech-performance.com/pages/datenschutz.html;Datenschutzerklärung;Bestand: Seitenlink;Navigation;Einzugsgebiet;lokal auflösbar;;https://www.powertech-performance.com/pages/datenschutz.html;nein;umgesetzt;vorhanden, geprüft;ausstehend
https://www.powertech-performance.com/eisenach;https://www.powertech-performance.com/pages/cookie-einstellungen.html;Cookie-Einstellungen;Bestand: Seitenlink;Navigation;Einzugsgebiet;lokal auflösbar;;https://www.powertech-performance.com/pages/cookie-einstellungen.html;nein;umgesetzt;vorhanden, geprüft;ausstehend
https://www.powertech-performance.com/eisenach;https://www.powertech-performance.com/pages/seitenuebersicht.html;Seitenübersicht;Bestand: Seitenlink;Navigation;Einzugsgebiet;lokal auflösbar;;https://www.powertech-performance.com/pages/seitenuebersicht.html;nein;umgesetzt;vorhanden, geprüft;ausstehend
https://www.powertech-performance.com/eisenach;https://www.powertech-performance.com/pages/impressum.html;Impressum;Bestand: Seitenlink;Inhalt;Einzugsgebiet;lokal auflösbar;;https://www.powertech-performance.com/pages/impressum.html;nein;umgesetzt;vorhanden, geprüft;ausstehend
https://www.powertech-performance.com/fahrzeugaufbereitung-aus-erfurt;https://www.powertech-performance.com/;Powertech Performance Logo;Bestand: Seitenlink;Header;Autoaufbereitung;lokal auflösbar;;https://www.powertech-performance.com/;nein;umgesetzt;vorhanden, geprüft;ausstehend
https://www.powertech-performance.com/fahrzeugaufbereitung-aus-erfurt;https://www.powertech-performance.com/fahrzeugaufbereitung-aus-erfurt#leistungen;Autoaufbereitung;Bestand: Sprunglink;Navigation;Autoaufbereitung;lokal auflösbar;;https://www.powertech-performance.com/fahrzeugaufbereitung-aus-erfurt;nein;umgesetzt;vorhanden, geprüft;ausstehend
https://www.powertech-performance.com/fahrzeugaufbereitung-aus-erfurt;https://www.powertech-performance.com/fahrzeugaufbereitung-aus-erfurt#ueber-uns;Über uns;Bestand: Sprunglink;Navigation;Autoaufbereitung;lokal auflösbar;;https://www.powertech-performance.com/fahrzeugaufbereitung-aus-erfurt;nein;umgesetzt;vorhanden, geprüft;ausstehend
https://www.powertech-performance.com/fahrzeugaufbereitung-aus-erfurt;https://www.powertech-performance.com/fahrzeugaufbereitung-aus-erfurt#faq;Häufige Fragen;Bestand: Sprunglink;Navigation;Autoaufbereitung;lokal auflösbar;;https://www.powertech-performance.com/fahrzeugaufbereitung-aus-erfurt;nein;umgesetzt;vorhanden, geprüft;ausstehend
https://www.powertech-performance.com/fahrzeugaufbereitung-aus-erfurt;https://www.powertech-performance.com/blog/;Blog;Bestand: Seitenlink;Navigation;Autoaufbereitung;lokal auflösbar;;https://www.powertech-performance.com/blog/;nein;umgesetzt;vorhanden, geprüft;ausstehend
https://www.powertech-performance.com/fahrzeugaufbereitung-aus-erfurt;https://www.powertech-performance.com/pages/kontakt.html;Kontakt;Bestand: Seitenlink;Navigation;Autoaufbereitung;lokal auflösbar;;https://www.powertech-performance.com/pages/kontakt.html;nein;umgesetzt;vorhanden, geprüft;ausstehend
https://www.powertech-performance.com/fahrzeugaufbereitung-aus-erfurt;https://www.powertech-performance.com/fahrzeugaufbereitung-aus-erfurt#kontakt;👉 Jetzt Termin für Ihre Autoaufbereitung anfragen!;Bestand: Sprunglink;Inhalt;Autoaufbereitung;lokal auflösbar;;https://www.powertech-performance.com/fahrzeugaufbereitung-aus-erfurt;nein;umgesetzt;vorhanden, geprüft;ausstehend
https://www.powertech-performance.com/fahrzeugaufbereitung-aus-erfurt;https://www.powertech-performance.com/fahrzeugaufbereitung-aus-erfurt#kontakt;👉 Sofort Angebot einholen;Bestand: Sprunglink;Inhalt;Autoaufbereitung;lokal auflösbar;;https://www.powertech-performance.com/fahrzeugaufbereitung-aus-erfurt;nein;umgesetzt;vorhanden, geprüft;ausstehend
https://www.powertech-performance.com/fahrzeugaufbereitung-aus-erfurt;https://www.powertech-performance.com/;Leistungsübersicht für Autoaufbereitung in Erfurt;Bestand: Seitenlink;Inhalt;Autoaufbereitung;lokal auflösbar;;https://www.powertech-performance.com/;nein;umgesetzt;neu oder gezielt geändert;ausstehend
https://www.powertech-performance.com/fahrzeugaufbereitung-aus-erfurt;https://www.powertech-performance.com/online-termin-buchen;Besichtigungstermin anfragen;Bestand: Seitenlink;Inhalt;Autoaufbereitung;lokal auflösbar;;https://www.powertech-performance.com/online-termin-buchen;nein;umgesetzt;neu oder gezielt geändert;ausstehend
https://www.powertech-performance.com/fahrzeugaufbereitung-aus-erfurt;https://www.powertech-performance.com/pages/impressum.html;Impressum;Bestand: Seitenlink;Navigation;Autoaufbereitung;lokal auflösbar;;https://www.powertech-performance.com/pages/impressum.html;nein;umgesetzt;vorhanden, geprüft;ausstehend
https://www.powertech-performance.com/fahrzeugaufbereitung-aus-erfurt;https://www.powertech-performance.com/pages/datenschutz.html;Datenschutzerklärung;Bestand: Seitenlink;Navigation;Autoaufbereitung;lokal auflösbar;;https://www.powertech-performance.com/pages/datenschutz.html;nein;umgesetzt;vorhanden, geprüft;ausstehend
https://www.powertech-performance.com/fahrzeugaufbereitung-aus-erfurt;https://www.powertech-performance.com/pages/cookie-einstellungen.html;Cookie-Einstellungen;Bestand: Seitenlink;Navigation;Autoaufbereitung;lokal auflösbar;;https://www.powertech-performance.com/pages/cookie-einstellungen.html;nein;umgesetzt;vorhanden, geprüft;ausstehend
https://www.powertech-performance.com/fahrzeugaufbereitung-aus-erfurt;https://www.powertech-performance.com/pages/seitenuebersicht.html;Seitenübersicht;Bestand: Seitenlink;Navigation;Autoaufbereitung;lokal auflösbar;;https://www.powertech-performance.com/pages/seitenuebersicht.html;nein;umgesetzt;vorhanden, geprüft;ausstehend
https://www.powertech-performance.com/fahrzeugaufbereitung-aus-erfurt;https://www.powertech-performance.com/pages/impressum.html;Impressum;Bestand: Seitenlink;Inhalt;Autoaufbereitung;lokal auflösbar;;https://www.powertech-performance.com/pages/impressum.html;nein;umgesetzt;vorhanden, geprüft;ausstehend
https://www.powertech-performance.com/gera;https://www.powertech-performance.com/;Powertech Performance Logo;Bestand: Seitenlink;Header;Einzugsgebiet;lokal auflösbar;;https://www.powertech-performance.com/;nein;umgesetzt;vorhanden, geprüft;ausstehend
https://www.powertech-performance.com/gera;https://www.powertech-performance.com/gera#leistungen;Autoaufbereitung;Bestand: Sprunglink;Navigation;Einzugsgebiet;lokal auflösbar;;https://www.powertech-performance.com/gera;nein;umgesetzt;vorhanden, geprüft;ausstehend
https://www.powertech-performance.com/gera;https://www.powertech-performance.com/gera#ueber-uns;Über uns;Bestand: Sprunglink;Navigation;Einzugsgebiet;lokal auflösbar;;https://www.powertech-performance.com/gera;nein;umgesetzt;vorhanden, geprüft;ausstehend
https://www.powertech-performance.com/gera;https://www.powertech-performance.com/gera#faq;Häufige Fragen;Bestand: Sprunglink;Navigation;Einzugsgebiet;lokal auflösbar;;https://www.powertech-performance.com/gera;nein;umgesetzt;vorhanden, geprüft;ausstehend
https://www.powertech-performance.com/gera;https://www.powertech-performance.com/blog/;Blog;Bestand: Seitenlink;Navigation;Einzugsgebiet;lokal auflösbar;;https://www.powertech-performance.com/blog/;nein;umgesetzt;vorhanden, geprüft;ausstehend
https://www.powertech-performance.com/gera;https://www.powertech-performance.com/pages/kontakt.html;Kontakt;Bestand: Seitenlink;Navigation;Einzugsgebiet;lokal auflösbar;;https://www.powertech-performance.com/pages/kontakt.html;nein;umgesetzt;vorhanden, geprüft;ausstehend
https://www.powertech-performance.com/gera;https://www.powertech-performance.com/gera#kontakt;👉 Jetzt Termin für Ihre Autoaufbereitung anfragen!;Bestand: Sprunglink;Inhalt;Einzugsgebiet;lokal auflösbar;;https://www.powertech-performance.com/gera;nein;umgesetzt;vorhanden, geprüft;ausstehend
https://www.powertech-performance.com/gera;https://www.powertech-performance.com/gera#kontakt;👉 Sofort Angebot einholen;Bestand: Sprunglink;Inhalt;Einzugsgebiet;lokal auflösbar;;https://www.powertech-performance.com/gera;nein;umgesetzt;vorhanden, geprüft;ausstehend
https://www.powertech-performance.com/gera;https://www.powertech-performance.com/online-termin-buchen;Besichtigungstermin anfragen;Bestand: Seitenlink;Inhalt;Einzugsgebiet;lokal auflösbar;;https://www.powertech-performance.com/online-termin-buchen;nein;umgesetzt;neu oder gezielt geändert;ausstehend
https://www.powertech-performance.com/gera;https://www.powertech-performance.com/pages/kontakt.html;Kontakt zu Powertech Performance;Bestand: Seitenlink;Inhalt;Einzugsgebiet;lokal auflösbar;;https://www.powertech-performance.com/pages/kontakt.html;nein;umgesetzt;neu oder gezielt geändert;ausstehend
https://www.powertech-performance.com/gera;https://www.powertech-performance.com/;Leistungsübersicht der Autoaufbereitung in Erfurt;Bestand: Seitenlink;Inhalt;Einzugsgebiet;lokal auflösbar;;https://www.powertech-performance.com/;nein;umgesetzt;neu oder gezielt geändert;ausstehend
https://www.powertech-performance.com/gera;https://www.powertech-performance.com/pages/impressum.html;Impressum;Bestand: Seitenlink;Navigation;Einzugsgebiet;lokal auflösbar;;https://www.powertech-performance.com/pages/impressum.html;nein;umgesetzt;vorhanden, geprüft;ausstehend
https://www.powertech-performance.com/gera;https://www.powertech-performance.com/pages/datenschutz.html;Datenschutzerklärung;Bestand: Seitenlink;Navigation;Einzugsgebiet;lokal auflösbar;;https://www.powertech-performance.com/pages/datenschutz.html;nein;umgesetzt;vorhanden, geprüft;ausstehend
https://www.powertech-performance.com/gera;https://www.powertech-performance.com/pages/cookie-einstellungen.html;Cookie-Einstellungen;Bestand: Seitenlink;Navigation;Einzugsgebiet;lokal auflösbar;;https://www.powertech-performance.com/pages/cookie-einstellungen.html;nein;umgesetzt;vorhanden, geprüft;ausstehend
https://www.powertech-performance.com/gera;https://www.powertech-performance.com/pages/seitenuebersicht.html;Seitenübersicht;Bestand: Seitenlink;Navigation;Einzugsgebiet;lokal auflösbar;;https://www.powertech-performance.com/pages/seitenuebersicht.html;nein;umgesetzt;vorhanden, geprüft;ausstehend
https://www.powertech-performance.com/gera;https://www.powertech-performance.com/pages/impressum.html;Impressum;Bestand: Seitenlink;Inhalt;Einzugsgebiet;lokal auflösbar;;https://www.powertech-performance.com/pages/impressum.html;nein;umgesetzt;vorhanden, geprüft;ausstehend
https://www.powertech-performance.com/glosar;https://www.powertech-performance.com/;Powertech Performance Logo;Bestand: Seitenlink;Header;Autoaufbereitung;lokal auflösbar;;https://www.powertech-performance.com/;nein;umgesetzt;vorhanden, geprüft;ausstehend
https://www.powertech-performance.com/glosar;https://www.powertech-performance.com/#leistungen;Autoaufbereitung;Bestand: Sprunglink;Navigation;Autoaufbereitung;lokal auflösbar;;https://www.powertech-performance.com/;nein;umgesetzt;vorhanden, geprüft;ausstehend
https://www.powertech-performance.com/glosar;https://www.powertech-performance.com/#standort;Standort & Kontakt;Bestand: Sprunglink;Navigation;Autoaufbereitung;lokal auflösbar;;https://www.powertech-performance.com/;nein;umgesetzt;neu oder gezielt geändert;ausstehend
https://www.powertech-performance.com/glosar;https://www.powertech-performance.com/blog/;Blog;Bestand: Seitenlink;Navigation;Autoaufbereitung;lokal auflösbar;;https://www.powertech-performance.com/blog/;nein;umgesetzt;vorhanden, geprüft;ausstehend
https://www.powertech-performance.com/glosar;https://www.powertech-performance.com/pages/kontakt.html;Kontakt;Bestand: Seitenlink;Navigation;Autoaufbereitung;lokal auflösbar;;https://www.powertech-performance.com/pages/kontakt.html;nein;umgesetzt;vorhanden, geprüft;ausstehend
https://www.powertech-performance.com/glosar;https://www.powertech-performance.com/blog/wie-oft-auto-aufbereiten-lassen.html;Wie oft das Auto aufbereiten lassen?;Bestand: Seitenlink;Inhalt;Autoaufbereitung;lokal auflösbar;;https://www.powertech-performance.com/blog/wie-oft-auto-aufbereiten-lassen.html;nein;umgesetzt;neu oder gezielt geändert;ausstehend
https://www.powertech-performance.com/glosar;https://www.powertech-performance.com/pages/kontakt.html;👉 Zur Kontaktseite;Bestand: Seitenlink;Inhalt;Autoaufbereitung;lokal auflösbar;;https://www.powertech-performance.com/pages/kontakt.html;nein;umgesetzt;vorhanden, geprüft;ausstehend
https://www.powertech-performance.com/glosar;https://www.powertech-performance.com/pages/impressum.html;Impressum;Bestand: Seitenlink;Navigation;Autoaufbereitung;lokal auflösbar;;https://www.powertech-performance.com/pages/impressum.html;nein;umgesetzt;vorhanden, geprüft;ausstehend
https://www.powertech-performance.com/glosar;https://www.powertech-performance.com/pages/datenschutz.html;Datenschutzerklärung;Bestand: Seitenlink;Navigation;Autoaufbereitung;lokal auflösbar;;https://www.powertech-performance.com/pages/datenschutz.html;nein;umgesetzt;vorhanden, geprüft;ausstehend
https://www.powertech-performance.com/glosar;https://www.powertech-performance.com/pages/cookie-einstellungen.html;Cookie-Einstellungen;Bestand: Seitenlink;Navigation;Autoaufbereitung;lokal auflösbar;;https://www.powertech-performance.com/pages/cookie-einstellungen.html;nein;umgesetzt;vorhanden, geprüft;ausstehend
https://www.powertech-performance.com/glosar;https://www.powertech-performance.com/pages/seitenuebersicht.html;Seitenübersicht;Bestand: Seitenlink;Navigation;Autoaufbereitung;lokal auflösbar;;https://www.powertech-performance.com/pages/seitenuebersicht.html;nein;umgesetzt;vorhanden, geprüft;ausstehend
https://www.powertech-performance.com/glosar;https://www.powertech-performance.com/pages/impressum.html;Impressum;Bestand: Seitenlink;Inhalt;Autoaufbereitung;lokal auflösbar;;https://www.powertech-performance.com/pages/impressum.html;nein;umgesetzt;vorhanden, geprüft;ausstehend
https://www.powertech-performance.com/gotha;https://www.powertech-performance.com/;Powertech Performance Logo;Bestand: Seitenlink;Header;Einzugsgebiet;lokal auflösbar;;https://www.powertech-performance.com/;nein;umgesetzt;vorhanden, geprüft;ausstehend
https://www.powertech-performance.com/gotha;https://www.powertech-performance.com/gotha#leistungen;Autoaufbereitung;Bestand: Sprunglink;Navigation;Einzugsgebiet;lokal auflösbar;;https://www.powertech-performance.com/gotha;nein;umgesetzt;vorhanden, geprüft;ausstehend
https://www.powertech-performance.com/gotha;https://www.powertech-performance.com/gotha#ueber-uns;Über uns;Bestand: Sprunglink;Navigation;Einzugsgebiet;lokal auflösbar;;https://www.powertech-performance.com/gotha;nein;umgesetzt;vorhanden, geprüft;ausstehend
https://www.powertech-performance.com/gotha;https://www.powertech-performance.com/gotha#faq;Häufige Fragen;Bestand: Sprunglink;Navigation;Einzugsgebiet;lokal auflösbar;;https://www.powertech-performance.com/gotha;nein;umgesetzt;vorhanden, geprüft;ausstehend
https://www.powertech-performance.com/gotha;https://www.powertech-performance.com/blog/;Blog;Bestand: Seitenlink;Navigation;Einzugsgebiet;lokal auflösbar;;https://www.powertech-performance.com/blog/;nein;umgesetzt;vorhanden, geprüft;ausstehend
https://www.powertech-performance.com/gotha;https://www.powertech-performance.com/pages/kontakt.html;Kontakt;Bestand: Seitenlink;Navigation;Einzugsgebiet;lokal auflösbar;;https://www.powertech-performance.com/pages/kontakt.html;nein;umgesetzt;vorhanden, geprüft;ausstehend
https://www.powertech-performance.com/gotha;https://www.powertech-performance.com/gotha#kontakt;👉 Jetzt Termin für Ihre Autoaufbereitung anfragen!;Bestand: Sprunglink;Inhalt;Einzugsgebiet;lokal auflösbar;;https://www.powertech-performance.com/gotha;nein;umgesetzt;vorhanden, geprüft;ausstehend
https://www.powertech-performance.com/gotha;https://www.powertech-performance.com/gotha#kontakt;👉 Sofort Angebot einholen;Bestand: Sprunglink;Inhalt;Einzugsgebiet;lokal auflösbar;;https://www.powertech-performance.com/gotha;nein;umgesetzt;vorhanden, geprüft;ausstehend
https://www.powertech-performance.com/gotha;https://www.powertech-performance.com/online-termin-buchen;Besichtigungstermin anfragen;Bestand: Seitenlink;Inhalt;Einzugsgebiet;lokal auflösbar;;https://www.powertech-performance.com/online-termin-buchen;nein;umgesetzt;neu oder gezielt geändert;ausstehend
https://www.powertech-performance.com/gotha;https://www.powertech-performance.com/pages/kontakt.html;Kontakt zu Powertech Performance;Bestand: Seitenlink;Inhalt;Einzugsgebiet;lokal auflösbar;;https://www.powertech-performance.com/pages/kontakt.html;nein;umgesetzt;neu oder gezielt geändert;ausstehend
https://www.powertech-performance.com/gotha;https://www.powertech-performance.com/;Leistungsübersicht der Autoaufbereitung in Erfurt;Bestand: Seitenlink;Inhalt;Einzugsgebiet;lokal auflösbar;;https://www.powertech-performance.com/;nein;umgesetzt;neu oder gezielt geändert;ausstehend
https://www.powertech-performance.com/gotha;https://www.powertech-performance.com/pages/impressum.html;Impressum;Bestand: Seitenlink;Navigation;Einzugsgebiet;lokal auflösbar;;https://www.powertech-performance.com/pages/impressum.html;nein;umgesetzt;vorhanden, geprüft;ausstehend
https://www.powertech-performance.com/gotha;https://www.powertech-performance.com/pages/datenschutz.html;Datenschutzerklärung;Bestand: Seitenlink;Navigation;Einzugsgebiet;lokal auflösbar;;https://www.powertech-performance.com/pages/datenschutz.html;nein;umgesetzt;vorhanden, geprüft;ausstehend
https://www.powertech-performance.com/gotha;https://www.powertech-performance.com/pages/cookie-einstellungen.html;Cookie-Einstellungen;Bestand: Seitenlink;Navigation;Einzugsgebiet;lokal auflösbar;;https://www.powertech-performance.com/pages/cookie-einstellungen.html;nein;umgesetzt;vorhanden, geprüft;ausstehend
https://www.powertech-performance.com/gotha;https://www.powertech-performance.com/pages/seitenuebersicht.html;Seitenübersicht;Bestand: Seitenlink;Navigation;Einzugsgebiet;lokal auflösbar;;https://www.powertech-performance.com/pages/seitenuebersicht.html;nein;umgesetzt;vorhanden, geprüft;ausstehend
https://www.powertech-performance.com/gotha;https://www.powertech-performance.com/pages/impressum.html;Impressum;Bestand: Seitenlink;Inhalt;Einzugsgebiet;lokal auflösbar;;https://www.powertech-performance.com/pages/impressum.html;nein;umgesetzt;vorhanden, geprüft;ausstehend
https://www.powertech-performance.com/;https://www.powertech-performance.com/#kontakt;Zum Kontaktformular springen;Bestand: Sprunglink;Header;Autoaufbereitung;lokal auflösbar;;https://www.powertech-performance.com/;nein;umgesetzt;vorhanden, geprüft;ausstehend
https://www.powertech-performance.com/;https://www.powertech-performance.com/;Powertech Performance Autoaufbereitung Erfurt;Bestand: Seitenlink;Header;Autoaufbereitung;lokal auflösbar;;https://www.powertech-performance.com/;nein;umgesetzt;vorhanden, geprüft;ausstehend
https://www.powertech-performance.com/;https://www.powertech-performance.com/#leistungen;Leistungen;Bestand: Sprunglink;Navigation;Autoaufbereitung;lokal auflösbar;;https://www.powertech-performance.com/;nein;umgesetzt;vorhanden, geprüft;ausstehend
https://www.powertech-performance.com/;https://www.powertech-performance.com/#finish;Vorher/Nachher;Bestand: Sprunglink;Navigation;Autoaufbereitung;lokal auflösbar;;https://www.powertech-performance.com/;nein;umgesetzt;vorhanden, geprüft;ausstehend
https://www.powertech-performance.com/;https://www.powertech-performance.com/#standort;Standort;Bestand: Sprunglink;Navigation;Autoaufbereitung;lokal auflösbar;;https://www.powertech-performance.com/;nein;umgesetzt;vorhanden, geprüft;ausstehend
https://www.powertech-performance.com/;https://www.powertech-performance.com/#referenzen;Referenzen;Bestand: Sprunglink;Navigation;Autoaufbereitung;lokal auflösbar;;https://www.powertech-performance.com/;nein;umgesetzt;vorhanden, geprüft;ausstehend
https://www.powertech-performance.com/;https://www.powertech-performance.com/#kontakt;Kontakt;Bestand: Sprunglink;Navigation;Autoaufbereitung;lokal auflösbar;;https://www.powertech-performance.com/;nein;umgesetzt;vorhanden, geprüft;ausstehend
https://www.powertech-performance.com/;https://www.powertech-performance.com/#kontakt;Termin anfragen;Bestand: Sprunglink;Inhalt;Autoaufbereitung;lokal auflösbar;;https://www.powertech-performance.com/;nein;umgesetzt;vorhanden, geprüft;ausstehend
https://www.powertech-performance.com/;https://www.powertech-performance.com/blog/lackkorrektur-wofuer-gut-werterhalt/;Lackkorrektur;Bestand: Seitenlink;Inhalt;Autoaufbereitung;lokal auflösbar;;https://www.powertech-performance.com/blog/lackkorrektur-wofuer-gut-werterhalt/;nein;umgesetzt;neu oder gezielt geändert;ausstehend
https://www.powertech-performance.com/;https://www.powertech-performance.com/luxus-aufbereitung;Keramikversiegelung;Bestand: Seitenlink;Inhalt;Autoaufbereitung;lokal auflösbar;;https://www.powertech-performance.com/luxus-aufbereitung;nein;umgesetzt;neu oder gezielt geändert;ausstehend
https://www.powertech-performance.com/;https://www.powertech-performance.com/blog/innenreinigung-auto-in-der-naehe/;Innenraumreinigung;Bestand: Seitenlink;Inhalt;Autoaufbereitung;lokal auflösbar;;https://www.powertech-performance.com/blog/innenreinigung-auto-in-der-naehe/;nein;umgesetzt;neu oder gezielt geändert;ausstehend
https://www.powertech-performance.com/;https://www.powertech-performance.com/blog/innenreinigung-auto-in-der-naehe/;Lederpflege & Pinselarbeit;Bestand: Seitenlink;Inhalt;Autoaufbereitung;lokal auflösbar;;https://www.powertech-performance.com/blog/innenreinigung-auto-in-der-naehe/;nein;umgesetzt;neu oder gezielt geändert;ausstehend
https://www.powertech-performance.com/;https://www.powertech-performance.com/blog/leasing-rueckgabe-aufbereitung-erfurt/;Cockpit & Leasing;Bestand: Seitenlink;Inhalt;Autoaufbereitung;lokal auflösbar;;https://www.powertech-performance.com/blog/leasing-rueckgabe-aufbereitung-erfurt/;nein;umgesetzt;neu oder gezielt geändert;ausstehend
https://www.powertech-performance.com/;https://www.powertech-performance.com/trockeneisreinigung;Trockeneisreinigung;Bestand: Seitenlink;Inhalt;Autoaufbereitung;lokal auflösbar;;https://www.powertech-performance.com/trockeneisreinigung;nein;umgesetzt;neu oder gezielt geändert;ausstehend
https://www.powertech-performance.com/;https://www.powertech-performance.com/blog/motorwaesche-erfurt-vorteile-kosten/;Motorraumwäsche;Bestand: Seitenlink;Inhalt;Autoaufbereitung;lokal auflösbar;;https://www.powertech-performance.com/blog/motorwaesche-erfurt-vorteile-kosten/;nein;umgesetzt;neu oder gezielt geändert;ausstehend
https://www.powertech-performance.com/;https://www.powertech-performance.com/blog/1-step-2-step-oder-lackkorrektur-lackaufbereitung-im-vergleich/;Mehrstufiges Finish;Bestand: Seitenlink;Inhalt;Autoaufbereitung;lokal auflösbar;;https://www.powertech-performance.com/blog/1-step-2-step-oder-lackkorrektur-lackaufbereitung-im-vergleich/;nein;umgesetzt;neu oder gezielt geändert;ausstehend
https://www.powertech-performance.com/;https://www.powertech-performance.com/chiptuning;Chiptuning und Softwareoptimierung;Bestand: Seitenlink;Inhalt;Autoaufbereitung;lokal auflösbar;;https://www.powertech-performance.com/chiptuning;nein;umgesetzt;neu oder gezielt geändert;ausstehend
https://www.powertech-performance.com/;https://www.powertech-performance.com/adblue-service;AdBlue-Diagnose und Reparatur;Bestand: Seitenlink;Inhalt;Autoaufbereitung;lokal auflösbar;;https://www.powertech-performance.com/adblue-service;nein;umgesetzt;neu oder gezielt geändert;ausstehend
https://www.powertech-performance.com/;https://www.powertech-performance.com/glosar;Glossar zur Fahrzeugaufbereitung;Bestand: Seitenlink;Inhalt;Autoaufbereitung;lokal auflösbar;;https://www.powertech-performance.com/glosar;nein;umgesetzt;neu oder gezielt geändert;ausstehend
https://www.powertech-performance.com/;https://www.powertech-performance.com/jena;Jena;Bestand: Seitenlink;Inhalt;Autoaufbereitung;lokal auflösbar;;https://www.powertech-performance.com/jena;nein;umgesetzt;neu oder gezielt geändert;ausstehend
https://www.powertech-performance.com/;https://www.powertech-performance.com/gotha;Gotha;Bestand: Seitenlink;Inhalt;Autoaufbereitung;lokal auflösbar;;https://www.powertech-performance.com/gotha;nein;umgesetzt;neu oder gezielt geändert;ausstehend
https://www.powertech-performance.com/;https://www.powertech-performance.com/eisenach;Eisenach;Bestand: Seitenlink;Inhalt;Autoaufbereitung;lokal auflösbar;;https://www.powertech-performance.com/eisenach;nein;umgesetzt;neu oder gezielt geändert;ausstehend
https://www.powertech-performance.com/;https://www.powertech-performance.com/gera;Gera;Bestand: Seitenlink;Inhalt;Autoaufbereitung;lokal auflösbar;;https://www.powertech-performance.com/gera;nein;umgesetzt;neu oder gezielt geändert;ausstehend
https://www.powertech-performance.com/;https://www.powertech-performance.com/nordhausen;Nordhausen;Bestand: Seitenlink;Inhalt;Autoaufbereitung;lokal auflösbar;;https://www.powertech-performance.com/nordhausen;nein;umgesetzt;neu oder gezielt geändert;ausstehend
https://www.powertech-performance.com/;https://www.powertech-performance.com/suhl;Suhl;Bestand: Seitenlink;Inhalt;Autoaufbereitung;lokal auflösbar;;https://www.powertech-performance.com/suhl;nein;umgesetzt;neu oder gezielt geändert;ausstehend
https://www.powertech-performance.com/;https://www.powertech-performance.com/online-termin-buchen;Besichtigungstermin in Erfurt anfragen;Bestand: Seitenlink;Inhalt;Autoaufbereitung;lokal auflösbar;;https://www.powertech-performance.com/online-termin-buchen;nein;umgesetzt;neu oder gezielt geändert;ausstehend
https://www.powertech-performance.com/;https://www.powertech-performance.com/fahrzeugaufbereitung-aus-erfurt;Fahrzeugaufbereitung vor Ort;Bestand: Seitenlink;Inhalt;Autoaufbereitung;lokal auflösbar;;https://www.powertech-performance.com/fahrzeugaufbereitung-aus-erfurt;nein;umgesetzt;neu oder gezielt geändert;ausstehend
https://www.powertech-performance.com/;https://www.powertech-performance.com/;Powertech Performance Autoaufbereitung Erfurt;Bestand: Seitenlink;Footer;Autoaufbereitung;lokal auflösbar;;https://www.powertech-performance.com/;nein;umgesetzt;vorhanden, geprüft;ausstehend
https://www.powertech-performance.com/;https://www.powertech-performance.com/pages/impressum.html;Impressum;Bestand: Seitenlink;Navigation;Autoaufbereitung;lokal auflösbar;;https://www.powertech-performance.com/pages/impressum.html;nein;umgesetzt;vorhanden, geprüft;ausstehend
https://www.powertech-performance.com/;https://www.powertech-performance.com/pages/datenschutz.html;Datenschutz;Bestand: Seitenlink;Navigation;Autoaufbereitung;lokal auflösbar;;https://www.powertech-performance.com/pages/datenschutz.html;nein;umgesetzt;vorhanden, geprüft;ausstehend
https://www.powertech-performance.com/;https://www.powertech-performance.com/pages/cookie-einstellungen.html;Cookie-Einstellungen;Bestand: Seitenlink;Navigation;Autoaufbereitung;lokal auflösbar;;https://www.powertech-performance.com/pages/cookie-einstellungen.html;nein;umgesetzt;vorhanden, geprüft;ausstehend
https://www.powertech-performance.com/;https://www.powertech-performance.com/pages/impressum.html;Impressum;Bestand: Seitenlink;Inhalt;Autoaufbereitung;lokal auflösbar;;https://www.powertech-performance.com/pages/impressum.html;nein;umgesetzt;vorhanden, geprüft;ausstehend
https://www.powertech-performance.com/jena;https://www.powertech-performance.com/;Powertech Performance Logo;Bestand: Seitenlink;Header;Einzugsgebiet;lokal auflösbar;;https://www.powertech-performance.com/;nein;umgesetzt;vorhanden, geprüft;ausstehend
https://www.powertech-performance.com/jena;https://www.powertech-performance.com/jena#leistungen;Autoaufbereitung;Bestand: Sprunglink;Navigation;Einzugsgebiet;lokal auflösbar;;https://www.powertech-performance.com/jena;nein;umgesetzt;vorhanden, geprüft;ausstehend
https://www.powertech-performance.com/jena;https://www.powertech-performance.com/jena#ueber-uns;Über uns;Bestand: Sprunglink;Navigation;Einzugsgebiet;lokal auflösbar;;https://www.powertech-performance.com/jena;nein;umgesetzt;vorhanden, geprüft;ausstehend
https://www.powertech-performance.com/jena;https://www.powertech-performance.com/jena#faq;Häufige Fragen;Bestand: Sprunglink;Navigation;Einzugsgebiet;lokal auflösbar;;https://www.powertech-performance.com/jena;nein;umgesetzt;vorhanden, geprüft;ausstehend
https://www.powertech-performance.com/jena;https://www.powertech-performance.com/blog/;Blog;Bestand: Seitenlink;Navigation;Einzugsgebiet;lokal auflösbar;;https://www.powertech-performance.com/blog/;nein;umgesetzt;vorhanden, geprüft;ausstehend
https://www.powertech-performance.com/jena;https://www.powertech-performance.com/pages/kontakt.html;Kontakt;Bestand: Seitenlink;Navigation;Einzugsgebiet;lokal auflösbar;;https://www.powertech-performance.com/pages/kontakt.html;nein;umgesetzt;vorhanden, geprüft;ausstehend
https://www.powertech-performance.com/jena;https://www.powertech-performance.com/jena#kontakt;👉 Jetzt Termin für Ihre Autoaufbereitung anfragen!;Bestand: Sprunglink;Inhalt;Einzugsgebiet;lokal auflösbar;;https://www.powertech-performance.com/jena;nein;umgesetzt;vorhanden, geprüft;ausstehend
https://www.powertech-performance.com/jena;https://www.powertech-performance.com/jena#kontakt;👉 Sofort Angebot einholen;Bestand: Sprunglink;Inhalt;Einzugsgebiet;lokal auflösbar;;https://www.powertech-performance.com/jena;nein;umgesetzt;vorhanden, geprüft;ausstehend
https://www.powertech-performance.com/jena;https://www.powertech-performance.com/online-termin-buchen;Besichtigungstermin anfragen;Bestand: Seitenlink;Inhalt;Einzugsgebiet;lokal auflösbar;;https://www.powertech-performance.com/online-termin-buchen;nein;umgesetzt;neu oder gezielt geändert;ausstehend
https://www.powertech-performance.com/jena;https://www.powertech-performance.com/pages/kontakt.html;Kontakt zu Powertech Performance;Bestand: Seitenlink;Inhalt;Einzugsgebiet;lokal auflösbar;;https://www.powertech-performance.com/pages/kontakt.html;nein;umgesetzt;neu oder gezielt geändert;ausstehend
https://www.powertech-performance.com/jena;https://www.powertech-performance.com/;Leistungsübersicht der Autoaufbereitung in Erfurt;Bestand: Seitenlink;Inhalt;Einzugsgebiet;lokal auflösbar;;https://www.powertech-performance.com/;nein;umgesetzt;neu oder gezielt geändert;ausstehend
https://www.powertech-performance.com/jena;https://www.powertech-performance.com/pages/impressum.html;Impressum;Bestand: Seitenlink;Navigation;Einzugsgebiet;lokal auflösbar;;https://www.powertech-performance.com/pages/impressum.html;nein;umgesetzt;vorhanden, geprüft;ausstehend
https://www.powertech-performance.com/jena;https://www.powertech-performance.com/pages/datenschutz.html;Datenschutzerklärung;Bestand: Seitenlink;Navigation;Einzugsgebiet;lokal auflösbar;;https://www.powertech-performance.com/pages/datenschutz.html;nein;umgesetzt;vorhanden, geprüft;ausstehend
https://www.powertech-performance.com/jena;https://www.powertech-performance.com/pages/cookie-einstellungen.html;Cookie-Einstellungen;Bestand: Seitenlink;Navigation;Einzugsgebiet;lokal auflösbar;;https://www.powertech-performance.com/pages/cookie-einstellungen.html;nein;umgesetzt;vorhanden, geprüft;ausstehend
https://www.powertech-performance.com/jena;https://www.powertech-performance.com/pages/seitenuebersicht.html;Seitenübersicht;Bestand: Seitenlink;Navigation;Einzugsgebiet;lokal auflösbar;;https://www.powertech-performance.com/pages/seitenuebersicht.html;nein;umgesetzt;vorhanden, geprüft;ausstehend
https://www.powertech-performance.com/jena;https://www.powertech-performance.com/pages/impressum.html;Impressum;Bestand: Seitenlink;Inhalt;Einzugsgebiet;lokal auflösbar;;https://www.powertech-performance.com/pages/impressum.html;nein;umgesetzt;vorhanden, geprüft;ausstehend
https://www.powertech-performance.com/luxus-aufbereitung;https://www.powertech-performance.com/;Powertech Performance Logo;Bestand: Seitenlink;Header;Keramikversiegelung;lokal auflösbar;;https://www.powertech-performance.com/;nein;umgesetzt;vorhanden, geprüft;ausstehend
https://www.powertech-performance.com/luxus-aufbereitung;https://www.powertech-performance.com/luxus-aufbereitung#leistungen;Autoaufbereitung;Bestand: Sprunglink;Navigation;Keramikversiegelung;lokal auflösbar;;https://www.powertech-performance.com/luxus-aufbereitung;nein;umgesetzt;vorhanden, geprüft;ausstehend
https://www.powertech-performance.com/luxus-aufbereitung;https://www.powertech-performance.com/luxus-aufbereitung#ueber-uns;Über uns;Bestand: Sprunglink;Navigation;Keramikversiegelung;lokal auflösbar;;https://www.powertech-performance.com/luxus-aufbereitung;nein;umgesetzt;vorhanden, geprüft;ausstehend
https://www.powertech-performance.com/luxus-aufbereitung;https://www.powertech-performance.com/luxus-aufbereitung#faq;Häufige Fragen;Bestand: Sprunglink;Navigation;Keramikversiegelung;lokal auflösbar;;https://www.powertech-performance.com/luxus-aufbereitung;nein;umgesetzt;vorhanden, geprüft;ausstehend
https://www.powertech-performance.com/luxus-aufbereitung;https://www.powertech-performance.com/blog/;Blog;Bestand: Seitenlink;Navigation;Keramikversiegelung;lokal auflösbar;;https://www.powertech-performance.com/blog/;nein;umgesetzt;vorhanden, geprüft;ausstehend
https://www.powertech-performance.com/luxus-aufbereitung;https://www.powertech-performance.com/pages/kontakt.html;Kontakt;Bestand: Seitenlink;Navigation;Keramikversiegelung;lokal auflösbar;;https://www.powertech-performance.com/pages/kontakt.html;nein;umgesetzt;vorhanden, geprüft;ausstehend
https://www.powertech-performance.com/luxus-aufbereitung;https://www.powertech-performance.com/luxus-aufbereitung#kontakt;👉 Jetzt Termin für Ihre Autoaufbereitung anfragen!;Bestand: Sprunglink;Inhalt;Keramikversiegelung;lokal auflösbar;;https://www.powertech-performance.com/luxus-aufbereitung;nein;umgesetzt;vorhanden, geprüft;ausstehend
https://www.powertech-performance.com/luxus-aufbereitung;https://www.powertech-performance.com/luxus-aufbereitung#kontakt;👉 Sofort Angebot einholen;Bestand: Sprunglink;Inhalt;Keramikversiegelung;lokal auflösbar;;https://www.powertech-performance.com/luxus-aufbereitung;nein;umgesetzt;vorhanden, geprüft;ausstehend
https://www.powertech-performance.com/luxus-aufbereitung;https://www.powertech-performance.com/blog/lackkorrektur-wofuer-gut-werterhalt/;Lackkorrektur;Bestand: Seitenlink;Inhalt;Keramikversiegelung;lokal auflösbar;;https://www.powertech-performance.com/blog/lackkorrektur-wofuer-gut-werterhalt/;nein;umgesetzt;neu oder gezielt geändert;ausstehend
https://www.powertech-performance.com/luxus-aufbereitung;https://www.powertech-performance.com/blog/haltbarkeit-keramikversiegelung-lackschutz/;Haltbarkeit einer Keramikversiegelung;Bestand: Seitenlink;Inhalt;Keramikversiegelung;lokal auflösbar;;https://www.powertech-performance.com/blog/haltbarkeit-keramikversiegelung-lackschutz/;nein;umgesetzt;neu oder gezielt geändert;ausstehend
https://www.powertech-performance.com/luxus-aufbereitung;https://www.powertech-performance.com/pages/impressum.html;Impressum;Bestand: Seitenlink;Navigation;Keramikversiegelung;lokal auflösbar;;https://www.powertech-performance.com/pages/impressum.html;nein;umgesetzt;vorhanden, geprüft;ausstehend
https://www.powertech-performance.com/luxus-aufbereitung;https://www.powertech-performance.com/pages/datenschutz.html;Datenschutzerklärung;Bestand: Seitenlink;Navigation;Keramikversiegelung;lokal auflösbar;;https://www.powertech-performance.com/pages/datenschutz.html;nein;umgesetzt;vorhanden, geprüft;ausstehend
https://www.powertech-performance.com/luxus-aufbereitung;https://www.powertech-performance.com/pages/cookie-einstellungen.html;Cookie-Einstellungen;Bestand: Seitenlink;Navigation;Keramikversiegelung;lokal auflösbar;;https://www.powertech-performance.com/pages/cookie-einstellungen.html;nein;umgesetzt;vorhanden, geprüft;ausstehend
https://www.powertech-performance.com/luxus-aufbereitung;https://www.powertech-performance.com/pages/seitenuebersicht.html;Seitenübersicht;Bestand: Seitenlink;Navigation;Keramikversiegelung;lokal auflösbar;;https://www.powertech-performance.com/pages/seitenuebersicht.html;nein;umgesetzt;vorhanden, geprüft;ausstehend
https://www.powertech-performance.com/luxus-aufbereitung;https://www.powertech-performance.com/pages/impressum.html;Impressum;Bestand: Seitenlink;Inhalt;Keramikversiegelung;lokal auflösbar;;https://www.powertech-performance.com/pages/impressum.html;nein;umgesetzt;vorhanden, geprüft;ausstehend
https://www.powertech-performance.com/nordhausen;https://www.powertech-performance.com/;Powertech Performance Logo;Bestand: Seitenlink;Header;Einzugsgebiet;lokal auflösbar;;https://www.powertech-performance.com/;nein;umgesetzt;vorhanden, geprüft;ausstehend
https://www.powertech-performance.com/nordhausen;https://www.powertech-performance.com/nordhausen#leistungen;Autoaufbereitung;Bestand: Sprunglink;Navigation;Einzugsgebiet;lokal auflösbar;;https://www.powertech-performance.com/nordhausen;nein;umgesetzt;vorhanden, geprüft;ausstehend
https://www.powertech-performance.com/nordhausen;https://www.powertech-performance.com/nordhausen#ueber-uns;Über uns;Bestand: Sprunglink;Navigation;Einzugsgebiet;lokal auflösbar;;https://www.powertech-performance.com/nordhausen;nein;umgesetzt;vorhanden, geprüft;ausstehend
https://www.powertech-performance.com/nordhausen;https://www.powertech-performance.com/nordhausen#faq;Häufige Fragen;Bestand: Sprunglink;Navigation;Einzugsgebiet;lokal auflösbar;;https://www.powertech-performance.com/nordhausen;nein;umgesetzt;vorhanden, geprüft;ausstehend
https://www.powertech-performance.com/nordhausen;https://www.powertech-performance.com/blog/;Blog;Bestand: Seitenlink;Navigation;Einzugsgebiet;lokal auflösbar;;https://www.powertech-performance.com/blog/;nein;umgesetzt;vorhanden, geprüft;ausstehend
https://www.powertech-performance.com/nordhausen;https://www.powertech-performance.com/pages/kontakt.html;Kontakt;Bestand: Seitenlink;Navigation;Einzugsgebiet;lokal auflösbar;;https://www.powertech-performance.com/pages/kontakt.html;nein;umgesetzt;vorhanden, geprüft;ausstehend
https://www.powertech-performance.com/nordhausen;https://www.powertech-performance.com/nordhausen#kontakt;👉 Jetzt Termin für Ihre Autoaufbereitung anfragen!;Bestand: Sprunglink;Inhalt;Einzugsgebiet;lokal auflösbar;;https://www.powertech-performance.com/nordhausen;nein;umgesetzt;vorhanden, geprüft;ausstehend
https://www.powertech-performance.com/nordhausen;https://www.powertech-performance.com/nordhausen#kontakt;👉 Sofort Angebot einholen;Bestand: Sprunglink;Inhalt;Einzugsgebiet;lokal auflösbar;;https://www.powertech-performance.com/nordhausen;nein;umgesetzt;vorhanden, geprüft;ausstehend
https://www.powertech-performance.com/nordhausen;https://www.powertech-performance.com/online-termin-buchen;Besichtigungstermin anfragen;Bestand: Seitenlink;Inhalt;Einzugsgebiet;lokal auflösbar;;https://www.powertech-performance.com/online-termin-buchen;nein;umgesetzt;neu oder gezielt geändert;ausstehend
https://www.powertech-performance.com/nordhausen;https://www.powertech-performance.com/pages/kontakt.html;Kontakt zu Powertech Performance;Bestand: Seitenlink;Inhalt;Einzugsgebiet;lokal auflösbar;;https://www.powertech-performance.com/pages/kontakt.html;nein;umgesetzt;neu oder gezielt geändert;ausstehend
https://www.powertech-performance.com/nordhausen;https://www.powertech-performance.com/;Leistungsübersicht der Autoaufbereitung in Erfurt;Bestand: Seitenlink;Inhalt;Einzugsgebiet;lokal auflösbar;;https://www.powertech-performance.com/;nein;umgesetzt;neu oder gezielt geändert;ausstehend
https://www.powertech-performance.com/nordhausen;https://www.powertech-performance.com/pages/impressum.html;Impressum;Bestand: Seitenlink;Navigation;Einzugsgebiet;lokal auflösbar;;https://www.powertech-performance.com/pages/impressum.html;nein;umgesetzt;vorhanden, geprüft;ausstehend
https://www.powertech-performance.com/nordhausen;https://www.powertech-performance.com/pages/datenschutz.html;Datenschutzerklärung;Bestand: Seitenlink;Navigation;Einzugsgebiet;lokal auflösbar;;https://www.powertech-performance.com/pages/datenschutz.html;nein;umgesetzt;vorhanden, geprüft;ausstehend
https://www.powertech-performance.com/nordhausen;https://www.powertech-performance.com/pages/cookie-einstellungen.html;Cookie-Einstellungen;Bestand: Seitenlink;Navigation;Einzugsgebiet;lokal auflösbar;;https://www.powertech-performance.com/pages/cookie-einstellungen.html;nein;umgesetzt;vorhanden, geprüft;ausstehend
https://www.powertech-performance.com/nordhausen;https://www.powertech-performance.com/pages/seitenuebersicht.html;Seitenübersicht;Bestand: Seitenlink;Navigation;Einzugsgebiet;lokal auflösbar;;https://www.powertech-performance.com/pages/seitenuebersicht.html;nein;umgesetzt;vorhanden, geprüft;ausstehend
https://www.powertech-performance.com/nordhausen;https://www.powertech-performance.com/pages/impressum.html;Impressum;Bestand: Seitenlink;Inhalt;Einzugsgebiet;lokal auflösbar;;https://www.powertech-performance.com/pages/impressum.html;nein;umgesetzt;vorhanden, geprüft;ausstehend
https://www.powertech-performance.com/online-termin-buchen;https://www.powertech-performance.com/;Powertech Performance Logo;Bestand: Seitenlink;Header;Kontakt / Service / Recht;lokal auflösbar;;https://www.powertech-performance.com/;nein;umgesetzt;vorhanden, geprüft;ausstehend
https://www.powertech-performance.com/online-termin-buchen;https://www.powertech-performance.com/#leistungen;Autoaufbereitung;Bestand: Sprunglink;Navigation;Kontakt / Service / Recht;lokal auflösbar;;https://www.powertech-performance.com/;nein;umgesetzt;vorhanden, geprüft;ausstehend
https://www.powertech-performance.com/online-termin-buchen;https://www.powertech-performance.com/#standort;Standort & Kontakt;Bestand: Sprunglink;Navigation;Kontakt / Service / Recht;lokal auflösbar;;https://www.powertech-performance.com/;nein;umgesetzt;neu oder gezielt geändert;ausstehend
https://www.powertech-performance.com/online-termin-buchen;https://www.powertech-performance.com/blog/;Blog;Bestand: Seitenlink;Navigation;Kontakt / Service / Recht;lokal auflösbar;;https://www.powertech-performance.com/blog/;nein;umgesetzt;vorhanden, geprüft;ausstehend
https://www.powertech-performance.com/online-termin-buchen;https://www.powertech-performance.com/pages/kontakt.html;Kontakt;Bestand: Seitenlink;Navigation;Kontakt / Service / Recht;lokal auflösbar;;https://www.powertech-performance.com/pages/kontakt.html;nein;umgesetzt;vorhanden, geprüft;ausstehend
https://www.powertech-performance.com/online-termin-buchen;https://www.powertech-performance.com/pages/kontakt.html;Zur Kontaktseite;Bestand: Seitenlink;Sidebar;Kontakt / Service / Recht;lokal auflösbar;;https://www.powertech-performance.com/pages/kontakt.html;nein;umgesetzt;vorhanden, geprüft;ausstehend
https://www.powertech-performance.com/online-termin-buchen;https://www.powertech-performance.com/pages/impressum.html;Impressum;Bestand: Seitenlink;Navigation;Kontakt / Service / Recht;lokal auflösbar;;https://www.powertech-performance.com/pages/impressum.html;nein;umgesetzt;vorhanden, geprüft;ausstehend
https://www.powertech-performance.com/online-termin-buchen;https://www.powertech-performance.com/pages/datenschutz.html;Datenschutzerklärung;Bestand: Seitenlink;Navigation;Kontakt / Service / Recht;lokal auflösbar;;https://www.powertech-performance.com/pages/datenschutz.html;nein;umgesetzt;vorhanden, geprüft;ausstehend
https://www.powertech-performance.com/online-termin-buchen;https://www.powertech-performance.com/pages/cookie-einstellungen.html;Cookie-Einstellungen;Bestand: Seitenlink;Navigation;Kontakt / Service / Recht;lokal auflösbar;;https://www.powertech-performance.com/pages/cookie-einstellungen.html;nein;umgesetzt;vorhanden, geprüft;ausstehend
https://www.powertech-performance.com/online-termin-buchen;https://www.powertech-performance.com/pages/seitenuebersicht.html;Seitenübersicht;Bestand: Seitenlink;Navigation;Kontakt / Service / Recht;lokal auflösbar;;https://www.powertech-performance.com/pages/seitenuebersicht.html;nein;umgesetzt;vorhanden, geprüft;ausstehend
https://www.powertech-performance.com/online-termin-buchen;https://www.powertech-performance.com/pages/impressum.html;Impressum;Bestand: Seitenlink;Inhalt;Kontakt / Service / Recht;lokal auflösbar;;https://www.powertech-performance.com/pages/impressum.html;nein;umgesetzt;vorhanden, geprüft;ausstehend
https://www.powertech-performance.com/pages/agb.html;https://www.powertech-performance.com/;Powertech Performance Logo;Bestand: Seitenlink;Header;Kontakt / Service / Recht;lokal auflösbar;;https://www.powertech-performance.com/;nein;umgesetzt;vorhanden, geprüft;ausstehend
https://www.powertech-performance.com/pages/agb.html;https://www.powertech-performance.com/pages/impressum.html;Impressum;Bestand: Seitenlink;Navigation;Kontakt / Service / Recht;lokal auflösbar;;https://www.powertech-performance.com/pages/impressum.html;nein;umgesetzt;vorhanden, geprüft;ausstehend
https://www.powertech-performance.com/pages/agb.html;https://www.powertech-performance.com/pages/datenschutz.html;Datenschutzerklärung;Bestand: Seitenlink;Navigation;Kontakt / Service / Recht;lokal auflösbar;;https://www.powertech-performance.com/pages/datenschutz.html;nein;umgesetzt;vorhanden, geprüft;ausstehend
https://www.powertech-performance.com/pages/agb.html;https://www.powertech-performance.com/pages/cookie-einstellungen.html;Cookie-Einstellungen;Bestand: Seitenlink;Navigation;Kontakt / Service / Recht;lokal auflösbar;;https://www.powertech-performance.com/pages/cookie-einstellungen.html;nein;umgesetzt;vorhanden, geprüft;ausstehend
https://www.powertech-performance.com/pages/agb.html;https://www.powertech-performance.com/pages/seitenuebersicht.html;Seitenübersicht;Bestand: Seitenlink;Navigation;Kontakt / Service / Recht;lokal auflösbar;;https://www.powertech-performance.com/pages/seitenuebersicht.html;nein;umgesetzt;vorhanden, geprüft;ausstehend
https://www.powertech-performance.com/pages/agb.html;https://www.powertech-performance.com/pages/impressum.html;Impressum;Bestand: Seitenlink;Inhalt;Kontakt / Service / Recht;lokal auflösbar;;https://www.powertech-performance.com/pages/impressum.html;nein;umgesetzt;vorhanden, geprüft;ausstehend
https://www.powertech-performance.com/pages/cookie-einstellungen.html;https://www.powertech-performance.com/;Powertech Performance Logo;Bestand: Seitenlink;Header;Kontakt / Service / Recht;lokal auflösbar;;https://www.powertech-performance.com/;nein;umgesetzt;vorhanden, geprüft;ausstehend
https://www.powertech-performance.com/pages/cookie-einstellungen.html;https://www.powertech-performance.com/pages/datenschutz.html;Datenschutzerklärung;Bestand: Seitenlink;Inhalt;Kontakt / Service / Recht;lokal auflösbar;;https://www.powertech-performance.com/pages/datenschutz.html;nein;umgesetzt;vorhanden, geprüft;ausstehend
https://www.powertech-performance.com/pages/cookie-einstellungen.html;https://www.powertech-performance.com/pages/impressum.html;Impressum;Bestand: Seitenlink;Navigation;Kontakt / Service / Recht;lokal auflösbar;;https://www.powertech-performance.com/pages/impressum.html;nein;umgesetzt;vorhanden, geprüft;ausstehend
https://www.powertech-performance.com/pages/cookie-einstellungen.html;https://www.powertech-performance.com/pages/datenschutz.html;Datenschutzerklärung;Bestand: Seitenlink;Navigation;Kontakt / Service / Recht;lokal auflösbar;;https://www.powertech-performance.com/pages/datenschutz.html;nein;umgesetzt;vorhanden, geprüft;ausstehend
https://www.powertech-performance.com/pages/cookie-einstellungen.html;https://www.powertech-performance.com/pages/cookie-einstellungen.html;Cookie-Einstellungen;Bestand: Seitenlink;Navigation;Kontakt / Service / Recht;lokal auflösbar;;https://www.powertech-performance.com/pages/cookie-einstellungen.html;nein;umgesetzt;vorhanden, geprüft;ausstehend
https://www.powertech-performance.com/pages/cookie-einstellungen.html;https://www.powertech-performance.com/pages/seitenuebersicht.html;Seitenübersicht;Bestand: Seitenlink;Navigation;Kontakt / Service / Recht;lokal auflösbar;;https://www.powertech-performance.com/pages/seitenuebersicht.html;nein;umgesetzt;vorhanden, geprüft;ausstehend
https://www.powertech-performance.com/pages/datenschutz.html;https://www.powertech-performance.com/;Powertech Performance Logo;Bestand: Seitenlink;Header;Kontakt / Service / Recht;lokal auflösbar;;https://www.powertech-performance.com/;nein;umgesetzt;vorhanden, geprüft;ausstehend
https://www.powertech-performance.com/pages/datenschutz.html;https://www.powertech-performance.com/pages/impressum.html;Impressum;Bestand: Seitenlink;Navigation;Kontakt / Service / Recht;lokal auflösbar;;https://www.powertech-performance.com/pages/impressum.html;nein;umgesetzt;vorhanden, geprüft;ausstehend
https://www.powertech-performance.com/pages/datenschutz.html;https://www.powertech-performance.com/pages/datenschutz.html;Datenschutzerklärung;Bestand: Seitenlink;Navigation;Kontakt / Service / Recht;lokal auflösbar;;https://www.powertech-performance.com/pages/datenschutz.html;nein;umgesetzt;vorhanden, geprüft;ausstehend
https://www.powertech-performance.com/pages/datenschutz.html;https://www.powertech-performance.com/pages/cookie-einstellungen.html;Cookie-Einstellungen;Bestand: Seitenlink;Navigation;Kontakt / Service / Recht;lokal auflösbar;;https://www.powertech-performance.com/pages/cookie-einstellungen.html;nein;umgesetzt;vorhanden, geprüft;ausstehend
https://www.powertech-performance.com/pages/datenschutz.html;https://www.powertech-performance.com/pages/seitenuebersicht.html;Seitenübersicht;Bestand: Seitenlink;Navigation;Kontakt / Service / Recht;lokal auflösbar;;https://www.powertech-performance.com/pages/seitenuebersicht.html;nein;umgesetzt;vorhanden, geprüft;ausstehend
https://www.powertech-performance.com/pages/datenschutz.html;https://www.powertech-performance.com/pages/impressum.html;Impressum;Bestand: Seitenlink;Inhalt;Kontakt / Service / Recht;lokal auflösbar;;https://www.powertech-performance.com/pages/impressum.html;nein;umgesetzt;vorhanden, geprüft;ausstehend
https://www.powertech-performance.com/pages/impressum.html;https://www.powertech-performance.com/;Powertech Performance Logo;Bestand: Seitenlink;Header;Kontakt / Service / Recht;lokal auflösbar;;https://www.powertech-performance.com/;nein;umgesetzt;vorhanden, geprüft;ausstehend
https://www.powertech-performance.com/pages/impressum.html;https://www.powertech-performance.com/;www.powertech-performance.com;Bestand: Seitenlink;Inhalt;Kontakt / Service / Recht;lokal auflösbar;;https://www.powertech-performance.com/;nein;umgesetzt;vorhanden, geprüft;ausstehend
https://www.powertech-performance.com/pages/impressum.html;https://www.powertech-performance.com/pages/impressum.html;Impressum;Bestand: Seitenlink;Navigation;Kontakt / Service / Recht;lokal auflösbar;;https://www.powertech-performance.com/pages/impressum.html;nein;umgesetzt;vorhanden, geprüft;ausstehend
https://www.powertech-performance.com/pages/impressum.html;https://www.powertech-performance.com/pages/datenschutz.html;Datenschutzerklärung;Bestand: Seitenlink;Navigation;Kontakt / Service / Recht;lokal auflösbar;;https://www.powertech-performance.com/pages/datenschutz.html;nein;umgesetzt;vorhanden, geprüft;ausstehend
https://www.powertech-performance.com/pages/impressum.html;https://www.powertech-performance.com/pages/cookie-einstellungen.html;Cookie-Einstellungen;Bestand: Seitenlink;Navigation;Kontakt / Service / Recht;lokal auflösbar;;https://www.powertech-performance.com/pages/cookie-einstellungen.html;nein;umgesetzt;vorhanden, geprüft;ausstehend
https://www.powertech-performance.com/pages/impressum.html;https://www.powertech-performance.com/pages/seitenuebersicht.html;Seitenübersicht;Bestand: Seitenlink;Navigation;Kontakt / Service / Recht;lokal auflösbar;;https://www.powertech-performance.com/pages/seitenuebersicht.html;nein;umgesetzt;vorhanden, geprüft;ausstehend
https://www.powertech-performance.com/pages/impressum.html;https://www.powertech-performance.com/pages/impressum.html;Impressum;Bestand: Seitenlink;Inhalt;Kontakt / Service / Recht;lokal auflösbar;;https://www.powertech-performance.com/pages/impressum.html;nein;umgesetzt;vorhanden, geprüft;ausstehend
https://www.powertech-performance.com/pages/kontakt.html;https://www.powertech-performance.com/;Powertech Performance Logo;Bestand: Seitenlink;Header;Kontakt / Service / Recht;lokal auflösbar;;https://www.powertech-performance.com/;nein;umgesetzt;vorhanden, geprüft;ausstehend
https://www.powertech-performance.com/pages/kontakt.html;https://www.powertech-performance.com/#leistungen;Autoaufbereitung;Bestand: Sprunglink;Navigation;Kontakt / Service / Recht;lokal auflösbar;;https://www.powertech-performance.com/;nein;umgesetzt;vorhanden, geprüft;ausstehend
https://www.powertech-performance.com/pages/kontakt.html;https://www.powertech-performance.com/#standort;Standort & Kontakt;Bestand: Sprunglink;Navigation;Kontakt / Service / Recht;lokal auflösbar;;https://www.powertech-performance.com/;nein;umgesetzt;neu oder gezielt geändert;ausstehend
https://www.powertech-performance.com/pages/kontakt.html;https://www.powertech-performance.com/glosar;Fragen zur Aufbereitung;Bestand: Seitenlink;Navigation;Kontakt / Service / Recht;lokal auflösbar;;https://www.powertech-performance.com/glosar;nein;umgesetzt;neu oder gezielt geändert;ausstehend
https://www.powertech-performance.com/pages/kontakt.html;https://www.powertech-performance.com/blog/;Blog;Bestand: Seitenlink;Navigation;Kontakt / Service / Recht;lokal auflösbar;;https://www.powertech-performance.com/blog/;nein;umgesetzt;vorhanden, geprüft;ausstehend
https://www.powertech-performance.com/pages/kontakt.html;https://www.powertech-performance.com/pages/kontakt.html;Kontakt;Bestand: Seitenlink;Navigation;Kontakt / Service / Recht;lokal auflösbar;;https://www.powertech-performance.com/pages/kontakt.html;nein;umgesetzt;vorhanden, geprüft;ausstehend
https://www.powertech-performance.com/pages/kontakt.html;https://www.powertech-performance.com/pages/impressum.html;Impressum;Bestand: Seitenlink;Navigation;Kontakt / Service / Recht;lokal auflösbar;;https://www.powertech-performance.com/pages/impressum.html;nein;umgesetzt;vorhanden, geprüft;ausstehend
https://www.powertech-performance.com/pages/kontakt.html;https://www.powertech-performance.com/pages/datenschutz.html;Datenschutzerklärung;Bestand: Seitenlink;Navigation;Kontakt / Service / Recht;lokal auflösbar;;https://www.powertech-performance.com/pages/datenschutz.html;nein;umgesetzt;vorhanden, geprüft;ausstehend
https://www.powertech-performance.com/pages/kontakt.html;https://www.powertech-performance.com/pages/cookie-einstellungen.html;Cookie-Einstellungen;Bestand: Seitenlink;Navigation;Kontakt / Service / Recht;lokal auflösbar;;https://www.powertech-performance.com/pages/cookie-einstellungen.html;nein;umgesetzt;vorhanden, geprüft;ausstehend
https://www.powertech-performance.com/pages/kontakt.html;https://www.powertech-performance.com/pages/seitenuebersicht.html;Seitenübersicht;Bestand: Seitenlink;Navigation;Kontakt / Service / Recht;lokal auflösbar;;https://www.powertech-performance.com/pages/seitenuebersicht.html;nein;umgesetzt;vorhanden, geprüft;ausstehend
https://www.powertech-performance.com/pages/kontakt.html;https://www.powertech-performance.com/pages/impressum.html;Impressum;Bestand: Seitenlink;Inhalt;Kontakt / Service / Recht;lokal auflösbar;;https://www.powertech-performance.com/pages/impressum.html;nein;umgesetzt;vorhanden, geprüft;ausstehend
https://www.powertech-performance.com/pages/seitenuebersicht.html;https://www.powertech-performance.com/;Powertech Performance Logo;Bestand: Seitenlink;Header;Kontakt / Service / Recht;lokal auflösbar;;https://www.powertech-performance.com/;nein;umgesetzt;vorhanden, geprüft;ausstehend
https://www.powertech-performance.com/pages/seitenuebersicht.html;https://www.powertech-performance.com/#leistungen;Autoaufbereitung;Bestand: Sprunglink;Navigation;Kontakt / Service / Recht;lokal auflösbar;;https://www.powertech-performance.com/;nein;umgesetzt;vorhanden, geprüft;ausstehend
https://www.powertech-performance.com/pages/seitenuebersicht.html;https://www.powertech-performance.com/#standort;Standort & Kontakt;Bestand: Sprunglink;Navigation;Kontakt / Service / Recht;lokal auflösbar;;https://www.powertech-performance.com/;nein;umgesetzt;neu oder gezielt geändert;ausstehend
https://www.powertech-performance.com/pages/seitenuebersicht.html;https://www.powertech-performance.com/glosar;Fragen zur Aufbereitung;Bestand: Seitenlink;Navigation;Kontakt / Service / Recht;lokal auflösbar;;https://www.powertech-performance.com/glosar;nein;umgesetzt;neu oder gezielt geändert;ausstehend
https://www.powertech-performance.com/pages/seitenuebersicht.html;https://www.powertech-performance.com/blog/;Blog;Bestand: Seitenlink;Navigation;Kontakt / Service / Recht;lokal auflösbar;;https://www.powertech-performance.com/blog/;nein;umgesetzt;vorhanden, geprüft;ausstehend
https://www.powertech-performance.com/pages/seitenuebersicht.html;https://www.powertech-performance.com/pages/kontakt.html;Kontakt;Bestand: Seitenlink;Navigation;Kontakt / Service / Recht;lokal auflösbar;;https://www.powertech-performance.com/pages/kontakt.html;nein;umgesetzt;vorhanden, geprüft;ausstehend
https://www.powertech-performance.com/pages/seitenuebersicht.html;https://www.powertech-performance.com/;Startseite;Bestand: Seitenlink;Inhalt;Kontakt / Service / Recht;lokal auflösbar;;https://www.powertech-performance.com/;nein;umgesetzt;vorhanden, geprüft;ausstehend
https://www.powertech-performance.com/pages/seitenuebersicht.html;https://www.powertech-performance.com/pages/kontakt.html;Kontakt;Bestand: Seitenlink;Inhalt;Kontakt / Service / Recht;lokal auflösbar;;https://www.powertech-performance.com/pages/kontakt.html;nein;umgesetzt;vorhanden, geprüft;ausstehend
https://www.powertech-performance.com/pages/seitenuebersicht.html;https://www.powertech-performance.com/blog/;Blog;Bestand: Seitenlink;Inhalt;Kontakt / Service / Recht;lokal auflösbar;;https://www.powertech-performance.com/blog/;nein;umgesetzt;vorhanden, geprüft;ausstehend
https://www.powertech-performance.com/pages/seitenuebersicht.html;https://www.powertech-performance.com/trockeneisreinigung;Trockeneisreinigung am Fahrzeug;Bestand: Seitenlink;Inhalt;Kontakt / Service / Recht;lokal auflösbar;;https://www.powertech-performance.com/trockeneisreinigung;nein;umgesetzt;neu oder gezielt geändert;ausstehend
https://www.powertech-performance.com/pages/seitenuebersicht.html;https://www.powertech-performance.com/gotha;Autoaufbereitung Gotha;Bestand: Seitenlink;Inhalt;Kontakt / Service / Recht;lokal auflösbar;;https://www.powertech-performance.com/gotha;nein;umgesetzt;vorhanden, geprüft;ausstehend
https://www.powertech-performance.com/pages/seitenuebersicht.html;https://www.powertech-performance.com/eisenach;Autoaufbereitung Eisenach;Bestand: Seitenlink;Inhalt;Kontakt / Service / Recht;lokal auflösbar;;https://www.powertech-performance.com/eisenach;nein;umgesetzt;vorhanden, geprüft;ausstehend
https://www.powertech-performance.com/pages/seitenuebersicht.html;https://www.powertech-performance.com/nordhausen;Autoaufbereitung Nordhausen;Bestand: Seitenlink;Inhalt;Kontakt / Service / Recht;lokal auflösbar;;https://www.powertech-performance.com/nordhausen;nein;umgesetzt;vorhanden, geprüft;ausstehend
https://www.powertech-performance.com/pages/seitenuebersicht.html;https://www.powertech-performance.com/gera;Autoaufbereitung Gera;Bestand: Seitenlink;Inhalt;Kontakt / Service / Recht;lokal auflösbar;;https://www.powertech-performance.com/gera;nein;umgesetzt;vorhanden, geprüft;ausstehend
https://www.powertech-performance.com/pages/seitenuebersicht.html;https://www.powertech-performance.com/jena;Autoaufbereitung Jena;Bestand: Seitenlink;Inhalt;Kontakt / Service / Recht;lokal auflösbar;;https://www.powertech-performance.com/jena;nein;umgesetzt;vorhanden, geprüft;ausstehend
https://www.powertech-performance.com/pages/seitenuebersicht.html;https://www.powertech-performance.com/suhl;Autoaufbereitung Suhl;Bestand: Seitenlink;Inhalt;Kontakt / Service / Recht;lokal auflösbar;;https://www.powertech-performance.com/suhl;nein;umgesetzt;vorhanden, geprüft;ausstehend
https://www.powertech-performance.com/pages/seitenuebersicht.html;https://www.powertech-performance.com/chiptuning;Chiptuning;Bestand: Seitenlink;Inhalt;Kontakt / Service / Recht;lokal auflösbar;;https://www.powertech-performance.com/chiptuning;nein;umgesetzt;vorhanden, geprüft;ausstehend
https://www.powertech-performance.com/pages/seitenuebersicht.html;https://www.powertech-performance.com/luxus-aufbereitung;Luxus-Aufbereitung;Bestand: Seitenlink;Inhalt;Kontakt / Service / Recht;lokal auflösbar;;https://www.powertech-performance.com/luxus-aufbereitung;nein;umgesetzt;vorhanden, geprüft;ausstehend
https://www.powertech-performance.com/pages/seitenuebersicht.html;https://www.powertech-performance.com/adblue-service;AdBlue-Diagnose & Service;Bestand: Seitenlink;Inhalt;Kontakt / Service / Recht;lokal auflösbar;;https://www.powertech-performance.com/adblue-service;nein;umgesetzt;vorhanden, geprüft;ausstehend
https://www.powertech-performance.com/pages/seitenuebersicht.html;https://www.powertech-performance.com/ads;Autoaufbereiter in Erfurt;Bestand: Seitenlink;Inhalt;Kontakt / Service / Recht;lokal auflösbar;;https://www.powertech-performance.com/ads;nein;umgesetzt;vorhanden, geprüft;ausstehend
https://www.powertech-performance.com/pages/seitenuebersicht.html;https://www.powertech-performance.com/fahrzeugaufbereitung-aus-erfurt;Fahrzeugaufbereitung aus Erfurt;Bestand: Seitenlink;Inhalt;Kontakt / Service / Recht;lokal auflösbar;;https://www.powertech-performance.com/fahrzeugaufbereitung-aus-erfurt;nein;umgesetzt;vorhanden, geprüft;ausstehend
https://www.powertech-performance.com/pages/seitenuebersicht.html;https://www.powertech-performance.com/online-termin-buchen;Online Termin buchen;Bestand: Seitenlink;Inhalt;Kontakt / Service / Recht;lokal auflösbar;;https://www.powertech-performance.com/online-termin-buchen;nein;umgesetzt;vorhanden, geprüft;ausstehend
https://www.powertech-performance.com/pages/seitenuebersicht.html;https://www.powertech-performance.com/glosar;Glossar;Bestand: Seitenlink;Inhalt;Kontakt / Service / Recht;lokal auflösbar;;https://www.powertech-performance.com/glosar;nein;umgesetzt;vorhanden, geprüft;ausstehend
https://www.powertech-performance.com/pages/seitenuebersicht.html;https://www.powertech-performance.com/anfrage-danke;Danke-Seite;Bestand: Seitenlink;Inhalt;Kontakt / Service / Recht;lokal auflösbar;;https://www.powertech-performance.com/anfrage-danke;nein;umgesetzt;vorhanden, geprüft;ausstehend
https://www.powertech-performance.com/pages/seitenuebersicht.html;https://www.powertech-performance.com/blog/;Blog-Übersicht;Bestand: Seitenlink;Inhalt;Kontakt / Service / Recht;lokal auflösbar;;https://www.powertech-performance.com/blog/;nein;umgesetzt;vorhanden, geprüft;ausstehend
https://www.powertech-performance.com/pages/seitenuebersicht.html;https://www.powertech-performance.com/pages/impressum.html;Impressum;Bestand: Seitenlink;Inhalt;Kontakt / Service / Recht;lokal auflösbar;;https://www.powertech-performance.com/pages/impressum.html;nein;umgesetzt;vorhanden, geprüft;ausstehend
https://www.powertech-performance.com/pages/seitenuebersicht.html;https://www.powertech-performance.com/pages/datenschutz.html;Datenschutzerklärung;Bestand: Seitenlink;Inhalt;Kontakt / Service / Recht;lokal auflösbar;;https://www.powertech-performance.com/pages/datenschutz.html;nein;umgesetzt;vorhanden, geprüft;ausstehend
https://www.powertech-performance.com/pages/seitenuebersicht.html;https://www.powertech-performance.com/pages/agb.html;AGB;Bestand: Seitenlink;Inhalt;Kontakt / Service / Recht;lokal auflösbar;;https://www.powertech-performance.com/pages/agb.html;nein;umgesetzt;vorhanden, geprüft;ausstehend
https://www.powertech-performance.com/pages/seitenuebersicht.html;https://www.powertech-performance.com/pages/cookie-einstellungen.html;Cookie-Einstellungen;Bestand: Seitenlink;Inhalt;Kontakt / Service / Recht;lokal auflösbar;;https://www.powertech-performance.com/pages/cookie-einstellungen.html;nein;umgesetzt;vorhanden, geprüft;ausstehend
https://www.powertech-performance.com/pages/seitenuebersicht.html;https://www.powertech-performance.com/pages/seitenuebersicht.html;Seitenübersicht;Bestand: Seitenlink;Inhalt;Kontakt / Service / Recht;lokal auflösbar;;https://www.powertech-performance.com/pages/seitenuebersicht.html;nein;umgesetzt;vorhanden, geprüft;ausstehend
https://www.powertech-performance.com/pages/seitenuebersicht.html;https://www.powertech-performance.com/pages/impressum.html;Impressum;Bestand: Seitenlink;Navigation;Kontakt / Service / Recht;lokal auflösbar;;https://www.powertech-performance.com/pages/impressum.html;nein;umgesetzt;vorhanden, geprüft;ausstehend
https://www.powertech-performance.com/pages/seitenuebersicht.html;https://www.powertech-performance.com/pages/datenschutz.html;Datenschutzerklärung;Bestand: Seitenlink;Navigation;Kontakt / Service / Recht;lokal auflösbar;;https://www.powertech-performance.com/pages/datenschutz.html;nein;umgesetzt;vorhanden, geprüft;ausstehend
https://www.powertech-performance.com/pages/seitenuebersicht.html;https://www.powertech-performance.com/pages/seitenuebersicht.html;Seitenübersicht;Bestand: Seitenlink;Navigation;Kontakt / Service / Recht;lokal auflösbar;;https://www.powertech-performance.com/pages/seitenuebersicht.html;nein;umgesetzt;vorhanden, geprüft;ausstehend
https://www.powertech-performance.com/pages/seitenuebersicht.html;https://www.powertech-performance.com/pages/impressum.html;Impressum;Bestand: Seitenlink;Inhalt;Kontakt / Service / Recht;lokal auflösbar;;https://www.powertech-performance.com/pages/impressum.html;nein;umgesetzt;vorhanden, geprüft;ausstehend
https://www.powertech-performance.com/suhl;https://www.powertech-performance.com/;Powertech Performance Logo;Bestand: Seitenlink;Header;Einzugsgebiet;lokal auflösbar;;https://www.powertech-performance.com/;nein;umgesetzt;vorhanden, geprüft;ausstehend
https://www.powertech-performance.com/suhl;https://www.powertech-performance.com/suhl#leistungen;Autoaufbereitung;Bestand: Sprunglink;Navigation;Einzugsgebiet;lokal auflösbar;;https://www.powertech-performance.com/suhl;nein;umgesetzt;vorhanden, geprüft;ausstehend
https://www.powertech-performance.com/suhl;https://www.powertech-performance.com/suhl#ueber-uns;Über uns;Bestand: Sprunglink;Navigation;Einzugsgebiet;lokal auflösbar;;https://www.powertech-performance.com/suhl;nein;umgesetzt;vorhanden, geprüft;ausstehend
https://www.powertech-performance.com/suhl;https://www.powertech-performance.com/suhl#faq;Häufige Fragen;Bestand: Sprunglink;Navigation;Einzugsgebiet;lokal auflösbar;;https://www.powertech-performance.com/suhl;nein;umgesetzt;vorhanden, geprüft;ausstehend
https://www.powertech-performance.com/suhl;https://www.powertech-performance.com/blog/;Blog;Bestand: Seitenlink;Navigation;Einzugsgebiet;lokal auflösbar;;https://www.powertech-performance.com/blog/;nein;umgesetzt;vorhanden, geprüft;ausstehend
https://www.powertech-performance.com/suhl;https://www.powertech-performance.com/pages/kontakt.html;Kontakt;Bestand: Seitenlink;Navigation;Einzugsgebiet;lokal auflösbar;;https://www.powertech-performance.com/pages/kontakt.html;nein;umgesetzt;vorhanden, geprüft;ausstehend
https://www.powertech-performance.com/suhl;https://www.powertech-performance.com/suhl#kontakt;👉 Jetzt Termin für Ihre Autoaufbereitung anfragen!;Bestand: Sprunglink;Inhalt;Einzugsgebiet;lokal auflösbar;;https://www.powertech-performance.com/suhl;nein;umgesetzt;vorhanden, geprüft;ausstehend
https://www.powertech-performance.com/suhl;https://www.powertech-performance.com/suhl#kontakt;👉 Sofort Angebot einholen;Bestand: Sprunglink;Inhalt;Einzugsgebiet;lokal auflösbar;;https://www.powertech-performance.com/suhl;nein;umgesetzt;vorhanden, geprüft;ausstehend
https://www.powertech-performance.com/suhl;https://www.powertech-performance.com/online-termin-buchen;Besichtigungstermin anfragen;Bestand: Seitenlink;Inhalt;Einzugsgebiet;lokal auflösbar;;https://www.powertech-performance.com/online-termin-buchen;nein;umgesetzt;neu oder gezielt geändert;ausstehend
https://www.powertech-performance.com/suhl;https://www.powertech-performance.com/pages/kontakt.html;Kontakt zu Powertech Performance;Bestand: Seitenlink;Inhalt;Einzugsgebiet;lokal auflösbar;;https://www.powertech-performance.com/pages/kontakt.html;nein;umgesetzt;neu oder gezielt geändert;ausstehend
https://www.powertech-performance.com/suhl;https://www.powertech-performance.com/;Leistungsübersicht der Autoaufbereitung in Erfurt;Bestand: Seitenlink;Inhalt;Einzugsgebiet;lokal auflösbar;;https://www.powertech-performance.com/;nein;umgesetzt;neu oder gezielt geändert;ausstehend
https://www.powertech-performance.com/suhl;https://www.powertech-performance.com/pages/impressum.html;Impressum;Bestand: Seitenlink;Navigation;Einzugsgebiet;lokal auflösbar;;https://www.powertech-performance.com/pages/impressum.html;nein;umgesetzt;vorhanden, geprüft;ausstehend
https://www.powertech-performance.com/suhl;https://www.powertech-performance.com/pages/datenschutz.html;Datenschutzerklärung;Bestand: Seitenlink;Navigation;Einzugsgebiet;lokal auflösbar;;https://www.powertech-performance.com/pages/datenschutz.html;nein;umgesetzt;vorhanden, geprüft;ausstehend
https://www.powertech-performance.com/suhl;https://www.powertech-performance.com/pages/cookie-einstellungen.html;Cookie-Einstellungen;Bestand: Seitenlink;Navigation;Einzugsgebiet;lokal auflösbar;;https://www.powertech-performance.com/pages/cookie-einstellungen.html;nein;umgesetzt;vorhanden, geprüft;ausstehend
https://www.powertech-performance.com/suhl;https://www.powertech-performance.com/pages/seitenuebersicht.html;Seitenübersicht;Bestand: Seitenlink;Navigation;Einzugsgebiet;lokal auflösbar;;https://www.powertech-performance.com/pages/seitenuebersicht.html;nein;umgesetzt;vorhanden, geprüft;ausstehend
https://www.powertech-performance.com/suhl;https://www.powertech-performance.com/pages/impressum.html;Impressum;Bestand: Seitenlink;Inhalt;Einzugsgebiet;lokal auflösbar;;https://www.powertech-performance.com/pages/impressum.html;nein;umgesetzt;vorhanden, geprüft;ausstehend
https://www.powertech-performance.com/trockeneisreinigung;https://www.powertech-performance.com/;Powertech Performance Logo;Bestand: Seitenlink;Header;Trockeneisreinigung;lokal auflösbar;;https://www.powertech-performance.com/;nein;umgesetzt;neu oder gezielt geändert;ausstehend
https://www.powertech-performance.com/trockeneisreinigung;https://www.powertech-performance.com/#leistungen;Autoaufbereitung;Bestand: Sprunglink;Navigation;Trockeneisreinigung;lokal auflösbar;;https://www.powertech-performance.com/;nein;umgesetzt;neu oder gezielt geändert;ausstehend
https://www.powertech-performance.com/trockeneisreinigung;https://www.powertech-performance.com/#standort;Standort & Kontakt;Bestand: Sprunglink;Navigation;Trockeneisreinigung;lokal auflösbar;;https://www.powertech-performance.com/;nein;umgesetzt;neu oder gezielt geändert;ausstehend
https://www.powertech-performance.com/trockeneisreinigung;https://www.powertech-performance.com/blog/;Blog;Bestand: Seitenlink;Navigation;Trockeneisreinigung;lokal auflösbar;;https://www.powertech-performance.com/blog/;nein;umgesetzt;neu oder gezielt geändert;ausstehend
https://www.powertech-performance.com/trockeneisreinigung;https://www.powertech-performance.com/pages/kontakt.html;Kontakt;Bestand: Seitenlink;Navigation;Trockeneisreinigung;lokal auflösbar;;https://www.powertech-performance.com/pages/kontakt.html;nein;umgesetzt;neu oder gezielt geändert;ausstehend
https://www.powertech-performance.com/trockeneisreinigung;https://www.powertech-performance.com/pages/kontakt.html;Jetzt anfragen;Bestand: Seitenlink;Inhalt;Trockeneisreinigung;lokal auflösbar;;https://www.powertech-performance.com/pages/kontakt.html;nein;umgesetzt;neu oder gezielt geändert;ausstehend
https://www.powertech-performance.com/trockeneisreinigung;https://www.powertech-performance.com/;Autoaufbereitung;Bestand: Seitenlink;Breadcrumb;Trockeneisreinigung;lokal auflösbar;;https://www.powertech-performance.com/;nein;umgesetzt;neu oder gezielt geändert;ausstehend
https://www.powertech-performance.com/trockeneisreinigung;https://www.powertech-performance.com/blog/motorwaesche-erfurt-vorteile-kosten/;Motorraumwäsche;Bestand: Seitenlink;Inhalt;Trockeneisreinigung;lokal auflösbar;;https://www.powertech-performance.com/blog/motorwaesche-erfurt-vorteile-kosten/;nein;umgesetzt;neu oder gezielt geändert;ausstehend
https://www.powertech-performance.com/trockeneisreinigung;https://www.powertech-performance.com/online-termin-buchen;Besichtigung in Erfurt;Bestand: Seitenlink;Inhalt;Trockeneisreinigung;lokal auflösbar;;https://www.powertech-performance.com/online-termin-buchen;nein;umgesetzt;neu oder gezielt geändert;ausstehend
https://www.powertech-performance.com/trockeneisreinigung;https://www.powertech-performance.com/pages/kontakt.html;Senden Sie Ihre Fahrzeugdaten und den gewünschten Reinigungsbereich;Bestand: Seitenlink;Inhalt;Trockeneisreinigung;lokal auflösbar;;https://www.powertech-performance.com/pages/kontakt.html;nein;umgesetzt;neu oder gezielt geändert;ausstehend
https://www.powertech-performance.com/trockeneisreinigung;https://www.powertech-performance.com/#leistungen;Leistungsübersicht der Autoaufbereitung;Bestand: Sprunglink;Inhalt;Trockeneisreinigung;lokal auflösbar;;https://www.powertech-performance.com/;nein;umgesetzt;neu oder gezielt geändert;ausstehend
https://www.powertech-performance.com/trockeneisreinigung;https://www.powertech-performance.com/#leistungen;Alle Leistungen ansehen;Bestand: Sprunglink;Sidebar;Trockeneisreinigung;lokal auflösbar;;https://www.powertech-performance.com/;nein;umgesetzt;neu oder gezielt geändert;ausstehend
https://www.powertech-performance.com/trockeneisreinigung;https://www.powertech-performance.com/pages/kontakt.html;Zur Kontaktseite;Bestand: Seitenlink;Sidebar;Trockeneisreinigung;lokal auflösbar;;https://www.powertech-performance.com/pages/kontakt.html;nein;umgesetzt;neu oder gezielt geändert;ausstehend
https://www.powertech-performance.com/trockeneisreinigung;https://www.powertech-performance.com/pages/impressum.html;Impressum;Bestand: Seitenlink;Navigation;Trockeneisreinigung;lokal auflösbar;;https://www.powertech-performance.com/pages/impressum.html;nein;umgesetzt;neu oder gezielt geändert;ausstehend
https://www.powertech-performance.com/trockeneisreinigung;https://www.powertech-performance.com/pages/datenschutz.html;Datenschutzerklärung;Bestand: Seitenlink;Navigation;Trockeneisreinigung;lokal auflösbar;;https://www.powertech-performance.com/pages/datenschutz.html;nein;umgesetzt;neu oder gezielt geändert;ausstehend
https://www.powertech-performance.com/trockeneisreinigung;https://www.powertech-performance.com/pages/cookie-einstellungen.html;Cookie-Einstellungen;Bestand: Seitenlink;Navigation;Trockeneisreinigung;lokal auflösbar;;https://www.powertech-performance.com/pages/cookie-einstellungen.html;nein;umgesetzt;neu oder gezielt geändert;ausstehend
https://www.powertech-performance.com/trockeneisreinigung;https://www.powertech-performance.com/pages/seitenuebersicht.html;Seitenübersicht;Bestand: Seitenlink;Navigation;Trockeneisreinigung;lokal auflösbar;;https://www.powertech-performance.com/pages/seitenuebersicht.html;nein;umgesetzt;neu oder gezielt geändert;ausstehend
https://www.powertech-performance.com/trockeneisreinigung;https://www.powertech-performance.com/pages/impressum.html;Impressum;Bestand: Seitenlink;Inhalt;Trockeneisreinigung;lokal auflösbar;;https://www.powertech-performance.com/pages/impressum.html;nein;umgesetzt;neu oder gezielt geändert;ausstehend
https://www.powertech-performance.com/;https://www.powertech-performance.com/blog/felgenversiegelung-pflege/;versiegelte Felgen pflegen;Vorschlag, zurückgestellt;Passender Leistungsabschnitt;Autoaufbereitung;kein Bestandslink;"Kein Nachfragebeleg und keine produktspezifischen Pflegeangaben; kein zusätzlicher generischer Ratgeber.";;;nicht umgesetzt;;nicht vorhanden
https://www.powertech-performance.com/luxus-aufbereitung;https://www.powertech-performance.com/blog/felgenversiegelung-pflege/;Pflege versiegelter Felgen;Vorschlag, zurückgestellt;Passender Leistungsabschnitt;Keramikversiegelung;kein Bestandslink;"Kein Nachfragebeleg und keine produktspezifischen Pflegeangaben; kein zusätzlicher generischer Ratgeber.";;;nicht umgesetzt;;nicht vorhanden
